{"type":"FeatureCollection","features":[{"type":"Feature","properties":{"layer":"study_area","source":"GridPath prepared study area"},"geometry":{"type":"Polygon","coordinates":[[[8.421847499677078,47.39153657109979],[8.42204665824652,47.40232875727504],[8.406150906094217,47.40246290667357],[8.405954969025776,47.39167069358654],[8.421847499677078,47.39153657109979]]]}},{"type":"Feature","properties":{"layer":"buildings","osm_type":"way","osm_id":"104172985","source":"OpenStreetMap","building":"apartments"},"geometry":{"type":"Polygon","coordinates":[[[8.41066620825684,47.39964451020904],[8.410670708256816,47.3997356102091],[8.410671108256812,47.39974401020908],[8.410783608256924,47.39974141020906],[8.410892508257039,47.399739010209046],[8.410887608257061,47.399639510209],[8.41066620825684,47.39964451020904]]]}},{"type":"Feature","properties":{"layer":"buildings","osm_type":"way","osm_id":"104172986","source":"OpenStreetMap","building":"apartments"},"geometry":{"type":"Polygon","coordinates":[[[8.41066620825684,47.39964451020904],[8.410665608256844,47.399634010209084],[8.410376708256551,47.3996406102091],[8.410377308256551,47.399652610209145],[8.410381708256535,47.39974211020917],[8.410525508256674,47.399738810209136],[8.410670708256816,47.3997356102091],[8.41066620825684,47.39964451020904]]]}},{"type":"Feature","properties":{"layer":"buildings","osm_type":"way","osm_id":"104172989","source":"OpenStreetMap","building":"yes"},"geometry":{"type":"Polygon","coordinates":[[[8.411817808257954,47.39970011020875],[8.41180390825795,47.399674410208746],[8.411903808258053,47.399649710208706],[8.41182930825802,47.39951161020871],[8.411684008257865,47.399547610208764],[8.41171240825788,47.39960011020877],[8.411609008257773,47.399625610208815],[8.41166910825779,47.399736910208794],[8.411817808257954,47.39970011020875]]]}},{"type":"Feature","properties":{"layer":"buildings","osm_type":"way","osm_id":"104172990","source":"OpenStreetMap","building":"roof"},"geometry":{"type":"Polygon","coordinates":[[[8.41181480825786,47.39999741020886],[8.411809108257861,47.39998581020887],[8.411539608257575,47.400047210208946],[8.41158750825759,47.40014361020897],[8.411857008257876,47.40008231020888],[8.41181480825786,47.39999741020886]]]}},{"type":"Feature","properties":{"layer":"buildings","osm_type":"way","osm_id":"104172991","source":"OpenStreetMap","building":"yes"},"geometry":{"type":"Polygon","coordinates":[[[8.410743608257055,47.399183610208915],[8.410723408257084,47.39903871020888],[8.410697208257055,47.399040410208805],[8.410695908257061,47.39903061020886],[8.410450908256816,47.39904621020892],[8.410452508256814,47.399058010208954],[8.410433008256794,47.39905921020895],[8.410452908256767,47.399202110208975],[8.410743608257055,47.399183610208915]]]}},{"type":"Feature","properties":{"layer":"buildings","osm_type":"way","osm_id":"104172993","source":"OpenStreetMap","building":"detached"},"geometry":{"type":"Polygon","coordinates":[[[8.41054160825676,47.39951501020905],[8.410539708256769,47.399477310209036],[8.410604008256827,47.399475910209055],[8.410603308256833,47.39946221020901],[8.410683108256912,47.39946041020898],[8.410681208256928,47.399423010209006],[8.410679808256932,47.399393610209],[8.410556708256811,47.399396410208986],[8.41055730825681,47.39940771020902],[8.410526208256778,47.39940841020902],[8.410527008256775,47.399425010209065],[8.410482208256722,47.39942611020904],[8.410480608256728,47.39939321020905],[8.410421508256677,47.39939461020904],[8.410423108256667,47.399427210209055],[8.410393608256642,47.3994279102091],[8.410398108256615,47.39951821020912],[8.41054160825676,47.39951501020905]]]}},{"type":"Feature","properties":{"layer":"buildings","osm_type":"way","osm_id":"104172997","source":"OpenStreetMap","building":"apartments"},"geometry":{"type":"Polygon","coordinates":[[[8.412389508258451,47.399897210208664],[8.412122208258175,47.39994761020877],[8.412148008258182,47.400010510208745],[8.412415408258456,47.39996011020864],[8.412389508258451,47.399897210208664]]]}},{"type":"Feature","properties":{"layer":"buildings","osm_type":"way","osm_id":"104172998","source":"OpenStreetMap","building":"apartments"},"geometry":{"type":"Polygon","coordinates":[[[8.410395708256413,47.40016931020931],[8.410507308256536,47.40012931020924],[8.410500708256533,47.40012081020925],[8.410438408256498,47.40004291020925],[8.410221208256257,47.40012111020932],[8.4102895082563,47.40020751020938],[8.410395708256413,47.40016931020931]]]}},{"type":"Feature","properties":{"layer":"buildings","osm_type":"way","osm_id":"104173002","source":"OpenStreetMap","building":"apartments"},"geometry":{"type":"Polygon","coordinates":[[[8.41076750825682,47.400034210209164],[8.41085770825692,47.40000181020912],[8.410956608257028,47.399965910209055],[8.410892008256992,47.39988431020905],[8.410702508256783,47.39995271020915],[8.410761008256815,47.400026910209135],[8.41076750825682,47.400034210209164]]]}},{"type":"Feature","properties":{"layer":"buildings","osm_type":"way","osm_id":"104173005","source":"OpenStreetMap","building":"yes"},"geometry":{"type":"Polygon","coordinates":[[[8.411986108258038,47.39995851020882],[8.41181480825786,47.39999741020886],[8.411857008257876,47.40008231020888],[8.412028308258055,47.40004341020879],[8.411986108258038,47.39995851020882]]]}},{"type":"Feature","properties":{"layer":"buildings","osm_type":"way","osm_id":"104173009","source":"OpenStreetMap","building":"apartments"},"geometry":{"type":"Polygon","coordinates":[[[8.411422408257542,47.39977671020889],[8.411257908257465,47.39949501020886],[8.411129508257329,47.3995294102089],[8.411208508257367,47.3996646102089],[8.411161708257318,47.399677110208955],[8.411178908257323,47.399706510208986],[8.41121690825736,47.399696310208924],[8.4112853082574,47.39981341020893],[8.411422408257542,47.39977671020889]]]}},{"type":"Feature","properties":{"layer":"buildings","osm_type":"way","osm_id":"104173010","source":"OpenStreetMap","building":"detached"},"geometry":{"type":"Polygon","coordinates":[[[8.4108905082571,47.39950631020893],[8.410887808257112,47.39945171020893],[8.410828608257061,47.399453010208966],[8.410826908257068,47.39941961020893],[8.410681208256928,47.399423010209006],[8.410683108256912,47.39946041020898],[8.410685608256902,47.39951101020901],[8.4108905082571,47.39950631020893]]]}},{"type":"Feature","properties":{"layer":"buildings","osm_type":"way","osm_id":"104173015","source":"OpenStreetMap","building":"apartments"},"geometry":{"type":"Polygon","coordinates":[[[8.41026780825642,47.399753710209225],[8.41038220825653,47.39975121020919],[8.410381708256535,47.39974211020917],[8.410377308256551,47.399652610209145],[8.410160808256347,47.3996575102092],[8.410165708256317,47.39975611020923],[8.41026780825642,47.399753710209225]]]}},{"type":"Feature","properties":{"layer":"buildings","osm_type":"way","osm_id":"104173018","source":"OpenStreetMap","building":"yes"},"geometry":{"type":"Polygon","coordinates":[[[8.411192208257466,47.399280810208815],[8.41151840825782,47.3991966102087],[8.41163740825794,47.39916601020864],[8.411585308257916,47.39907351020863],[8.41104040825734,47.3992141102088],[8.411092508257362,47.399306610208825],[8.411192208257466,47.399280810208815]]]}},{"type":"Feature","properties":{"layer":"buildings","osm_type":"way","osm_id":"104173019","source":"OpenStreetMap","building":"apartments"},"geometry":{"type":"Polygon","coordinates":[[[8.410627208256674,47.4000753102092],[8.410761008256815,47.400026910209135],[8.410702508256783,47.39995271020915],[8.410695108256775,47.399943310209146],[8.410433808256492,47.40003701020923],[8.410438408256498,47.40004291020925],[8.410500708256533,47.40012081020925],[8.410627208256674,47.4000753102092]]]}},{"type":"Feature","properties":{"layer":"buildings","osm_type":"way","osm_id":"104173020","source":"OpenStreetMap","building":"shed"},"geometry":{"type":"Polygon","coordinates":[[[8.410842608257111,47.399323410208915],[8.410839108257123,47.399274510208905],[8.410749508257034,47.399277410208946],[8.410753008257029,47.39932631020892],[8.410842608257111,47.399323410208915]]]}},{"type":"Feature","properties":{"layer":"buildings","osm_type":"way","osm_id":"106084327","source":"OpenStreetMap","building":"roof","name":"Glanzenberg"},"geometry":{"type":"Polygon","coordinates":[[[8.419325908265543,47.398926710206375],[8.41933340826555,47.39892551020635],[8.420458008266705,47.398750210205975],[8.420561308266809,47.398734110205964],[8.420539108266809,47.39866901020596],[8.419308508265543,47.39887271020634],[8.419325908265543,47.398926710206375]]]}},{"type":"Feature","properties":{"layer":"buildings","osm_type":"way","osm_id":"114790554","source":"OpenStreetMap","building":"yes","name":"Luberzen"},"geometry":{"type":"Polygon","coordinates":[[[8.42160800826844,47.396757410205005],[8.421674708268512,47.39674131020499],[8.421712208268525,47.39681251020498],[8.421813408268635,47.396788110205],[8.421851708268647,47.39686071020498],[8.421945330584323,47.39683803671337],[8.421944582864947,47.396797518435854],[8.421906308268747,47.39672491020495],[8.421943078509049,47.396715998479095],[8.421942574003731,47.39668865964501],[8.421914508268777,47.396635410204894],[8.421808908268668,47.396660910204936],[8.42179050826866,47.396625810204945],[8.421680408268545,47.39665241020498],[8.421661308268535,47.396616210204975],[8.421548008268417,47.39664361020499],[8.42160800826844,47.396757410205005]]]}},{"type":"Feature","properties":{"layer":"buildings","osm_type":"way","osm_id":"114790556","source":"OpenStreetMap","building":"yes"},"geometry":{"type":"Polygon","coordinates":[[[8.421184708267907,47.39716311020528],[8.421319708268046,47.39713051020525],[8.421308708268043,47.39710951020522],[8.421289808268021,47.39711411020521],[8.421274808268016,47.39708571020519],[8.421234008267973,47.39709561020522],[8.421158708267889,47.397113810205276],[8.421184708267907,47.39716311020528]]]}},{"type":"Feature","properties":{"layer":"buildings","osm_type":"way","osm_id":"114790564","source":"OpenStreetMap","building":"yes"},"geometry":{"type":"Polygon","coordinates":[[[8.420332908267259,47.39652851020529],[8.420648308267598,47.3964524102052],[8.420597108267577,47.39635531020518],[8.420673008267656,47.39633701020514],[8.420658908267644,47.39631021020513],[8.420783208267778,47.39628021020512],[8.420740508267764,47.39619911020509],[8.420796608267823,47.39618551020509],[8.420741508267797,47.39608101020505],[8.420436308267478,47.39615471020516],[8.420504308267507,47.396283810205205],[8.420237808267224,47.39634811020528],[8.420332908267259,47.39652851020529]]]}},{"type":"Feature","properties":{"layer":"buildings","osm_type":"way","osm_id":"114790569","source":"OpenStreetMap","building":"yes","name":"Luberzen"},"geometry":{"type":"Polygon","coordinates":[[[8.421158708267889,47.397113810205276],[8.421234008267973,47.39709561020522],[8.421199808267959,47.397030710205236],[8.421096908267918,47.39683561020519],[8.420961708267775,47.39686831020524],[8.421098808267832,47.3971283102053],[8.421158708267889,47.397113810205276]]]}},{"type":"Feature","properties":{"layer":"buildings","osm_type":"way","osm_id":"114790571","source":"OpenStreetMap","building":"yes","name":"Kindergarten Luberzen 1+2+3"},"geometry":{"type":"Polygon","coordinates":[[[8.421473208268367,47.39656141020501],[8.42152440826842,47.39654861020498],[8.421505808268412,47.39651451020498],[8.421546308268452,47.396504410204926],[8.421574808268463,47.39655651020495],[8.421784608268691,47.396503910204935],[8.421744908268675,47.39643131020488],[8.421670008268597,47.396450110204896],[8.421619808268574,47.396358410204925],[8.421510408268455,47.39638591020491],[8.421486608268449,47.39634221020491],[8.421369408268328,47.396371610204994],[8.421473208268367,47.39656141020501]]]}},{"type":"Feature","properties":{"layer":"buildings","osm_type":"way","osm_id":"114790573","source":"OpenStreetMap","building":"school","name":"Schulhaus Luberzen"},"geometry":{"type":"Polygon","coordinates":[[[8.421234008267973,47.39709561020522],[8.421274808268016,47.39708571020519],[8.421289808268021,47.39711411020521],[8.421308708268043,47.39710951020522],[8.421315908268044,47.39710781020524],[8.421538508268283,47.397054010205146],[8.42152920826828,47.39703631020515],[8.421573308268325,47.39702571020513],[8.421527508268307,47.396938810205114],[8.421363808268133,47.39697831020516],[8.421369808268135,47.396989610205175],[8.421263808268025,47.39701521020519],[8.421199808267959,47.397030710205236],[8.421234008267973,47.39709561020522]]]}},{"type":"Feature","properties":{"layer":"buildings","osm_type":"way","osm_id":"114790574","source":"OpenStreetMap","building":"yes"},"geometry":{"type":"Polygon","coordinates":[[[8.420944408267856,47.396554710205166],[8.421008708267923,47.39653901020511],[8.421047808267936,47.396612510205124],[8.421157708268051,47.3965857102051],[8.42119610826807,47.396657710205126],[8.421306508268186,47.39663081020507],[8.421247708268163,47.39652051020509],[8.42130190826822,47.396507210205016],[8.421260408268202,47.396429210205035],[8.42114800826808,47.39645661020508],[8.421130308268074,47.39642331020502],[8.421016608267951,47.39645111020508],[8.420997208267945,47.39641481020515],[8.420884608267826,47.39644231020512],[8.420944408267856,47.396554710205166]]]}},{"type":"Feature","properties":{"layer":"buildings","osm_type":"way","osm_id":"116630057","source":"OpenStreetMap","building":"roof"},"geometry":{"type":"Polygon","coordinates":[[[8.41939760826557,47.39906701020639],[8.421300608267527,47.39877291020576],[8.421279608267522,47.39871121020574],[8.419378508265568,47.39901281020638],[8.41939760826557,47.39906701020639]]]}},{"type":"Feature","properties":{"layer":"buildings","osm_type":"way","osm_id":"119218484","source":"OpenStreetMap","building":"yes"},"geometry":{"type":"Polygon","coordinates":[[[8.419465508266144,47.39739661020583],[8.419462408266174,47.39730491020581],[8.419455808266218,47.397128010205776],[8.419451008266257,47.39700351020573],[8.419274008266074,47.39700661020577],[8.419287708265992,47.39733911020586],[8.419288508265975,47.397399310205856],[8.419465508266144,47.39739661020583]]]}},{"type":"Feature","properties":{"layer":"buildings","osm_type":"way","osm_id":"119218486","source":"OpenStreetMap","building":"yes"},"geometry":{"type":"Polygon","coordinates":[[[8.418336808264987,47.39757581020621],[8.418692108265335,47.39757581020611],[8.418692108265335,47.39756261020608],[8.418692108265375,47.39745521020608],[8.418282208264971,47.39745531020622],[8.418282208264932,47.39757581020623],[8.418336808264987,47.39757581020621]]]}},{"type":"Feature","properties":{"layer":"buildings","osm_type":"way","osm_id":"119218494","source":"OpenStreetMap","building":"yes"},"geometry":{"type":"Polygon","coordinates":[[[8.41888610826553,47.397562510206086],[8.419115608265752,47.397562510205994],[8.419115608265793,47.39744231020597],[8.41869210826538,47.39744241020607],[8.418692108265375,47.39745521020608],[8.418692108265335,47.39756261020608],[8.41888610826553,47.397562510206086]]]}},{"type":"Feature","properties":{"layer":"buildings","osm_type":"way","osm_id":"119218497","source":"OpenStreetMap","building":"yes"},"geometry":{"type":"Polygon","coordinates":[[[8.419135608265824,47.39740021020597],[8.419288508265975,47.397399310205856],[8.419287708265992,47.39733911020586],[8.419134908265844,47.39734001020589],[8.419135608265824,47.39740021020597]]]}},{"type":"Feature","properties":{"layer":"buildings","osm_type":"way","osm_id":"120059837","source":"OpenStreetMap","building":"yes"},"geometry":{"type":"Polygon","coordinates":[[[8.418449308264824,47.39847211020646],[8.418449508264832,47.398439010206445],[8.41847240826486,47.39843901020649],[8.418472408264853,47.39843511020647],[8.418470608264856,47.39843451020648],[8.418470908264865,47.39842001020643],[8.418472508264863,47.398417210206475],[8.41853680826494,47.39837311020642],[8.418555108264961,47.39836081020642],[8.418565408264975,47.398360810206405],[8.418589108264989,47.39837651020642],[8.418592608264996,47.39837391020639],[8.418591808264992,47.39837191020639],[8.418598108264998,47.39836771020639],[8.418608508265013,47.39836161020641],[8.418791108265196,47.398361210206346],[8.418803208265203,47.398367610206336],[8.418813708265207,47.39837591020635],[8.418830408265228,47.39836411020628],[8.41886490826526,47.39838741020632],[8.418951008265358,47.39832871020628],[8.418904608265326,47.39829761020629],[8.418905508265333,47.398262110206275],[8.41869990826513,47.39826241020632],[8.418558408264996,47.398262610206345],[8.418545008264987,47.398252610206356],[8.418451808264873,47.39831541020641],[8.41843440826486,47.39830411020644],[8.418289808264694,47.39840381020649],[8.41832540826472,47.39842851020649],[8.4183254082647,47.398472310206515],[8.418449308264824,47.39847211020646]]]}},{"type":"Feature","properties":{"layer":"buildings","osm_type":"way","osm_id":"120059838","source":"OpenStreetMap","building":"apartments"},"geometry":{"type":"Polygon","coordinates":[[[8.42185270826817,47.398418810205484],[8.421974212032682,47.398403050110325],[8.421972039753914,47.39828534299817],[8.421717108268075,47.39831841020548],[8.421749308268067,47.39843231020552],[8.42185270826817,47.398418810205484]]]}},{"type":"Feature","properties":{"layer":"buildings","osm_type":"way","osm_id":"120059842","source":"OpenStreetMap","building":"yes"},"geometry":{"type":"Polygon","coordinates":[[[8.41783850826426,47.39836511020658],[8.417886808264294,47.39839541020657],[8.417986808264411,47.39833341020657],[8.41795350826439,47.39830891020655],[8.41796910826441,47.3982964102066],[8.417945708264387,47.39827821020658],[8.417947108264421,47.39816201020651],[8.417971908264455,47.39814561020652],[8.41794600826444,47.3981244102065],[8.41802830826453,47.39806731020647],[8.418049608264555,47.39806771020645],[8.418067408264573,47.398068710206424],[8.418068808264579,47.39805181020644],[8.418116308264628,47.39805091020646],[8.418116508264632,47.398016010206376],[8.418119208264654,47.39795881020639],[8.418052208264594,47.3979583102064],[8.41800160826455,47.39793291020643],[8.41784780826437,47.39803811020652],[8.41784850826436,47.39806351020649],[8.417773308264277,47.398111110206585],[8.417789608264288,47.39812551020655],[8.417786708264268,47.39817451020657],[8.417768308264245,47.39818551020658],[8.417784608264258,47.39819651020656],[8.417782508264239,47.398262810206596],[8.417762608264214,47.39827241020659],[8.417780408264225,47.398283010206605],[8.417782508264226,47.39829741020662],[8.417766208264212,47.39830651020664],[8.417781808264218,47.39832051020662],[8.417782608264206,47.398364910206595],[8.41783850826426,47.39836511020658]]]}},{"type":"Feature","properties":{"layer":"buildings","osm_type":"way","osm_id":"120059844","source":"OpenStreetMap","building":"yes"},"geometry":{"type":"Polygon","coordinates":[[[8.421641508268031,47.3982083102055],[8.421648208268044,47.39819261020546],[8.421703208268097,47.39818801020544],[8.421730708268143,47.39812131020544],[8.421686408268117,47.398081410205435],[8.421696708268136,47.398056010205416],[8.421589808268031,47.39803921020542],[8.42157980826801,47.398068210205466],[8.421534408267966,47.39808391020549],[8.421497908267899,47.3981848102055],[8.421641508268031,47.3982083102055]]]}},{"type":"Feature","properties":{"layer":"buildings","osm_type":"way","osm_id":"120059847","source":"OpenStreetMap","building":"yes"},"geometry":{"type":"Polygon","coordinates":[[[8.41898840826548,47.39806441020621],[8.41898900826549,47.39803311020621],[8.419017008265515,47.39803341020619],[8.419017208265524,47.39802301020618],[8.419017808265526,47.398006910206114],[8.41909420826561,47.397954610206114],[8.419118708265634,47.39797091020611],[8.419146408265668,47.3979558102061],[8.419327108265838,47.397954310206046],[8.41933760826585,47.39796181020604],[8.419347008265854,47.39796831020607],[8.419363708265873,47.397957310206046],[8.419395808265906,47.39797951020605],[8.419490908266011,47.39791681020598],[8.419446808265981,47.39788611020603],[8.419447108265988,47.397842710205964],[8.419389208265937,47.39784251020601],[8.419365908265922,47.397826710206],[8.419339208265885,47.397844810206],[8.419316008265874,47.397829010206024],[8.419294908265842,47.39784331020603],[8.419220708265778,47.39784101020608],[8.41919290826575,47.39782601020607],[8.419161908265718,47.39784101020606],[8.419065508265625,47.39783731020609],[8.419008908265551,47.397882310206114],[8.41896680826551,47.397882310206136],[8.418923608265459,47.39791311020615],[8.41889030826543,47.397910810206135],[8.418895808265423,47.39793031020618],[8.418887008265418,47.39794081020619],[8.41885690826539,47.3979378102062],[8.418862608265385,47.39795891020617],[8.418812908265327,47.3979910102062],[8.418846008265353,47.398014410206216],[8.418844808265337,47.398063210206224],[8.41898840826548,47.39806441020621]]]}},{"type":"Feature","properties":{"layer":"buildings","osm_type":"way","osm_id":"135970501","source":"OpenStreetMap","building":"yes"},"geometry":{"type":"Polygon","coordinates":[[[8.416515008263211,47.39756221020672],[8.416671508263356,47.397563010206675],[8.41677790826346,47.397563610206646],[8.416779008263493,47.39746561020662],[8.416386108263117,47.39746361020674],[8.416385008263083,47.39756161020679],[8.416515008263211,47.39756221020672]]]}},{"type":"Feature","properties":{"layer":"buildings","osm_type":"way","osm_id":"135970507","source":"OpenStreetMap","building":"apartments"},"geometry":{"type":"Polygon","coordinates":[[[8.417340408264035,47.3974982102065],[8.416940908263646,47.397499510206586],[8.416941708263616,47.39759761020663],[8.41714000826381,47.39759691020658],[8.417341208264009,47.397596310206495],[8.417340408264035,47.3974982102065]]]}},{"type":"Feature","properties":{"layer":"buildings","osm_type":"way","osm_id":"135970508","source":"OpenStreetMap","building":"apartments"},"geometry":{"type":"Polygon","coordinates":[[[8.416019608262719,47.39756951020688],[8.416020108262734,47.397512310206835],[8.416020908262757,47.39743961020686],[8.416043408262786,47.39743931020682],[8.4160447082628,47.39738021020681],[8.416046408262828,47.397307110206775],[8.416068808262844,47.39730581020679],[8.41607010826287,47.397251010206766],[8.416071908262897,47.397177310206736],[8.41609870826292,47.39717641020672],[8.416098508262937,47.397108110206716],[8.416098708262966,47.39702841020668],[8.415952508262821,47.39703021020675],[8.41594710826277,47.39717821020679],[8.415924308262747,47.3971782102068],[8.4159203082627,47.3973116102068],[8.415898908262681,47.397311610206835],[8.415894808262637,47.397439610206895],[8.415873308262613,47.397439610206874],[8.41587600826258,47.39756671020688],[8.416019608262719,47.39756951020688]]]}},{"type":"Feature","properties":{"layer":"buildings","osm_type":"way","osm_id":"135970551","source":"OpenStreetMap","building":"yes","name":"St. Josef"},"geometry":{"type":"Polygon","coordinates":[[[8.415656308262577,47.39686321020673],[8.415672208262619,47.39680341020673],[8.415725808262732,47.396601410206635],[8.415585408262594,47.39658431020664],[8.415436908262453,47.396566210206736],[8.415367408262307,47.396828010206825],[8.415656308262577,47.39686321020673]]]}},{"type":"Feature","properties":{"layer":"buildings","osm_type":"way","osm_id":"135970598","source":"OpenStreetMap","building":"school","name":"Turnhalle Wolfsmatt"},"geometry":{"type":"Polygon","coordinates":[[[8.409484908255932,47.39885101020914],[8.40945440825591,47.39881021020917],[8.409464208255915,47.39880721020913],[8.409315608255834,47.398606910209104],[8.409306508255822,47.398609910209125],[8.409275208255806,47.39856761020909],[8.408989708255497,47.3986653102092],[8.409005408255508,47.39868601020921],[8.409021108255518,47.39870671020921],[8.409011608255506,47.39870951020923],[8.409160708255591,47.39891001020921],[8.409171308255603,47.39890681020924],[8.409200508255614,47.39894891020924],[8.409484908255932,47.39885101020914]]]}},{"type":"Feature","properties":{"layer":"buildings","osm_type":"way","osm_id":"135970599","source":"OpenStreetMap","building":"school"},"geometry":{"type":"Polygon","coordinates":[[[8.408016308254586,47.39851761020948],[8.408047108254596,47.39858741020947],[8.408042108254588,47.398589410209475],[8.408062308254594,47.39863381020947],[8.408067808254604,47.39863291020947],[8.408128608254627,47.39876831020951],[8.40812280825462,47.398769710209486],[8.408142808254622,47.39881511020951],[8.408148108254633,47.39881421020953],[8.408177108254636,47.398880110209554],[8.408172308254626,47.39888081020952],[8.408174508254627,47.39888551020954],[8.408306008254767,47.39885821020948],[8.40830350825477,47.39885391020949],[8.40829880825476,47.39885491020952],[8.408279008254752,47.39880901020946],[8.408358608254844,47.39878141020941],[8.40834970825484,47.398758510209404],[8.408340708254835,47.39873551020947],[8.408372908254874,47.39873001020941],[8.408359708254869,47.398699410209396],[8.408239108254744,47.39872321020946],[8.40819880825473,47.39862711020947],[8.40827770825482,47.39859921020938],[8.408268208254814,47.39857731020938],[8.408258808254814,47.39855551020939],[8.408292308254849,47.39854851020937],[8.408279908254844,47.39851811020939],[8.40815950825472,47.398543010209444],[8.408139808254713,47.398497610209404],[8.408144108254723,47.398496310209445],[8.40814240825472,47.39849221020942],[8.408016308254586,47.39851761020948]]]}},{"type":"Feature","properties":{"layer":"buildings","osm_type":"way","osm_id":"135970600","source":"OpenStreetMap","building":"roof"},"geometry":{"type":"Polygon","coordinates":[[[8.408335608254877,47.39858081020938],[8.408409008254921,47.398680810209385],[8.408359708254869,47.398699410209396],[8.408372908254874,47.39873001020941],[8.408340708254835,47.39873551020947],[8.40834970825484,47.398758510209404],[8.408358608254844,47.39878141020941],[8.408458408254956,47.398747310209416],[8.408591508255027,47.39892701020941],[8.408614408255055,47.39891911020942],[8.408637208255076,47.398911210209405],[8.408505208254999,47.39873091020938],[8.408604508255111,47.39869721020933],[8.408583408255101,47.39867811020933],[8.408562408255076,47.398658910209335],[8.408533808255049,47.398672710209354],[8.408506808255028,47.39864741020938],[8.408454808254973,47.39866491020936],[8.408382008254934,47.398565310209406],[8.408439208254986,47.398545910209364],[8.408418308254978,47.39852661020935],[8.408397308254967,47.398507310209375],[8.408368008254929,47.398521710209344],[8.40834110825491,47.398496810209345],[8.408279908254844,47.39851811020939],[8.408292308254849,47.39854851020937],[8.408258808254814,47.39855551020939],[8.408268208254814,47.39857731020938],[8.40827770825482,47.39859921020938],[8.408335608254877,47.39858081020938]]]}},{"type":"Feature","properties":{"layer":"buildings","osm_type":"way","osm_id":"135970601","source":"OpenStreetMap","building":"school"},"geometry":{"type":"Polygon","coordinates":[[[8.408393608254988,47.3984092102093],[8.408397108254995,47.39840761020927],[8.408440008255027,47.398446210209336],[8.40834110825491,47.398496810209345],[8.408368008254929,47.398521710209344],[8.408397308254967,47.398507310209375],[8.408418308254978,47.39852661020935],[8.408439208254986,47.398545910209364],[8.408519208255075,47.398519110209314],[8.40860600825514,47.398597410209334],[8.408506808255028,47.39864741020938],[8.408533808255049,47.398672710209354],[8.408562408255076,47.398658910209335],[8.408583408255101,47.39867811020933],[8.408604508255111,47.39869721020933],[8.408684508255197,47.398669110209305],[8.408726608255229,47.39870841020934],[8.408722908255227,47.39871001020931],[8.408726808255224,47.39871341020931],[8.40883280825535,47.39866011020927],[8.408767708255294,47.39860091020926],[8.408772008255305,47.39859881020926],[8.408730508255275,47.39856091020925],[8.408725908255272,47.398562810209256],[8.408601808255185,47.398449910209266],[8.408606408255187,47.398447610209246],[8.408564508255159,47.398410310209286],[8.40856040825515,47.398411810209275],[8.408495808255108,47.3983525102093],[8.408390108254986,47.39840601020932],[8.408393608254988,47.3984092102093]]]}},{"type":"Feature","properties":{"layer":"buildings","osm_type":"way","osm_id":"157366807","source":"OpenStreetMap","building":"apartments"},"geometry":{"type":"Polygon","coordinates":[[[8.413507608259883,47.398819910208005],[8.413534408259974,47.398581210207915],[8.413492808259937,47.398579110207905],[8.41337270825982,47.398572910207946],[8.413371608259814,47.39858311020796],[8.413345908259721,47.39881161020806],[8.413507608259883,47.398819910208005]]]}},{"type":"Feature","properties":{"layer":"buildings","osm_type":"way","osm_id":"157366870","source":"OpenStreetMap","building":"house"},"geometry":{"type":"Polygon","coordinates":[[[8.416110208263111,47.39657401020652],[8.41618980826319,47.396583810206494],[8.416270708263262,47.3965938102065],[8.416357108263346,47.3966044102065],[8.416425908263406,47.39661291020645],[8.416456508263478,47.39649911020638],[8.416381908263402,47.39649001020643],[8.416383608263411,47.39648361020642],[8.41606710826311,47.39644471020649],[8.416053708263084,47.39649451020649],[8.416070708263097,47.39649651020652],[8.41605180826306,47.39656681020656],[8.416110208263111,47.39657401020652]]]}},{"type":"Feature","properties":{"layer":"buildings","osm_type":"way","osm_id":"157366871","source":"OpenStreetMap","building":"house"},"geometry":{"type":"Polygon","coordinates":[[[8.416633208263605,47.39664511020641],[8.416707308263673,47.3966548102064],[8.416779308263738,47.39666421020636],[8.416851408263808,47.39667371020637],[8.416914508263867,47.39668201020634],[8.416948808263943,47.39656221020626],[8.416580208263596,47.39651391020642],[8.416545908263515,47.396633710206416],[8.416633208263605,47.39664511020641]]]}},{"type":"Feature","properties":{"layer":"buildings","osm_type":"way","osm_id":"182185123","source":"OpenStreetMap","building":"silo"},"geometry":{"type":"Polygon","coordinates":[[[8.40804760825616,47.39346191020782],[8.40804420825616,47.393452610207795],[8.408031308256149,47.39344601020783],[8.408014008256133,47.39344731020784],[8.40800350825612,47.39345581020786],[8.408004408256113,47.393467310207875],[8.408013908256127,47.39347421020786],[8.408025808256134,47.39347611020785],[8.408035308256148,47.393474410207894],[8.408042908256157,47.39347011020783],[8.40804760825616,47.39346191020782]]]}},{"type":"Feature","properties":{"layer":"buildings","osm_type":"way","osm_id":"182185125","source":"OpenStreetMap","building":"silo"},"geometry":{"type":"Polygon","coordinates":[[[8.407992808256108,47.39346241020786],[8.40797860825609,47.39345701020786],[8.40796440825608,47.39345971020787],[8.407957208256072,47.393466410207886],[8.407957208256065,47.39347511020786],[8.407962908256076,47.39348101020785],[8.407973708256081,47.393484410207854],[8.40798440825609,47.39348351020788],[8.407992808256104,47.393479010207834],[8.407996908256104,47.393471610207854],[8.407992808256108,47.39346241020786]]]}},{"type":"Feature","properties":{"layer":"buildings","osm_type":"way","osm_id":"182185128","source":"OpenStreetMap","building":"barn"},"geometry":{"type":"Polygon","coordinates":[[[8.40747570825559,47.39350821020802],[8.408016208256164,47.393347210207786],[8.407919808256118,47.393198810207764],[8.40737920825553,47.39335971020798],[8.40747570825559,47.39350821020802]]]}},{"type":"Feature","properties":{"layer":"buildings","osm_type":"way","osm_id":"182185137","source":"OpenStreetMap","building":"farm_auxiliary"},"geometry":{"type":"Polygon","coordinates":[[[8.407577008255787,47.39317121020788],[8.407628008255848,47.39314981020787],[8.407605808255834,47.39312551020785],[8.407554808255776,47.39314681020785],[8.407577008255787,47.39317121020788]]]}},{"type":"Feature","properties":{"layer":"buildings","osm_type":"way","osm_id":"182185144","source":"OpenStreetMap","building":"farm_auxiliary"},"geometry":{"type":"Polygon","coordinates":[[[8.408004208256083,47.393572310207894],[8.407925208256035,47.39346141020787],[8.407612008255704,47.39356371020801],[8.407691108255747,47.393674610207995],[8.408004208256083,47.393572310207894]]]}},{"type":"Feature","properties":{"layer":"buildings","osm_type":"way","osm_id":"182185156","source":"OpenStreetMap","building":"farm_auxiliary"},"geometry":{"type":"Polygon","coordinates":[[[8.40840040825664,47.39302381020757],[8.408320708256552,47.39304741020763],[8.408371008256584,47.393125210207636],[8.408450608256661,47.393101710207596],[8.40840040825664,47.39302381020757]]]}},{"type":"Feature","properties":{"layer":"buildings","osm_type":"way","osm_id":"182185167","source":"OpenStreetMap","building":"farm"},"geometry":{"type":"Polygon","coordinates":[[[8.408190808256366,47.393233710207696],[8.408210808256383,47.39326461020775],[8.408323408256505,47.39323111020769],[8.408252108256464,47.39312101020768],[8.408096908256303,47.393167110207784],[8.408148208256327,47.393246310207736],[8.408190808256366,47.393233710207696]]]}},{"type":"Feature","properties":{"layer":"buildings","osm_type":"way","osm_id":"182185194","source":"OpenStreetMap","building":"silo"},"geometry":{"type":"Polygon","coordinates":[[[8.408082808256195,47.39346121020782],[8.408093708256205,47.3934541102078],[8.40809560825621,47.3934434102078],[8.408086308256202,47.393434110207785],[8.408072208256192,47.39343131020784],[8.40805690825618,47.39343571020786],[8.408050008256167,47.393445110207836],[8.408054508256168,47.39345641020784],[8.40807090825618,47.39346261020781],[8.408082808256195,47.39346121020782]]]}},{"type":"Feature","properties":{"layer":"buildings","osm_type":"way","osm_id":"205827286","source":"OpenStreetMap","building":"manufacture"},"geometry":{"type":"Polygon","coordinates":[[[8.419555308267428,47.39349241020458],[8.41960280826747,47.39350701020452],[8.419861908267697,47.393587610204484],[8.419961008267787,47.393618210204465],[8.420064208267934,47.39346851020434],[8.419989008267864,47.39344531020442],[8.41996550826783,47.393478810204414],[8.419913708267785,47.393462810204475],[8.419915208267794,47.393460610204464],[8.419826908267712,47.39343331020448],[8.419825408267714,47.393435510204455],[8.419633908267542,47.39337631020451],[8.419555308267428,47.39349241020458]]]}},{"type":"Feature","properties":{"layer":"buildings","osm_type":"way","osm_id":"205827287","source":"OpenStreetMap","building":"commercial"},"geometry":{"type":"Polygon","coordinates":[[[8.419444608267257,47.393700110204655],[8.419447508267256,47.39371151020466],[8.419456008267261,47.39372201020464],[8.419470608267273,47.39373061020468],[8.419498308267299,47.39373911020466],[8.419613508267393,47.39377481020461],[8.419646308267438,47.39372711020462],[8.41974690826754,47.39375821020455],[8.419786408267596,47.393699510204556],[8.419861908267697,47.393587610204484],[8.41960280826747,47.39350701020452],[8.419490208267309,47.393674610204606],[8.419462008267281,47.39366581020464],[8.41944690826726,47.39368861020468],[8.419444608267257,47.393700110204655]]]}},{"type":"Feature","properties":{"layer":"buildings","osm_type":"way","osm_id":"209203240","source":"OpenStreetMap","building":"apartments"},"geometry":{"type":"Polygon","coordinates":[[[8.410932108257501,47.39832381020857],[8.411187908257775,47.398258310208455],[8.411329108257924,47.39822171020839],[8.411281108257896,47.39813691020839],[8.410740508257328,47.39827721020858],[8.41078810825735,47.39836111020862],[8.410932108257501,47.39832381020857]]]}},{"type":"Feature","properties":{"layer":"buildings","osm_type":"way","osm_id":"209203241","source":"OpenStreetMap","building":"yes"},"geometry":{"type":"Polygon","coordinates":[[[8.411391808258102,47.39783521020829],[8.411230808258033,47.39755451020822],[8.411098308257891,47.397589310208275],[8.411259308257964,47.397870010208294],[8.411391808258102,47.39783521020829]]]}},{"type":"Feature","properties":{"layer":"buildings","osm_type":"way","osm_id":"215522993","source":"OpenStreetMap","building":"kindergarten"},"geometry":{"type":"Polygon","coordinates":[[[8.409632808255948,47.39925081020921],[8.409619608255959,47.3991579102092],[8.4094522082558,47.39916991020925],[8.409284808255629,47.39918181020931],[8.409295108255618,47.3992419102093],[8.409301008255614,47.39927631020932],[8.409632808255948,47.39925081020921]]]}},{"type":"Feature","properties":{"layer":"buildings","osm_type":"way","osm_id":"215522994","source":"OpenStreetMap","building":"apartments"},"geometry":{"type":"Polygon","coordinates":[[[8.410066708256405,47.39914261020904],[8.409924508256323,47.398962910209086],[8.40971260825609,47.39904281020915],[8.409844108256172,47.39921341020915],[8.410066708256405,47.39914261020904]]]}},{"type":"Feature","properties":{"layer":"buildings","osm_type":"way","osm_id":"215523001","source":"OpenStreetMap","building":"apartments"},"geometry":{"type":"Polygon","coordinates":[[[8.411188008257586,47.39887241020869],[8.411035408257526,47.3985921102086],[8.410889808257371,47.39862871020867],[8.41104250825744,47.398909110208706],[8.411188008257586,47.39887241020869]]]}},{"type":"Feature","properties":{"layer":"buildings","osm_type":"way","osm_id":"215523006","source":"OpenStreetMap","building":"yes"},"geometry":{"type":"Polygon","coordinates":[[[8.414977808262293,47.39562581020652],[8.414920108262207,47.39571931020661],[8.414757908262045,47.39570751020662],[8.414680108261965,47.39574531020664],[8.414651208261894,47.39586391020671],[8.414726208261971,47.3958723102067],[8.414715408261948,47.39591671020671],[8.41491850826214,47.39593941020666],[8.414924108262156,47.39591641020663],[8.415113108262329,47.395937510206586],[8.415129008262367,47.3958726102066],[8.41510650826234,47.39586971020657],[8.415162708262457,47.3956783102065],[8.414977808262293,47.39562581020652]]]}},{"type":"Feature","properties":{"layer":"buildings","osm_type":"way","osm_id":"215523011","source":"OpenStreetMap","building":"apartments"},"geometry":{"type":"Polygon","coordinates":[[[8.410510108256918,47.39888181020886],[8.410418408256866,47.39875841020885],[8.410036408256452,47.39888851020899],[8.410084108256484,47.39895271020902],[8.410102508256504,47.39894641020902],[8.410146508256526,47.39900561020904],[8.410510108256918,47.39888181020886]]]}},{"type":"Feature","properties":{"layer":"buildings","osm_type":"way","osm_id":"220722154","source":"OpenStreetMap","building":"apartments"},"geometry":{"type":"Polygon","coordinates":[[[8.406917808252317,47.40243571021099],[8.407154608252618,47.4021989102109],[8.407064508252555,47.4021279102109],[8.406459799013065,47.40246033095866],[8.406878494536256,47.402456824396594],[8.406917808252317,47.40243571021099]]]}},{"type":"Feature","properties":{"layer":"buildings","osm_type":"way","osm_id":"222919545","source":"OpenStreetMap","building":"yes"},"geometry":{"type":"Polygon","coordinates":[[[8.407916908253728,47.40103451021029],[8.407761108253593,47.40094631021031],[8.407630008253433,47.40105241021038],[8.407785708253563,47.40114061021035],[8.407916908253728,47.40103451021029]]]}},{"type":"Feature","properties":{"layer":"buildings","osm_type":"way","osm_id":"222919546","source":"OpenStreetMap","building":"yes"},"geometry":{"type":"Polygon","coordinates":[[[8.408745208254944,47.39969711020963],[8.40876190825499,47.399599210209594],[8.408628008254857,47.399588710209635],[8.408611308254816,47.399686710209664],[8.408745208254944,47.39969711020963]]]}},{"type":"Feature","properties":{"layer":"buildings","osm_type":"way","osm_id":"222919548","source":"OpenStreetMap","building":"apartments"},"geometry":{"type":"Polygon","coordinates":[[[8.407937308253901,47.40051741021012],[8.40785050825383,47.40046791021017],[8.407735108253739,47.40040221021016],[8.40772630825373,47.400409210210135],[8.407605108253579,47.400506710210216],[8.407695808253653,47.4005584102102],[8.407705908253662,47.40055031021023],[8.407817408253752,47.40061381021017],[8.407937308253901,47.40051741021012]]]}},{"type":"Feature","properties":{"layer":"buildings","osm_type":"way","osm_id":"222919550","source":"OpenStreetMap","building":"yes"},"geometry":{"type":"Polygon","coordinates":[[[8.40729880825308,47.40114491021049],[8.407261908253059,47.401115610210525],[8.407231408253036,47.401091410210505],[8.407188108253004,47.40105661021052],[8.407062808252856,47.40112811021058],[8.407173908252942,47.40121721021059],[8.40729880825308,47.40114491021049]]]}},{"type":"Feature","properties":{"layer":"buildings","osm_type":"way","osm_id":"222919551","source":"OpenStreetMap","building":"detached"},"geometry":{"type":"Polygon","coordinates":[[[8.40665640825258,47.40071681021057],[8.406558108252506,47.40065031021053],[8.406462208252396,47.400715110210555],[8.406560508252468,47.40078171021059],[8.40665640825258,47.40071681021057]]]}},{"type":"Feature","properties":{"layer":"buildings","osm_type":"way","osm_id":"222919553","source":"OpenStreetMap","building":"yes"},"geometry":{"type":"Polygon","coordinates":[[[8.406602008252335,47.40135711021082],[8.406731508252488,47.401279610210715],[8.406780908252543,47.401250610210695],[8.406792008252552,47.40125921021066],[8.406770308252526,47.401271910210674],[8.406798508252548,47.4012939102107],[8.406817608252563,47.40130901021069],[8.406857508252605,47.40128591021066],[8.406874908252624,47.40129961021066],[8.406928208252682,47.40126871021065],[8.40690950825267,47.401254010210614],[8.406952008252718,47.40122941021062],[8.406889908252671,47.40118031021062],[8.406845208252625,47.40120621021066],[8.406747108252544,47.40112881021064],[8.406694808252485,47.40115911021067],[8.406710508252498,47.40117151021064],[8.406454608252206,47.401319810210815],[8.406545308252266,47.4013914102108],[8.406602008252335,47.40135711021082]]]}},{"type":"Feature","properties":{"layer":"buildings","osm_type":"way","osm_id":"222919556","source":"OpenStreetMap","building":"apartments"},"geometry":{"type":"Polygon","coordinates":[[[8.406223808252044,47.401107410210756],[8.406240208252052,47.40112011021079],[8.406307208252134,47.40108071021078],[8.40631990825214,47.40109051021075],[8.40647500825232,47.400999210210685],[8.40640670825227,47.400946010210696],[8.406378208252235,47.40096281021071],[8.406345208252205,47.40096601021071],[8.406330908252187,47.40097441021072],[8.406221408252105,47.40088961021074],[8.406123397407978,47.400947551139815],[8.4061273317247,47.40116422044997],[8.406223808252044,47.401107410210756]]]}},{"type":"Feature","properties":{"layer":"buildings","osm_type":"way","osm_id":"222919557","source":"OpenStreetMap","building":"yes"},"geometry":{"type":"Polygon","coordinates":[[[8.407641808253492,47.40089091021031],[8.407487208253372,47.40081061021032],[8.407366108253221,47.40091731021038],[8.407520608253343,47.4009977102104],[8.407641808253492,47.40089091021031]]]}},{"type":"Feature","properties":{"layer":"buildings","osm_type":"way","osm_id":"222919558","source":"OpenStreetMap","building":"yes"},"geometry":{"type":"Polygon","coordinates":[[[8.406981408252639,47.4015667102107],[8.406825808252533,47.40143271021071],[8.406686108252368,47.401507010210814],[8.406727608252405,47.40154271021078],[8.406767308252428,47.401576910210785],[8.40680520825246,47.40160961021081],[8.406841708252479,47.4016410102108],[8.406981408252639,47.4015667102107]]]}},{"type":"Feature","properties":{"layer":"buildings","osm_type":"way","osm_id":"222919560","source":"OpenStreetMap","building":"yes"},"geometry":{"type":"Polygon","coordinates":[[[8.406938208252798,47.40092131021052],[8.406854308252733,47.40085461021051],[8.406761708252667,47.400781110210566],[8.406653708252545,47.400843410210605],[8.406663508252551,47.400851110210596],[8.406831208252674,47.40098541021058],[8.406938208252798,47.40092131021052]]]}},{"type":"Feature","properties":{"layer":"buildings","osm_type":"way","osm_id":"222919561","source":"OpenStreetMap","building":"yes"},"geometry":{"type":"Polygon","coordinates":[[[8.408643608254799,47.39983191020972],[8.40867880825487,47.39973451020969],[8.408600708254792,47.39972151020965],[8.408590008254773,47.39975121020969],[8.408571908254752,47.39974821020969],[8.408547408254712,47.399815910209696],[8.408643608254799,47.39983191020972]]]}},{"type":"Feature","properties":{"layer":"buildings","osm_type":"way","osm_id":"222919562","source":"OpenStreetMap","building":"detached"},"geometry":{"type":"Polygon","coordinates":[[[8.407002008252965,47.40058791021035],[8.406885808252866,47.40052771021038],[8.406799208252757,47.40060421021045],[8.406915408252853,47.40066451021047],[8.407002008252965,47.40058791021035]]]}},{"type":"Feature","properties":{"layer":"buildings","osm_type":"way","osm_id":"222919563","source":"OpenStreetMap","building":"semidetached_house"},"geometry":{"type":"Polygon","coordinates":[[[8.408027908253876,47.40089761021019],[8.408086708253931,47.40091301021023],[8.408125008253986,47.40084581021018],[8.408087408253945,47.40083601021016],[8.408131408254018,47.40075891021013],[8.40816670825407,47.40069691021008],[8.408200508254119,47.40063771021005],[8.408227308254164,47.400590610210024],[8.408050008254003,47.400544310210115],[8.408021108253955,47.40059491021011],[8.40804290825398,47.4006006102101],[8.408033308253962,47.40061741021011],[8.408099808254022,47.400634810210065],[8.407960008253815,47.40087991021023],[8.408027908253876,47.40089761021019]]]}},{"type":"Feature","properties":{"layer":"buildings","osm_type":"way","osm_id":"222919564","source":"OpenStreetMap","building":"apartments"},"geometry":{"type":"Polygon","coordinates":[[[8.409142608255332,47.39970851020953],[8.409169208255372,47.39963581020948],[8.409123508255346,47.399589110209476],[8.409131608255356,47.39956681020949],[8.409040408255278,47.39955141020952],[8.40903040825526,47.39957911020953],[8.408964008255182,47.39960121020951],[8.408937808255136,47.39967891020958],[8.409142608255332,47.39970851020953]]]}},{"type":"Feature","properties":{"layer":"buildings","osm_type":"way","osm_id":"222919576","source":"OpenStreetMap","building":"yes"},"geometry":{"type":"Polygon","coordinates":[[[8.40723320825293,47.40143321021061],[8.407075908252816,47.401303710210584],[8.406962108252683,47.401367010210684],[8.407001908252713,47.40139991021068],[8.407045508252745,47.401436610210666],[8.407080508252774,47.40146691021065],[8.407116408252797,47.401498210210676],[8.40723320825293,47.40143321021061]]]}},{"type":"Feature","properties":{"layer":"buildings","osm_type":"way","osm_id":"222919577","source":"OpenStreetMap","building":"apartments"},"geometry":{"type":"Polygon","coordinates":[[[8.408789008254711,47.40058821020992],[8.40882230825481,47.40037571020984],[8.408906608254894,47.400381810209794],[8.408923908254945,47.40027141020978],[8.408661008254692,47.40025261020985],[8.408610508254545,47.400575310209945],[8.408789008254711,47.40058821020992]]]}},{"type":"Feature","properties":{"layer":"buildings","osm_type":"way","osm_id":"222919582","source":"OpenStreetMap","building":"apartments"},"geometry":{"type":"Polygon","coordinates":[[[8.407233608253243,47.40041411021028],[8.407182508253198,47.4003794102103],[8.407168708253186,47.40038871021027],[8.407096908253132,47.400340010210314],[8.407112008253145,47.40032981021031],[8.40707160825312,47.4003024102103],[8.40697750825301,47.40036591021032],[8.407140608253131,47.40047681021032],[8.407233608253243,47.40041411021028]]]}},{"type":"Feature","properties":{"layer":"buildings","osm_type":"way","osm_id":"222919591","source":"OpenStreetMap","building":"detached"},"geometry":{"type":"Polygon","coordinates":[[[8.408924708255054,47.399916910209654],[8.409129908255242,47.399947010209566],[8.409178308255335,47.39979581020954],[8.408881608255058,47.39975231020959],[8.408833208254963,47.399903510209676],[8.408924708255054,47.399916910209654]]]}},{"type":"Feature","properties":{"layer":"buildings","osm_type":"way","osm_id":"222919592","source":"OpenStreetMap","building":"apartments"},"geometry":{"type":"Polygon","coordinates":[[[8.407994208254076,47.40012201020997],[8.407877408253992,47.400014910209954],[8.407949608254079,47.39997871020997],[8.40811120825426,47.399898010209846],[8.408217708254384,47.3998449102098],[8.408099608254295,47.399736610209814],[8.407596608253728,47.39998791021005],[8.407689308253792,47.400072910210056],[8.407831508253894,47.40020321021003],[8.407994208254076,47.40012201020997]]]}},{"type":"Feature","properties":{"layer":"buildings","osm_type":"way","osm_id":"222919605","source":"OpenStreetMap","building":"apartments"},"geometry":{"type":"Polygon","coordinates":[[[8.409145908255212,47.40009381020964],[8.409158708255251,47.400004010209585],[8.408983508255087,47.39999251020964],[8.40897070825504,47.400082410209706],[8.409145908255212,47.40009381020964]]]}},{"type":"Feature","properties":{"layer":"buildings","osm_type":"way","osm_id":"222919606","source":"OpenStreetMap","building":"yes"},"geometry":{"type":"Polygon","coordinates":[[[8.408084708253844,47.4011740102103],[8.407970308253756,47.401110610210345],[8.407869708253623,47.40119371021035],[8.407984108253723,47.40125711021038],[8.408084708253844,47.4011740102103]]]}},{"type":"Feature","properties":{"layer":"buildings","osm_type":"way","osm_id":"222919608","source":"OpenStreetMap","building":"yes"},"geometry":{"type":"Polygon","coordinates":[[[8.407093808252693,47.40177521021075],[8.407147408252754,47.40174591021075],[8.407203208252817,47.40171551021072],[8.407257808252876,47.401685710210664],[8.40731210825294,47.401656110210624],[8.407378008253017,47.40162021021063],[8.407430608253074,47.40159171021061],[8.407323608253,47.40150261021063],[8.406956508252573,47.40170431021077],[8.407063408252654,47.401793510210794],[8.407093808252693,47.40177521021075]]]}},{"type":"Feature","properties":{"layer":"buildings","osm_type":"way","osm_id":"222919619","source":"OpenStreetMap","building":"apartments"},"geometry":{"type":"Polygon","coordinates":[[[8.408480608254582,47.40003971020981],[8.408403408254518,47.399986710209824],[8.408280508254373,47.40006881020985],[8.408357708254433,47.40012181020988],[8.408480608254582,47.40003971020981]]]}},{"type":"Feature","properties":{"layer":"buildings","osm_type":"way","osm_id":"222919628","source":"OpenStreetMap","building":"yes"},"geometry":{"type":"Polygon","coordinates":[[[8.407323308253225,47.40075201021036],[8.407194108253117,47.40068801021043],[8.407105008253007,47.40077031021045],[8.407234208253113,47.40083431021044],[8.407323308253225,47.40075201021036]]]}},{"type":"Feature","properties":{"layer":"buildings","osm_type":"way","osm_id":"222919640","source":"OpenStreetMap","building":"apartments"},"geometry":{"type":"Polygon","coordinates":[[[8.406181208251821,47.40170561021101],[8.406397308252062,47.401580110210915],[8.406488208252169,47.40152821021085],[8.406353508252073,47.40142021021088],[8.406134255106034,47.40154549814529],[8.40613762761793,47.401731223825436],[8.406181208251821,47.40170561021101]]]}},{"type":"Feature","properties":{"layer":"buildings","osm_type":"way","osm_id":"222919642","source":"OpenStreetMap","building":"apartments"},"geometry":{"type":"Polygon","coordinates":[[[8.40772630825373,47.400409210210135],[8.407592408253617,47.400322510210145],[8.407471508253531,47.40024431021018],[8.40735630825339,47.40032591021023],[8.40750770825351,47.40042381021023],[8.407493008253489,47.40043421021021],[8.407605108253579,47.400506710210216],[8.40772630825373,47.400409210210135]]]}},{"type":"Feature","properties":{"layer":"buildings","osm_type":"way","osm_id":"222919644","source":"OpenStreetMap","building":"apartments"},"geometry":{"type":"Polygon","coordinates":[[[8.408964308255236,47.39943341020946],[8.408882408255185,47.39934721020947],[8.408664308254941,47.399442110209584],[8.408746308254994,47.39952831020957],[8.408964308255236,47.39943341020946]]]}},{"type":"Feature","properties":{"layer":"buildings","osm_type":"way","osm_id":"222919649","source":"OpenStreetMap","building":"roof","name":"Agrola Dietikon"},"geometry":{"type":"Polygon","coordinates":[[[8.407937708253995,47.40020371020999],[8.407867608253913,47.40026281021001],[8.407940208253969,47.400302310210044],[8.408010308254058,47.40024321021002],[8.407937708253995,47.40020371020999]]]}},{"type":"Feature","properties":{"layer":"buildings","osm_type":"way","osm_id":"222919655","source":"OpenStreetMap","building":"yes"},"geometry":{"type":"Polygon","coordinates":[[[8.407145408252957,47.401054910210526],[8.407106308252935,47.40102551021054],[8.407077808252911,47.40100421021051],[8.407029608252873,47.40096811021049],[8.406902208252726,47.40104591021058],[8.407017908252806,47.40113271021056],[8.407145408252957,47.401054910210526]]]}},{"type":"Feature","properties":{"layer":"buildings","osm_type":"way","osm_id":"222919656","source":"OpenStreetMap","building":"apartments"},"geometry":{"type":"Polygon","coordinates":[[[8.408597508254417,47.400946110210064],[8.4086562082545,47.400865610210055],[8.408430508254304,47.40079011021007],[8.408371808254218,47.400870610210085],[8.408597508254417,47.400946110210064]]]}},{"type":"Feature","properties":{"layer":"buildings","osm_type":"way","osm_id":"222919661","source":"OpenStreetMap","building":"apartments"},"geometry":{"type":"Polygon","coordinates":[[[8.40652980825206,47.40202921021102],[8.406781408252346,47.40189321021088],[8.40688500825247,47.40183731021085],[8.406748408252366,47.40172151021083],[8.40627970825183,47.40197491021103],[8.406416308251929,47.40209061021106],[8.40652980825206,47.40202921021102]]]}},{"type":"Feature","properties":{"layer":"buildings","osm_type":"way","osm_id":"222919663","source":"OpenStreetMap","building":"yes"},"geometry":{"type":"Polygon","coordinates":[[[8.40764660825334,47.40143281021051],[8.40755110825327,47.40135401021049],[8.407442508253146,47.401414310210555],[8.407538108253213,47.40149311021053],[8.40764660825334,47.40143281021051]]]}},{"type":"Feature","properties":{"layer":"buildings","osm_type":"way","osm_id":"222919668","source":"OpenStreetMap","building":"yes"},"geometry":{"type":"Polygon","coordinates":[[[8.407616808253508,47.40077141021027],[8.407685508253598,47.400709810210266],[8.407547308253484,47.40063921021029],[8.407478608253392,47.400700810210296],[8.407616808253508,47.40077141021027]]]}},{"type":"Feature","properties":{"layer":"buildings","osm_type":"way","osm_id":"222919672","source":"OpenStreetMap","building":"garages"},"geometry":{"type":"Polygon","coordinates":[[[8.408240608254282,47.40025761020997],[8.408180408254227,47.400223510209976],[8.408056308254073,47.40032431021],[8.408116608254126,47.400358310209995],[8.408240608254282,47.40025761020997]]]}},{"type":"Feature","properties":{"layer":"buildings","osm_type":"way","osm_id":"222919673","source":"OpenStreetMap","building":"yes"},"geometry":{"type":"Polygon","coordinates":[[[8.4073796082531,47.401344210210546],[8.407505208253244,47.40127011021049],[8.40748570825323,47.40125501021048],[8.407434408253193,47.4012162102105],[8.407385008253152,47.401179110210485],[8.40733800825312,47.401143510210495],[8.407216208252988,47.40121721021053],[8.4073796082531,47.401344210210546]]]}},{"type":"Feature","properties":{"layer":"buildings","osm_type":"way","osm_id":"222919674","source":"OpenStreetMap","building":"yes"},"geometry":{"type":"Polygon","coordinates":[[[8.408469208254685,47.399655610209685],[8.408378508254621,47.39957101020969],[8.408180308254398,47.3996684102098],[8.408271108254466,47.39975301020974],[8.408469208254685,47.399655610209685]]]}},{"type":"Feature","properties":{"layer":"buildings","osm_type":"way","osm_id":"222920677","source":"OpenStreetMap","building":"apartments"},"geometry":{"type":"Polygon","coordinates":[[[8.409776308256017,47.399492410209255],[8.40977580825602,47.39948441020929],[8.409801908256044,47.399483610209245],[8.409802508256044,47.39949231020928],[8.409894108256134,47.39948961020925],[8.409886208256165,47.39936501020917],[8.409822208256102,47.39936691020923],[8.409823008256097,47.39937821020922],[8.409736308256011,47.39938071020922],[8.409735608256012,47.39936921020926],[8.409672608255955,47.399371010209265],[8.409680408255918,47.39949521020926],[8.409776308256017,47.399492410209255]]]}},{"type":"Feature","properties":{"layer":"buildings","osm_type":"way","osm_id":"222920678","source":"OpenStreetMap","building":"detached"},"geometry":{"type":"Polygon","coordinates":[[[8.412315508259024,47.397792910208],[8.412264008259006,47.397694710207986],[8.412201908258936,47.39770961020798],[8.412146508258875,47.39772311020805],[8.4121984082589,47.39782101020807],[8.412315508259024,47.397792910208]]]}},{"type":"Feature","properties":{"layer":"buildings","osm_type":"way","osm_id":"222920679","source":"OpenStreetMap","building":"detached"},"geometry":{"type":"Polygon","coordinates":[[[8.41256430825929,47.397727910207905],[8.412552908259281,47.39770691020791],[8.412536808259278,47.39767731020788],[8.412512308259265,47.397633410207916],[8.412510408259264,47.39762861020791],[8.412393008259142,47.39765791020793],[8.412447008259162,47.39775711020794],[8.41256430825929,47.397727910207905]]]}},{"type":"Feature","properties":{"layer":"buildings","osm_type":"way","osm_id":"222920680","source":"OpenStreetMap","building":"detached"},"geometry":{"type":"Polygon","coordinates":[[[8.413057808259648,47.39813611020793],[8.41301010825962,47.39805031020791],[8.412905008259514,47.39807711020792],[8.412952708259537,47.39816291020793],[8.413057808259648,47.39813611020793]]]}},{"type":"Feature","properties":{"layer":"buildings","osm_type":"way","osm_id":"222920681","source":"OpenStreetMap","building":"apartments"},"geometry":{"type":"Polygon","coordinates":[[[8.413354708259657,47.39905081020809],[8.412957108259326,47.398847310208154],[8.412850308259198,47.398942910208234],[8.412931608259258,47.39898451020817],[8.413062208259372,47.39905131020819],[8.413174508259461,47.399108810208176],[8.41324790825952,47.399146410208154],[8.413354708259657,47.39905081020809]]]}},{"type":"Feature","properties":{"layer":"buildings","osm_type":"way","osm_id":"222920682","source":"OpenStreetMap","building":"detached"},"geometry":{"type":"Polygon","coordinates":[[[8.410104008256113,47.40023351020941],[8.410062308256096,47.400151310209374],[8.409930508255956,47.400182010209434],[8.409972208255972,47.40026411020945],[8.410104008256113,47.40023351020941]]]}},{"type":"Feature","properties":{"layer":"buildings","osm_type":"way","osm_id":"222920683","source":"OpenStreetMap","building":"detached"},"geometry":{"type":"Polygon","coordinates":[[[8.41297610825972,47.39761881020775],[8.41296770825972,47.39760381020776],[8.413004508259755,47.39759431020774],[8.412958508259734,47.39751231020773],[8.412855208259629,47.39753891020775],[8.412909608259653,47.39763591020779],[8.41297610825972,47.39761881020775]]]}},{"type":"Feature","properties":{"layer":"buildings","osm_type":"way","osm_id":"222920684","source":"OpenStreetMap","building":"detached"},"geometry":{"type":"Polygon","coordinates":[[[8.412546108258727,47.39949911020851],[8.412694908258858,47.39956361020844],[8.41278690825895,47.39955031020841],[8.412845108259027,47.39948831020842],[8.412731908258927,47.399436910208394],[8.412710508258897,47.39946231020841],[8.412610508258814,47.39942011020845],[8.4126018082588,47.399430010208434],[8.412587108258785,47.39942511020844],[8.412496408258692,47.3994569102085],[8.412463608258676,47.39940571020847],[8.412331508258527,47.39948191020853],[8.412381208258562,47.399517210208536],[8.412424208258614,47.39949041020853],[8.412460208258631,47.3995323102085],[8.412546108258727,47.39949911020851]]]}},{"type":"Feature","properties":{"layer":"buildings","osm_type":"way","osm_id":"222920685","source":"OpenStreetMap","building":"school"},"geometry":{"type":"Polygon","coordinates":[[[8.408565708254914,47.39922081020953],[8.40849890825487,47.39912941020951],[8.408465608254838,47.399140610209535],[8.40827860825464,47.39920321020962],[8.408345408254675,47.3992946102096],[8.408565708254914,47.39922081020953]]]}},{"type":"Feature","properties":{"layer":"buildings","osm_type":"way","osm_id":"222920686","source":"OpenStreetMap","building":"detached"},"geometry":{"type":"Polygon","coordinates":[[[8.412362608258944,47.39821101020809],[8.412256708258829,47.39824231020815],[8.412302608258853,47.398313410208175],[8.412408508258965,47.398282110208086],[8.412362608258944,47.39821101020809]]]}},{"type":"Feature","properties":{"layer":"buildings","osm_type":"way","osm_id":"222920687","source":"OpenStreetMap","building":"apartments"},"geometry":{"type":"Polygon","coordinates":[[[8.409586608255815,47.399542710209325],[8.409578108255833,47.399449610209324],[8.409442108255702,47.39945531020936],[8.409370108255652,47.39937861020932],[8.40929280825557,47.39940301020941],[8.409352108255602,47.39948431020941],[8.409423908255665,47.39950621020936],[8.40942790825566,47.39954941020937],[8.409586608255815,47.399542710209325]]]}},{"type":"Feature","properties":{"layer":"buildings","osm_type":"way","osm_id":"222920688","source":"OpenStreetMap","building":"detached"},"geometry":{"type":"Polygon","coordinates":[[[8.412191308258816,47.398072910208114],[8.412140108258793,47.397982110208126],[8.412035408258683,47.39800921020815],[8.412086608258704,47.39809991020816],[8.412191308258816,47.398072910208114]]]}},{"type":"Feature","properties":{"layer":"buildings","osm_type":"way","osm_id":"222920689","source":"OpenStreetMap","building":"school","name":"Schulhaus Wolfsmatt"},"geometry":{"type":"Polygon","coordinates":[[[8.408829208255217,47.399059110209414],[8.408745608255169,47.398947310209394],[8.40875130825518,47.39894591020936],[8.408707608255154,47.398887810209374],[8.408637208255076,47.398911210209405],[8.408614408255055,47.39891911020942],[8.408591508255027,47.39892701020941],[8.408524108254955,47.39895051020945],[8.40856680825498,47.39900851020943],[8.408571508254983,47.399007610209466],[8.408654308255032,47.39911841020946],[8.408829208255217,47.399059110209414]]]}},{"type":"Feature","properties":{"layer":"buildings","osm_type":"way","osm_id":"222920690","source":"OpenStreetMap","building":"shed"},"geometry":{"type":"Polygon","coordinates":[[[8.409422808255433,47.40025971020962],[8.409459508255532,47.40005261020954],[8.409301108255384,47.40003971020961],[8.409264508255285,47.400246910209674],[8.409422808255433,47.40025971020962]]]}},{"type":"Feature","properties":{"layer":"buildings","osm_type":"way","osm_id":"222920691","source":"OpenStreetMap","building":"apartments"},"geometry":{"type":"Polygon","coordinates":[[[8.414253008260772,47.39828071020763],[8.414349808260887,47.39820951020758],[8.4142396082608,47.39814091020755],[8.41400580826052,47.39831311020767],[8.414116008260606,47.39838171020774],[8.414253008260772,47.39828071020763]]]}},{"type":"Feature","properties":{"layer":"buildings","osm_type":"way","osm_id":"222920693","source":"OpenStreetMap","building":"yes"},"geometry":{"type":"Polygon","coordinates":[[[8.413749708260372,47.397981810207646],[8.413635608260247,47.3980083102077],[8.413639308260251,47.398015610207665],[8.41365510826026,47.3980468102077],[8.413672608260272,47.3980427102077],[8.413687708260287,47.3980726102077],[8.41378430826038,47.39805021020768],[8.413749708260372,47.397981810207646]]]}},{"type":"Feature","properties":{"layer":"buildings","osm_type":"way","osm_id":"222920694","source":"OpenStreetMap","building":"apartments"},"geometry":{"type":"Polygon","coordinates":[[[8.414564008261147,47.398069210207424],[8.414729608261343,47.397955010207355],[8.414826308261457,47.39788841020732],[8.41471350826137,47.39781341020735],[8.414570808261194,47.39791181020739],[8.414543108261178,47.39789331020741],[8.414354108260943,47.39802361020751],[8.41449470826106,47.39811701020752],[8.414564008261147,47.398069210207424]]]}},{"type":"Feature","properties":{"layer":"buildings","osm_type":"way","osm_id":"222920695","source":"OpenStreetMap","building":"apartments"},"geometry":{"type":"Polygon","coordinates":[[[8.41221080825836,47.39962571020859],[8.412334208258503,47.39956031020858],[8.412267908258453,47.39950311020858],[8.412269808258458,47.39950201020854],[8.41226080825845,47.399494210208566],[8.412248808258441,47.39948391020861],[8.412123508258299,47.39955041020863],[8.41221080825836,47.39962571020859]]]}},{"type":"Feature","properties":{"layer":"buildings","osm_type":"way","osm_id":"222920696","source":"OpenStreetMap","building":"apartments"},"geometry":{"type":"Polygon","coordinates":[[[8.412087108258529,47.39867001020831],[8.411908708258446,47.39835861020829],[8.411777508258309,47.39839301020832],[8.411819608258329,47.398466510208344],[8.411907708258372,47.39862031020838],[8.41195590825839,47.39870441020841],[8.412087108258529,47.39867001020831]]]}},{"type":"Feature","properties":{"layer":"buildings","osm_type":"way","osm_id":"222920697","source":"OpenStreetMap","building":"detached"},"geometry":{"type":"Polygon","coordinates":[[[8.413261908259859,47.39808961020782],[8.413213808259844,47.39799891020783],[8.41310180825972,47.398026110207844],[8.41314980825974,47.39811681020786],[8.413261908259859,47.39808961020782]]]}},{"type":"Feature","properties":{"layer":"buildings","osm_type":"way","osm_id":"222920698","source":"OpenStreetMap","building":"detached"},"geometry":{"type":"Polygon","coordinates":[[[8.413003708259208,47.399416310208345],[8.412915608259121,47.399385910208316],[8.412865408259053,47.399452410208376],[8.412953508259132,47.39948291020839],[8.413003708259208,47.399416310208345]]]}},{"type":"Feature","properties":{"layer":"buildings","osm_type":"way","osm_id":"222920699","source":"OpenStreetMap","building":"yes"},"geometry":{"type":"Polygon","coordinates":[[[8.414315408260947,47.39790261020749],[8.414282508260943,47.397829210207455],[8.414169908260824,47.39785231020752],[8.414202808260828,47.3979257102075],[8.414315408260947,47.39790261020749]]]}},{"type":"Feature","properties":{"layer":"buildings","osm_type":"way","osm_id":"222920700","source":"OpenStreetMap","building":"apartments"},"geometry":{"type":"Polygon","coordinates":[[[8.412844408259298,47.39859201020809],[8.413096608259535,47.398606910208066],[8.413235708259672,47.39861511020803],[8.413247908259713,47.39852051020795],[8.41274250825923,47.39849061020812],[8.412730308259187,47.39858521020816],[8.412844408259298,47.39859201020809]]]}},{"type":"Feature","properties":{"layer":"buildings","osm_type":"way","osm_id":"222920701","source":"OpenStreetMap","building":"detached"},"geometry":{"type":"Polygon","coordinates":[[[8.413100108259776,47.3978418102078],[8.413090708259775,47.39782381020777],[8.4131161082598,47.39781771020779],[8.413076308259782,47.39774131020779],[8.413053008259757,47.397746910207786],[8.413037008259751,47.39771621020779],[8.41295880825967,47.3977349102078],[8.413024008259693,47.397860010207836],[8.413100108259776,47.3978418102078]]]}},{"type":"Feature","properties":{"layer":"buildings","osm_type":"way","osm_id":"222920702","source":"OpenStreetMap","building":"detached"},"geometry":{"type":"Polygon","coordinates":[[[8.412426808259065,47.39800451020802],[8.412378908259042,47.39792851020798],[8.412271308258926,47.39795961020808],[8.412319308258947,47.39803561020807],[8.412426808259065,47.39800451020802]]]}},{"type":"Feature","properties":{"layer":"buildings","osm_type":"way","osm_id":"222920703","source":"OpenStreetMap","building":"yes"},"geometry":{"type":"Polygon","coordinates":[[[8.41231450825873,47.39875341020833],[8.412589508258991,47.3987617102082],[8.412706308259102,47.398765310208184],[8.412711908259139,47.398681010208186],[8.412210408258646,47.39866571020833],[8.412204808258625,47.39875011020835],[8.41231450825873,47.39875341020833]]]}},{"type":"Feature","properties":{"layer":"buildings","osm_type":"way","osm_id":"222920704","source":"OpenStreetMap","building":"detached"},"geometry":{"type":"Polygon","coordinates":[[[8.413025408259287,47.399211710208256],[8.412919708259194,47.399175710208276],[8.41287250825913,47.39923921020828],[8.412978208259219,47.39927521020826],[8.413025408259287,47.399211710208256]]]}},{"type":"Feature","properties":{"layer":"buildings","osm_type":"way","osm_id":"222920705","source":"OpenStreetMap","building":"detached"},"geometry":{"type":"Polygon","coordinates":[[[8.41281570825955,47.39766361020784],[8.412802908259552,47.39764141020783],[8.412761808259527,47.39756801020781],[8.412643608259403,47.39759831020781],[8.412697708259428,47.397694710207844],[8.41281570825955,47.39766361020784]]]}},{"type":"Feature","properties":{"layer":"buildings","osm_type":"way","osm_id":"222920706","source":"OpenStreetMap","building":"detached"},"geometry":{"type":"Polygon","coordinates":[[[8.412929408259597,47.39788501020786],[8.412884908259587,47.39779461020782],[8.412761008259453,47.397822610207925],[8.412805508259469,47.39791301020786],[8.412929408259597,47.39788501020786]]]}},{"type":"Feature","properties":{"layer":"buildings","osm_type":"way","osm_id":"222920707","source":"OpenStreetMap","building":"apartments"},"geometry":{"type":"Polygon","coordinates":[[[8.413892408260383,47.39840251020777],[8.413770008260325,47.39820041020772],[8.413636808260183,47.39823741020777],[8.413699008260211,47.39834021020776],[8.41375910826024,47.39843941020781],[8.413892408260383,47.39840251020777]]]}},{"type":"Feature","properties":{"layer":"buildings","osm_type":"way","osm_id":"222920709","source":"OpenStreetMap","building":"garage"},"geometry":{"type":"Polygon","coordinates":[[[8.41027990825652,47.3994504102091],[8.410272008256541,47.39936521020907],[8.410224008256494,47.39936731020912],[8.410225908256493,47.3993868102091],[8.41018210825645,47.39938871020914],[8.410187808256431,47.399449310209135],[8.410188308256426,47.399454410209145],[8.41027990825652,47.3994504102091]]]}},{"type":"Feature","properties":{"layer":"buildings","osm_type":"way","osm_id":"222920711","source":"OpenStreetMap","building":"yes"},"geometry":{"type":"Polygon","coordinates":[[[8.412758608259306,47.39828411020799],[8.41277400825932,47.39827981020804],[8.412767308259319,47.398268610208035],[8.412742708259305,47.39822771020799],[8.41262300825918,47.398260610208084],[8.4126616082592,47.39832501020805],[8.41276590825931,47.398296310208075],[8.412758608259306,47.39828411020799]]]}},{"type":"Feature","properties":{"layer":"buildings","osm_type":"way","osm_id":"222920714","source":"OpenStreetMap","building":"industrial"},"geometry":{"type":"Polygon","coordinates":[[[8.412302008258512,47.39943611020854],[8.412425308258653,47.39936871020846],[8.412284408258548,47.3992507102085],[8.412294408258557,47.39924521020845],[8.41212660825844,47.39910471020844],[8.411993308258287,47.39917751020856],[8.412302008258512,47.39943611020854]]]}},{"type":"Feature","properties":{"layer":"buildings","osm_type":"way","osm_id":"222920716","source":"OpenStreetMap","building":"detached"},"geometry":{"type":"Polygon","coordinates":[[[8.409434808255355,47.400565810209734],[8.409399908255342,47.4004859102097],[8.409335508255277,47.40049861020973],[8.409295308255253,47.40045501020968],[8.409182608255131,47.400482310209746],[8.409169208255099,47.4005458102098],[8.409220208255123,47.40062751020979],[8.409434808255355,47.400565810209734]]]}},{"type":"Feature","properties":{"layer":"buildings","osm_type":"way","osm_id":"222920718","source":"OpenStreetMap","building":"yes"},"geometry":{"type":"Polygon","coordinates":[[[8.414024308260638,47.39797681020758],[8.414033008260642,47.39799321020759],[8.414090408260703,47.39797761020755],[8.414069908260696,47.397934610207535],[8.41408930826072,47.39792871020752],[8.414075908260712,47.39789881020755],[8.414052408260687,47.39790371020755],[8.414031208260683,47.39786591020757],[8.41386480826051,47.39789171020758],[8.41392330826053,47.39800411020761],[8.414024308260638,47.39797681020758]]]}},{"type":"Feature","properties":{"layer":"buildings","osm_type":"way","osm_id":"222920721","source":"OpenStreetMap","building":"detached"},"geometry":{"type":"Polygon","coordinates":[[[8.412680808259333,47.39794081020791],[8.412628108259309,47.39785881020792],[8.412521208259191,47.39789031020799],[8.41257400825922,47.397972310208004],[8.412680808259333,47.39794081020791]]]}},{"type":"Feature","properties":{"layer":"buildings","osm_type":"way","osm_id":"222920723","source":"OpenStreetMap","building":"detached"},"geometry":{"type":"Polygon","coordinates":[[[8.41206960825876,47.39785641020807],[8.412013908258736,47.39776201020807],[8.411908108258624,47.3977906102081],[8.411963708258648,47.39788501020812],[8.41206960825876,47.39785641020807]]]}},{"type":"Feature","properties":{"layer":"buildings","osm_type":"way","osm_id":"222920724","source":"OpenStreetMap","building":"detached"},"geometry":{"type":"Polygon","coordinates":[[[8.413237708259759,47.398328210207914],[8.413260108259768,47.398369510207885],[8.413315408259828,47.39835581020789],[8.413385908259903,47.398338310207876],[8.413348708259893,47.398269510207875],[8.413223308259756,47.3983006102079],[8.413199908259747,47.3982575102079],[8.413093208259639,47.39828391020795],[8.413131508259656,47.39835461020796],[8.413180108259706,47.39834251020795],[8.413237708259759,47.398328210207914]]]}},{"type":"Feature","properties":{"layer":"buildings","osm_type":"way","osm_id":"222943688","source":"OpenStreetMap","building":"apartments"},"geometry":{"type":"Polygon","coordinates":[[[8.407054508253307,47.39963821021008],[8.407205508253474,47.39956431021001],[8.407110408253406,47.39947531021004],[8.406795308253054,47.39962961021017],[8.406890508253118,47.39971861021015],[8.407054508253307,47.39963821021008]]]}},{"type":"Feature","properties":{"layer":"buildings","osm_type":"way","osm_id":"222943694","source":"OpenStreetMap","building":"apartments"},"geometry":{"type":"Polygon","coordinates":[[[8.406398308252552,47.39999881021041],[8.406387908252544,47.3999898102104],[8.406600108252785,47.399876410210304],[8.406590508252775,47.39986821021028],[8.406683408252885,47.399818510210245],[8.406580008252808,47.39972981021025],[8.406476108252694,47.39978541021032],[8.406486408252702,47.399794210210295],[8.40627400825246,47.39990761021042],[8.406285608252466,47.39991751021039],[8.406185308252352,47.39997111021046],[8.40628690825242,47.40005831021043],[8.406398308252552,47.39999881021041]]]}},{"type":"Feature","properties":{"layer":"buildings","osm_type":"way","osm_id":"222943702","source":"OpenStreetMap","building":"apartments"},"geometry":{"type":"Polygon","coordinates":[[[8.406632708252705,47.40023771021039],[8.406750508252841,47.40016511021035],[8.40690150825302,47.400072010210266],[8.406955808253084,47.40003851021024],[8.406804608252969,47.399926110210245],[8.406425108252526,47.40016021021043],[8.40657630825264,47.40027251021044],[8.406632708252705,47.40023771021039]]]}},{"type":"Feature","properties":{"layer":"buildings","osm_type":"way","osm_id":"222943706","source":"OpenStreetMap","building":"apartments"},"geometry":{"type":"Polygon","coordinates":[[[8.40673400825305,47.39944461021013],[8.406922408253255,47.39935721020998],[8.406835308253203,47.39927121021007],[8.406475608252801,47.39943831021018],[8.406562608252859,47.39952421021018],[8.40673400825305,47.39944461021013]]]}},{"type":"Feature","properties":{"layer":"buildings","osm_type":"way","osm_id":"222943708","source":"OpenStreetMap","building":"office"},"geometry":{"type":"Polygon","coordinates":[[[8.40630510825232,47.40045631021055],[8.406198708252244,47.40035441021054],[8.406113367605965,47.40039518533086],[8.406116118057605,47.40054666060597],[8.40630510825232,47.40045631021055]]]}},{"type":"Feature","properties":{"layer":"buildings","osm_type":"way","osm_id":"222943709","source":"OpenStreetMap","building":"apartments"},"geometry":{"type":"Polygon","coordinates":[[[8.40724080825341,47.39989241021015],[8.407427508253623,47.399801310210016],[8.407328808253554,47.39970871021006],[8.406970208253147,47.399883810210184],[8.407068808253214,47.39997641021017],[8.40724080825341,47.39989241021015]]]}},{"type":"Feature","properties":{"layer":"buildings","osm_type":"way","osm_id":"223122719","source":"OpenStreetMap","building":"apartments"},"geometry":{"type":"Polygon","coordinates":[[[8.415698508263187,47.394993910206146],[8.415912508263421,47.39492741020605],[8.41606210826358,47.39488091020599],[8.416162808263692,47.394849710205946],[8.41608860826365,47.394740310205954],[8.415526108263048,47.394915210206165],[8.415600308263084,47.39502451020618],[8.415698508263187,47.394993910206146]]]}},{"type":"Feature","properties":{"layer":"buildings","osm_type":"way","osm_id":"223122721","source":"OpenStreetMap","building":"yes"},"geometry":{"type":"Polygon","coordinates":[[[8.416876408263644,47.397279110206554],[8.417024708263792,47.39729361020649],[8.417141508263896,47.397303710206515],[8.417163408263955,47.397187110206445],[8.416745308263556,47.39715111020652],[8.416723408263502,47.39726781020658],[8.416876408263644,47.397279110206554]]]}},{"type":"Feature","properties":{"layer":"buildings","osm_type":"way","osm_id":"223122722","source":"OpenStreetMap","building":"apartments"},"geometry":{"type":"Polygon","coordinates":[[[8.417154208264085,47.396741110206285],[8.417318808264243,47.39675501020623],[8.417483808264397,47.396768810206204],[8.4175908082645,47.39677781020614],[8.417612408264556,47.396659010206115],[8.41709050826406,47.39661551020624],[8.417068908264007,47.39673431020634],[8.417154208264085,47.396741110206285]]]}},{"type":"Feature","properties":{"layer":"buildings","osm_type":"way","osm_id":"223122723","source":"OpenStreetMap","building":"yes"},"geometry":{"type":"Polygon","coordinates":[[[8.415897608263629,47.39419571020583],[8.416004808263773,47.39408131020578],[8.415923008263693,47.394061710205754],[8.415817108263559,47.394180210205825],[8.415897608263629,47.39419571020583]]]}},{"type":"Feature","properties":{"layer":"buildings","osm_type":"way","osm_id":"223122724","source":"OpenStreetMap","building":"yes"},"geometry":{"type":"Polygon","coordinates":[[[8.41602150826375,47.39418941020579],[8.416088708263844,47.394103010205725],[8.416035708263799,47.39408421020577],[8.415968608263706,47.394170610205784],[8.41602150826375,47.39418941020579]]]}},{"type":"Feature","properties":{"layer":"buildings","osm_type":"way","osm_id":"223122725","source":"OpenStreetMap","building":"apartments"},"geometry":{"type":"Polygon","coordinates":[[[8.415940308263327,47.395344910206205],[8.415950808263318,47.39536261020618],[8.416034808263413,47.39533991020613],[8.416025508263411,47.39532421020617],[8.416050908263438,47.39531741020614],[8.415943608263387,47.39513611020612],[8.415710008263137,47.3951995102062],[8.415771408263168,47.39530321020622],[8.415757508263152,47.39530701020622],[8.415802108263176,47.39538241020625],[8.415940308263327,47.395344910206205]]]}},{"type":"Feature","properties":{"layer":"buildings","osm_type":"way","osm_id":"223122726","source":"OpenStreetMap","building":"apartments"},"geometry":{"type":"Polygon","coordinates":[[[8.413150208260008,47.39725601020758],[8.413135308259974,47.39728851020763],[8.413221308260061,47.3973066102076],[8.413234608260074,47.397277510207616],[8.413293808260137,47.39728991020754],[8.413320408260182,47.39723181020754],[8.413355408260237,47.39715691020749],[8.413330808260213,47.39715161020755],[8.413343308260234,47.397125110207504],[8.413380508260294,47.39704651020749],[8.413352308260265,47.39704031020744],[8.413367708260292,47.39700781020743],[8.413397208260342,47.396946010207394],[8.413333008260283,47.396932010207436],[8.4133420082603,47.396913010207435],[8.413255408260218,47.39689401020749],[8.413240508260195,47.39692531020748],[8.413215608260169,47.39691981020746],[8.413169008260093,47.39701741020751],[8.413197108260116,47.39702361020749],[8.413142308260037,47.39713851020757],[8.413168808260055,47.397144310207594],[8.413118708259978,47.3972494102076],[8.413150208260008,47.39725601020758]]]}},{"type":"Feature","properties":{"layer":"buildings","osm_type":"way","osm_id":"223122727","source":"OpenStreetMap","building":"kindergarten"},"geometry":{"type":"Polygon","coordinates":[[[8.415050608262156,47.39631221020673],[8.415043008262133,47.39634501020675],[8.415117508262204,47.39636081020672],[8.415128508262226,47.39632051020674],[8.4151599082623,47.39618801020667],[8.415047108262195,47.39617541020667],[8.415022508262135,47.39627861020674],[8.4149855082621,47.39627521020674],[8.414980608262088,47.396299410206765],[8.41501670826212,47.396303110206745],[8.415015408262118,47.396308410206764],[8.415050608262156,47.39631221020673]]]}},{"type":"Feature","properties":{"layer":"buildings","osm_type":"way","osm_id":"223122728","source":"OpenStreetMap","building":"yes"},"geometry":{"type":"Polygon","coordinates":[[[8.41470650826142,47.39760141020723],[8.414707508261424,47.397593210207255],[8.414807808261529,47.39759861020723],[8.41481680826156,47.3975220102072],[8.414825608261586,47.39744681020718],[8.414735108261496,47.39744191020718],[8.414736308261503,47.39743251020718],[8.41460420826138,47.397425410207234],[8.414584308261304,47.3975948102073],[8.41470650826142,47.39760141020723]]]}},{"type":"Feature","properties":{"layer":"buildings","osm_type":"way","osm_id":"223122729","source":"OpenStreetMap","building":"apartments"},"geometry":{"type":"Polygon","coordinates":[[[8.414993608262394,47.39535091020645],[8.4149981082624,47.39532901020644],[8.415174008262571,47.395345410206424],[8.415188408262607,47.39527471020638],[8.415174108262592,47.3952734102064],[8.415180308262606,47.395242610206374],[8.415160908262592,47.39524081020635],[8.415178508262633,47.39515401020634],[8.415075808262534,47.39514441020636],[8.415073908262531,47.39515371020637],[8.414967808262427,47.39514381020638],[8.414965308262426,47.395155710206375],[8.414902508262362,47.39514981020641],[8.414888908262325,47.39521701020645],[8.414918808262355,47.39521971020647],[8.414906008262328,47.39528311020651],[8.414885208262305,47.395281210206456],[8.414876808262282,47.3953227102065],[8.4148973082623,47.39532471020647],[8.414893808262299,47.395341610206486],[8.414993608262394,47.39535091020645]]]}},{"type":"Feature","properties":{"layer":"buildings","osm_type":"way","osm_id":"223122731","source":"OpenStreetMap","building":"yes"},"geometry":{"type":"Polygon","coordinates":[[[8.413906108261182,47.3958272102069],[8.413962508261244,47.395792210206885],[8.414033008261333,47.39574851020684],[8.414095008261379,47.39579441020688],[8.414173208261436,47.39585221020683],[8.414303708261588,47.39577131020677],[8.41413030826146,47.39564311020679],[8.414057608261373,47.39568811020683],[8.413973108261306,47.39562561020684],[8.413788408261095,47.39574011020693],[8.413906108261182,47.3958272102069]]]}},{"type":"Feature","properties":{"layer":"buildings","osm_type":"way","osm_id":"223122732","source":"OpenStreetMap","building":"yes","name":"Sankt Josefsheim"},"geometry":{"type":"Polygon","coordinates":[[[8.41530100826209,47.39733471020702],[8.415275808262049,47.39738331020704],[8.415458708262218,47.397426910207],[8.41552710826232,47.39729541020693],[8.415358908262167,47.39725531020693],[8.415378908262197,47.39721681020698],[8.41518650826203,47.39717091020698],[8.415123408261925,47.397292410207044],[8.41530100826209,47.39733471020702]]]}},{"type":"Feature","properties":{"layer":"buildings","osm_type":"way","osm_id":"223122733","source":"OpenStreetMap","building":"yes"},"geometry":{"type":"Polygon","coordinates":[[[8.415355808262357,47.39662911020674],[8.415390608262436,47.396483910206705],[8.415285508262333,47.39647151020666],[8.415278008262312,47.396516610206724],[8.415238008262275,47.39651571020678],[8.415186708262215,47.39654831020679],[8.415169308262186,47.39660731020679],[8.415355808262357,47.39662911020674]]]}},{"type":"Feature","properties":{"layer":"buildings","osm_type":"way","osm_id":"223122734","source":"OpenStreetMap","building":"yes"},"geometry":{"type":"Polygon","coordinates":[[[8.41488970826243,47.39487581020635],[8.414794208262366,47.394798510206336],[8.41459230826213,47.394912710206384],[8.414627808262159,47.3949415102064],[8.414447808261954,47.39504321020652],[8.414507808261998,47.395091810206516],[8.41488970826243,47.39487581020635]]]}},{"type":"Feature","properties":{"layer":"buildings","osm_type":"way","osm_id":"223122735","source":"OpenStreetMap","building":"yes"},"geometry":{"type":"Polygon","coordinates":[[[8.416011408263616,47.39459531020594],[8.415996208263634,47.3944934102059],[8.415827708263468,47.39450491020593],[8.415842908263455,47.39460691020601],[8.416011408263616,47.39459531020594]]]}},{"type":"Feature","properties":{"layer":"buildings","osm_type":"way","osm_id":"223122736","source":"OpenStreetMap","building":"apartments"},"geometry":{"type":"Polygon","coordinates":[[[8.415676908262727,47.39644821020662],[8.415781608262828,47.39645791020657],[8.415794908262855,47.39639201020656],[8.415734308262804,47.39638631020659],[8.415744908262823,47.396334710206546],[8.415785108262861,47.396338410206575],[8.41579050826288,47.39631201020651],[8.415797808262898,47.39627651020655],[8.415628308262734,47.39626061020655],[8.415591408262639,47.39644031020662],[8.415676908262727,47.39644821020662]]]}},{"type":"Feature","properties":{"layer":"buildings","osm_type":"way","osm_id":"223122737","source":"OpenStreetMap","building":"apartments"},"geometry":{"type":"Polygon","coordinates":[[[8.417539808264548,47.396451110206094],[8.417568408264607,47.39634161020607],[8.417267608264329,47.396305610206134],[8.417239008264268,47.39641511020618],[8.417539808264548,47.396451110206094]]]}},{"type":"Feature","properties":{"layer":"buildings","osm_type":"way","osm_id":"223122738","source":"OpenStreetMap","building":"apartments"},"geometry":{"type":"Polygon","coordinates":[[[8.41552230826276,47.39583141020648],[8.415619308262867,47.39580481020647],[8.415610508262859,47.39579021020643],[8.41569890826295,47.395765910206386],[8.415787208263048,47.395741710206345],[8.415779608263051,47.39572901020639],[8.415866708263138,47.39570511020634],[8.415990708263273,47.39567111020628],[8.415952308263256,47.39560701020624],[8.415920608263221,47.39561571020628],[8.4158854082632,47.395556910206274],[8.41568390826299,47.395612310206374],[8.415690608262988,47.39562351020635],[8.415511808262803,47.39567261020643],[8.415521408262807,47.39568861020642],[8.41533910826261,47.39573861020651],[8.415375108262626,47.39579861020649],[8.415349308262604,47.3958057102065],[8.415387008262615,47.39586861020651],[8.41552230826276,47.39583141020648]]]}},{"type":"Feature","properties":{"layer":"buildings","osm_type":"way","osm_id":"223122739","source":"OpenStreetMap","building":"yes"},"geometry":{"type":"Polygon","coordinates":[[[8.41437560826155,47.396124710206905],[8.414463608261626,47.396152010206876],[8.414442208261592,47.39618351020689],[8.41454720826169,47.39621611020688],[8.414631608261764,47.39624231020684],[8.414613408261742,47.396269110206894],[8.414731108261845,47.39630561020682],[8.41483110826193,47.396336610206816],[8.414892208262023,47.396246410206764],[8.414693808261847,47.39618481020683],[8.414719808261882,47.396146410206796],[8.414512908261695,47.396082210206814],[8.414530308261721,47.396056510206826],[8.414336608261554,47.39599641020687],[8.41427160826146,47.39609251020693],[8.41437560826155,47.396124710206905]]]}},{"type":"Feature","properties":{"layer":"buildings","osm_type":"way","osm_id":"223122740","source":"OpenStreetMap","building":"apartments"},"geometry":{"type":"Polygon","coordinates":[[[8.416304008263198,47.39691471020661],[8.416320908263232,47.396855910206575],[8.41635100826326,47.39685991020658],[8.416380808263327,47.39675611020646],[8.416260808263207,47.39674021020653],[8.41626580826322,47.39672281020653],[8.416217708263174,47.39671641020655],[8.416212208263161,47.396735410206524],[8.416102208263053,47.396720910206604],[8.416093908263045,47.39674991020661],[8.416001308262954,47.396737710206644],[8.415980908262915,47.39680851020661],[8.416074608263001,47.39682081020665],[8.416096508263022,47.396823710206604],[8.41607890826299,47.39688501020665],[8.416304008263198,47.39691471020661]]]}},{"type":"Feature","properties":{"layer":"buildings","osm_type":"way","osm_id":"223122742","source":"OpenStreetMap","building":"yes"},"geometry":{"type":"Polygon","coordinates":[[[8.415108308261985,47.39706231020698],[8.415195308262106,47.39694221020691],[8.414883708261833,47.39683871020697],[8.41479660826171,47.396958910207026],[8.415108308261985,47.39706231020698]]]}},{"type":"Feature","properties":{"layer":"buildings","osm_type":"way","osm_id":"223122743","source":"OpenStreetMap","building":"yes"},"geometry":{"type":"Polygon","coordinates":[[[8.416822108263684,47.39698321020647],[8.416841708263728,47.396916010206446],[8.416867208263751,47.39691951020644],[8.416896908263814,47.39681811020637],[8.416793308263708,47.396804210206405],[8.41679830826372,47.3967872102064],[8.416734808263662,47.39677871020646],[8.416729408263652,47.396797310206416],[8.416622008263554,47.39678281020646],[8.416591508263481,47.39688691020647],[8.41661860826351,47.396890510206475],[8.416600208263477,47.39695341020652],[8.416822108263684,47.39698321020647]]]}},{"type":"Feature","properties":{"layer":"buildings","osm_type":"way","osm_id":"223122744","source":"OpenStreetMap","building":"yes"},"geometry":{"type":"Polygon","coordinates":[[[8.414286108261253,47.39681311020712],[8.414327108261316,47.39675481020708],[8.414376908261378,47.39668421020704],[8.414408908261406,47.39669451020708],[8.414454308261472,47.396630010207026],[8.414505208261545,47.396557810206986],[8.414536708261572,47.396568010207],[8.414582908261634,47.39650231020691],[8.41463290826171,47.39643131020691],[8.414468008261565,47.39637811020693],[8.414442608261528,47.39641421020697],[8.41446870826155,47.39642261020692],[8.414421808261485,47.39648921020697],[8.414398908261465,47.396481810207],[8.414375308261427,47.39651521020699],[8.4143428082614,47.39650471020701],[8.414318408261371,47.39653931020705],[8.414345808261391,47.39654811020703],[8.414297408261321,47.39661681020704],[8.414271608261295,47.39660851020707],[8.414248908261266,47.39664071020707],[8.414219108261245,47.39663111020708],[8.414197508261209,47.39666171020708],[8.414224608261236,47.39667051020712],[8.414174408261166,47.39674181020713],[8.414143408261138,47.39673171020719],[8.41412310826111,47.39676051020716],[8.414286108261253,47.39681311020712]]]}},{"type":"Feature","properties":{"layer":"buildings","osm_type":"way","osm_id":"223122745","source":"OpenStreetMap","building":"apartments"},"geometry":{"type":"Polygon","coordinates":[[[8.417514208264265,47.397297110206374],[8.417535608264323,47.3971977102063],[8.417565108264387,47.39706131020626],[8.417584908264436,47.396969910206245],[8.41739950826426,47.39695161020624],[8.417328808264092,47.39727871020642],[8.417514208264265,47.397297110206374]]]}},{"type":"Feature","properties":{"layer":"buildings","osm_type":"way","osm_id":"223122746","source":"OpenStreetMap","building":"yes"},"geometry":{"type":"Polygon","coordinates":[[[8.413323708260625,47.395786610207075],[8.413144808260485,47.39566341020709],[8.412968608260275,47.39578061020721],[8.41314750826041,47.39590381020717],[8.413323708260625,47.395786610207075]]]}},{"type":"Feature","properties":{"layer":"buildings","osm_type":"way","osm_id":"223122747","source":"OpenStreetMap","building":"apartments"},"geometry":{"type":"Polygon","coordinates":[[[8.417125808264242,47.396133110206115],[8.417183208264362,47.39592401020601],[8.417037608264227,47.39590571020603],[8.416980208264103,47.39611481020612],[8.417125808264242,47.396133110206115]]]}},{"type":"Feature","properties":{"layer":"buildings","osm_type":"way","osm_id":"223122748","source":"OpenStreetMap","building":"yes"},"geometry":{"type":"Polygon","coordinates":[[[8.413524408260855,47.39567461020699],[8.41353490826086,47.395682310206965],[8.413724708261087,47.39556491020689],[8.41370720826107,47.3955519102069],[8.413902008261292,47.39543131020679],[8.413792608261218,47.395350410206746],[8.413740108261155,47.39538291020682],[8.413604508261015,47.39539251020687],[8.413554108260957,47.39542371020685],[8.413518808260935,47.395397610206906],[8.413493608260902,47.3954132102069],[8.413470108260883,47.3953958102069],[8.413291808260677,47.395506110207],[8.413234908260634,47.395464110207],[8.413178508260572,47.39549901020702],[8.413465108260782,47.395711210207025],[8.413524408260855,47.39567461020699]]]}},{"type":"Feature","properties":{"layer":"buildings","osm_type":"way","osm_id":"223122749","source":"OpenStreetMap","building":"yes"},"geometry":{"type":"Polygon","coordinates":[[[8.41637710826406,47.39431521020572],[8.416422008264126,47.394250610205695],[8.41647280826417,47.3942667102057],[8.416530908264226,47.39428521020567],[8.416586908264303,47.39420471020564],[8.416260008264018,47.39410071020568],[8.416221208263956,47.39415671020572],[8.416171308263912,47.39414081020574],[8.416109308263822,47.394230010205774],[8.41637710826406,47.39431521020572]]]}},{"type":"Feature","properties":{"layer":"buildings","osm_type":"way","osm_id":"223122750","source":"OpenStreetMap","building":"apartments"},"geometry":{"type":"Polygon","coordinates":[[[8.415750408262891,47.3961493102065],[8.415759708262895,47.39616531020647],[8.415846808262993,47.3961422102065],[8.415835608262984,47.396123010206495],[8.415858208263003,47.39611701020648],[8.415754808262957,47.39593871020643],[8.415525408262708,47.39599961020648],[8.415586108262744,47.396104510206506],[8.415571108262728,47.39610841020654],[8.415615608262748,47.39618511020657],[8.415750408262891,47.3961493102065]]]}},{"type":"Feature","properties":{"layer":"buildings","osm_type":"way","osm_id":"223122751","source":"OpenStreetMap","building":"yes","name":"Heilpädagoische Schule Limmattal"},"geometry":{"type":"Polygon","coordinates":[[[8.412307308259415,47.3964736102076],[8.412573408259744,47.39625351020743],[8.412510608259693,47.39621721020743],[8.412538908259728,47.39619381020738],[8.412534008259737,47.39615991020742],[8.41265410825985,47.39615261020738],[8.41265870825985,47.39618241020735],[8.41269110825988,47.396201410207404],[8.412694908259882,47.39620311020738],[8.41270590825989,47.396203010207415],[8.412709208259892,47.39620211020735],[8.412715508259902,47.3961975102074],[8.412721308259904,47.39620031020738],[8.412802808260004,47.39613441020733],[8.412692308259919,47.396072810207336],[8.412648708259868,47.39607521020736],[8.412648308259877,47.3960630102073],[8.412372708259603,47.39607961020742],[8.412383808259587,47.39616861020743],[8.412415408259609,47.39618661020744],[8.412360908259545,47.39623051020748],[8.412308208259503,47.396201110207464],[8.412149108259303,47.39633121020759],[8.412139908259284,47.39637831020763],[8.412307308259415,47.3964736102076]]]}},{"type":"Feature","properties":{"layer":"buildings","osm_type":"way","osm_id":"223122752","source":"OpenStreetMap","building":"yes"},"geometry":{"type":"Polygon","coordinates":[[[8.412845508260078,47.39603461020731],[8.412903508260124,47.39607281020725],[8.412939408260167,47.396047810207264],[8.413029308260272,47.395985310207216],[8.412991208260246,47.39596021020724],[8.412956508260216,47.395937410207225],[8.41289430826014,47.395980710207276],[8.412774308260051,47.395901710207276],[8.412690308259949,47.39596021020729],[8.41282500826005,47.39604891020729],[8.412845508260078,47.39603461020731]]]}},{"type":"Feature","properties":{"layer":"buildings","osm_type":"way","osm_id":"223122753","source":"OpenStreetMap","building":"yes"},"geometry":{"type":"Polygon","coordinates":[[[8.41464480826145,47.39731261020717],[8.41473720826154,47.39732701020717],[8.41474170826155,47.39731381020716],[8.41482030826162,47.397326110207146],[8.414906008261699,47.39733951020714],[8.414952208261782,47.39720421020705],[8.41478520826163,47.39717801020709],[8.414781208261626,47.39718981020711],[8.414606008261458,47.397162410207144],[8.414559308261374,47.39729921020717],[8.41464480826145,47.39731261020717]]]}},{"type":"Feature","properties":{"layer":"buildings","osm_type":"way","osm_id":"223122754","source":"OpenStreetMap","building":"apartments"},"geometry":{"type":"Polygon","coordinates":[[[8.412505808259521,47.396763110207644],[8.412528608259544,47.39677631020762],[8.412597208259626,47.39672211020758],[8.41255680825959,47.39669861020756],[8.412588008259629,47.39667401020759],[8.412563108259606,47.396659610207536],[8.412545008259588,47.396673910207554],[8.412501708259553,47.39664881020755],[8.412459808259504,47.3966819102076],[8.412426408259474,47.396662510207584],[8.412322308259347,47.39674491020767],[8.41234470825935,47.396805610207664],[8.4122915082593,47.396813610207694],[8.412300008259297,47.39683961020769],[8.412325408259328,47.39683571020768],[8.412357808259328,47.396934610207715],[8.412329608259295,47.396938810207715],[8.412341408259296,47.396974710207765],[8.412368208259323,47.39697071020773],[8.412398108259326,47.39706221020774],[8.412374008259304,47.39706581020775],[8.412382708259301,47.39709241020776],[8.41255840825948,47.39706601020771],[8.412533108259476,47.39698901020765],[8.41249490825948,47.39687241020767],[8.412470008259481,47.39679151020766],[8.412505808259521,47.396763110207644]]]}},{"type":"Feature","properties":{"layer":"buildings","osm_type":"way","osm_id":"223122755","source":"OpenStreetMap","building":"apartments"},"geometry":{"type":"Polygon","coordinates":[[[8.41747700826457,47.396192910205954],[8.417528508264683,47.39598101020596],[8.417385508264548,47.395965110205964],[8.417334008264433,47.39617681020607],[8.41747700826457,47.396192910205954]]]}},{"type":"Feature","properties":{"layer":"buildings","osm_type":"way","osm_id":"223122756","source":"OpenStreetMap","building":"apartments"},"geometry":{"type":"Polygon","coordinates":[[[8.412361008259161,47.39747271020789],[8.412416808259225,47.397458810207894],[8.41243650825925,47.39745381020785],[8.412451108259255,47.39744981020786],[8.412551908259367,47.397424210207845],[8.412541608259366,47.397405710207785],[8.412515108259335,47.39741231020784],[8.412461308259314,47.39731301020784],[8.412450808259303,47.39731551020782],[8.412301808259144,47.39735351020785],[8.412333708259156,47.39741121020789],[8.412319508259142,47.397414810207856],[8.412322308259148,47.397419810207886],[8.412352708259153,47.39747471020786],[8.412361008259161,47.39747271020789]]]}},{"type":"Feature","properties":{"layer":"buildings","osm_type":"way","osm_id":"223122757","source":"OpenStreetMap","building":"yes"},"geometry":{"type":"Polygon","coordinates":[[[8.415263708262868,47.39465561020612],[8.41514870826279,47.394551010206186],[8.414820508262414,47.3947164102063],[8.414935508262497,47.394821010206286],[8.415263708262868,47.39465561020612]]]}},{"type":"Feature","properties":{"layer":"buildings","osm_type":"way","osm_id":"223122758","source":"OpenStreetMap","building":"yes"},"geometry":{"type":"Polygon","coordinates":[[[8.4166491082637,47.396373710206305],[8.416686308263783,47.39623481020628],[8.4166044082637,47.39622471020627],[8.41658400826366,47.39630051020629],[8.41644380826353,47.39628331020635],[8.416426908263487,47.396346310206376],[8.4166491082637,47.396373710206305]]]}},{"type":"Feature","properties":{"layer":"buildings","osm_type":"way","osm_id":"223122759","source":"OpenStreetMap","building":"yes"},"geometry":{"type":"Polygon","coordinates":[[[8.413205408260264,47.39659051020739],[8.412886708260004,47.39642131020736],[8.41277590825986,47.39651691020748],[8.412891008259956,47.396577910207434],[8.413012708260052,47.39664251020742],[8.413094608260128,47.396686110207405],[8.413205408260264,47.39659051020739]]]}},{"type":"Feature","properties":{"layer":"buildings","osm_type":"way","osm_id":"223122760","source":"OpenStreetMap","building":"yes"},"geometry":{"type":"Polygon","coordinates":[[[8.415486208263127,47.394511410206036],[8.415632008263321,47.39433501020594],[8.415774108263554,47.394055410205794],[8.415591808263384,47.39401541020585],[8.415473708263178,47.394298710206],[8.415374508263033,47.394469410206035],[8.415486208263127,47.394511410206036]]]}},{"type":"Feature","properties":{"layer":"buildings","osm_type":"way","osm_id":"223122761","source":"OpenStreetMap","building":"yes"},"geometry":{"type":"Polygon","coordinates":[[[8.413522808260717,47.39611531020711],[8.413578508260787,47.39607101020711],[8.413642908260858,47.39602791020706],[8.41371490826092,47.39607321020705],[8.413795308260976,47.39612381020701],[8.41391160826112,47.396039110206964],[8.413732508260983,47.39592641020701],[8.413676708260914,47.39596701020706],[8.413573308260835,47.395902010207045],[8.413392808260614,47.39603351020709],[8.413522808260717,47.39611531020711]]]}},{"type":"Feature","properties":{"layer":"buildings","osm_type":"way","osm_id":"223122762","source":"OpenStreetMap","building":"yes"},"geometry":{"type":"Polygon","coordinates":[[[8.41317780826029,47.39641031020732],[8.413230908260354,47.39636671020729],[8.413283408260419,47.39632361020727],[8.413336908260462,47.39635351020726],[8.413450608260556,47.396417110207246],[8.413565208260694,47.3963232102072],[8.413360508260535,47.3962087102072],[8.41330430826046,47.39625471020724],[8.413189208260365,47.39619031020722],[8.41302500826016,47.39632481020733],[8.41317780826029,47.39641031020732]]]}},{"type":"Feature","properties":{"layer":"buildings","osm_type":"way","osm_id":"223122763","source":"OpenStreetMap","building":"yes"},"geometry":{"type":"Polygon","coordinates":[[[8.414394808261754,47.395526210206675],[8.414476208261844,47.39548561020667],[8.414524208261879,47.395529710206674],[8.41458270826192,47.395583410206676],[8.414731208262086,47.39550941020658],[8.414589308261988,47.395379110206605],[8.414473308261849,47.39543691020662],[8.414409608261813,47.39537841020658],[8.41420940826158,47.3954783102067],[8.414308508261659,47.395569310206724],[8.414394808261754,47.395526210206675]]]}},{"type":"Feature","properties":{"layer":"buildings","osm_type":"way","osm_id":"223122764","source":"OpenStreetMap","building":"apartments"},"geometry":{"type":"Polygon","coordinates":[[[8.41360600826058,47.39683741020734],[8.413691108260654,47.39686541020733],[8.413680908260634,47.39687951020732],[8.413801708260742,47.39691921020733],[8.413880708260814,47.39694521020729],[8.4138708082608,47.3969589102073],[8.413959608260877,47.39698821020729],[8.414085608260987,47.39702961020726],[8.4141631082611,47.39692161020721],[8.413962408260922,47.39685561020725],[8.413976208260946,47.39683651020723],[8.413775608260766,47.39677051020726],[8.413783708260773,47.39675931020726],[8.4135782082606,47.39669171020729],[8.413498908260486,47.39680211020732],[8.41360600826058,47.39683741020734]]]}},{"type":"Feature","properties":{"layer":"buildings","osm_type":"way","osm_id":"223122765","source":"OpenStreetMap","building":"yes"},"geometry":{"type":"Polygon","coordinates":[[[8.413863108260896,47.396624010207205],[8.413911808260963,47.396551510207175],[8.41395610826103,47.39648561020713],[8.413986108261055,47.396494910207124],[8.414030508261119,47.39642901020707],[8.414075308261184,47.39636231020706],[8.414110608261215,47.39637321020703],[8.41415880826128,47.39630151020697],[8.41420380826135,47.39623451020699],[8.414038808261203,47.39618361020699],[8.414018508261176,47.396213810207016],[8.4140451082612,47.396222010206984],[8.413994208261121,47.396297610207036],[8.4139686082611,47.39628971020707],[8.413951308261074,47.39631551020706],[8.413921708261054,47.396306410207096],[8.41389940826102,47.396339610207065],[8.413924808261042,47.3963474102071],[8.413876108260968,47.396419910207136],[8.413844508260935,47.39641021020711],[8.413821708260906,47.396444010207134],[8.413794808260883,47.396435710207165],[8.413773108260854,47.39646801020713],[8.413800908260882,47.39647661020717],[8.413753608260816,47.39654691020721],[8.413722908260786,47.396537510207175],[8.413698808260747,47.39657341020721],[8.413863108260896,47.396624010207205]]]}},{"type":"Feature","properties":{"layer":"buildings","osm_type":"way","osm_id":"223122766","source":"OpenStreetMap","building":"yes"},"geometry":{"type":"Polygon","coordinates":[[[8.416152708263828,47.39435251020577],[8.416191308263885,47.39430111020574],[8.416026008263742,47.39424441020581],[8.415987408263684,47.39429581020584],[8.416152708263828,47.39435251020577]]]}},{"type":"Feature","properties":{"layer":"buildings","osm_type":"way","osm_id":"223122767","source":"OpenStreetMap","building":"apartments"},"geometry":{"type":"Polygon","coordinates":[[[8.417124308264155,47.39641061020619],[8.41715010826422,47.396294610206105],[8.416841408263926,47.39626311020623],[8.416815608263862,47.396379110206254],[8.417124308264155,47.39641061020619]]]}},{"type":"Feature","properties":{"layer":"buildings","osm_type":"way","osm_id":"223123622","source":"OpenStreetMap","building":"apartments"},"geometry":{"type":"Polygon","coordinates":[[[8.417364408264822,47.39499061020563],[8.417401308264894,47.394864410205614],[8.417062708264583,47.394819110205674],[8.417025808264508,47.394945210205755],[8.417364408264822,47.39499061020563]]]}},{"type":"Feature","properties":{"layer":"buildings","osm_type":"way","osm_id":"223123624","source":"OpenStreetMap","building":"apartments"},"geometry":{"type":"Polygon","coordinates":[[[8.417886908264602,47.39738411020627],[8.41788830826458,47.397481010206306],[8.418082108264768,47.397479810206214],[8.418079408264823,47.39728501020618],[8.418056308264799,47.39728511020621],[8.417885608264632,47.39728621020627],[8.417886908264602,47.39738411020627]]]}},{"type":"Feature","properties":{"layer":"buildings","osm_type":"way","osm_id":"223123625","source":"OpenStreetMap","building":"apartments"},"geometry":{"type":"Polygon","coordinates":[[[8.41816850826515,47.39649871020593],[8.418408808265431,47.3963463102058],[8.418551108265602,47.39625611020576],[8.418427108265503,47.396166510205745],[8.417919908264913,47.39648821020599],[8.418043908265005,47.39657781020597],[8.41816850826515,47.39649871020593]]]}},{"type":"Feature","properties":{"layer":"buildings","osm_type":"way","osm_id":"223123626","source":"OpenStreetMap","building":"yes"},"geometry":{"type":"Polygon","coordinates":[[[8.415475808261746,47.399008210207505],[8.41545880826176,47.398909110207484],[8.415428908261783,47.39873341020742],[8.415411708261798,47.39863251020739],[8.41525930826165,47.39864451020743],[8.415323408261598,47.39902011020752],[8.415475808261746,47.399008210207505]]]}},{"type":"Feature","properties":{"layer":"buildings","osm_type":"way","osm_id":"223123627","source":"OpenStreetMap","building":"yes"},"geometry":{"type":"Polygon","coordinates":[[[8.416004308262227,47.39912441020735],[8.416165408262392,47.399109610207304],[8.416148308262402,47.399024110207286],[8.416118408262415,47.398874710207274],[8.41609990826243,47.39878231020724],[8.416077908262405,47.39878431020723],[8.415938808262265,47.39879711020729],[8.416004308262227,47.39912441020735]]]}},{"type":"Feature","properties":{"layer":"buildings","osm_type":"way","osm_id":"223123631","source":"OpenStreetMap","building":"yes"},"geometry":{"type":"Polygon","coordinates":[[[8.41475170826097,47.399220610207784],[8.414719308260986,47.39906871020774],[8.414442608260707,47.399095710207774],[8.414475008260693,47.39924771020783],[8.41475170826097,47.399220610207784]]]}},{"type":"Feature","properties":{"layer":"buildings","osm_type":"way","osm_id":"223123632","source":"OpenStreetMap","building":"yes"},"geometry":{"type":"Polygon","coordinates":[[[8.418469908265301,47.39698921020601],[8.418457708265247,47.39709361020605],[8.418589308265378,47.39710061020602],[8.418729908265519,47.39710821020596],[8.418730808265519,47.39710021020594],[8.418742108265558,47.39700371020592],[8.418721608265539,47.39700261020591],[8.418469908265301,47.39698921020601]]]}},{"type":"Feature","properties":{"layer":"buildings","osm_type":"way","osm_id":"223123633","source":"OpenStreetMap","building":"industrial"},"geometry":{"type":"Polygon","coordinates":[[[8.41417920826042,47.399195510207896],[8.414259308260506,47.39916111020787],[8.414096908260404,47.398980210207846],[8.414011308260333,47.398941210207866],[8.41394680826025,47.39900131020792],[8.414044308260316,47.39911491020793],[8.413955708260216,47.399150510207946],[8.414039508260268,47.39924411020799],[8.41396850826019,47.39925181020801],[8.413974108260199,47.39927821020799],[8.413746008259965,47.3993004102081],[8.413780808259949,47.39946431020812],[8.41392000826009,47.399450810208066],[8.414107908260277,47.39943251020804],[8.414098308260284,47.399387310208034],[8.414177808260368,47.39937951020799],[8.414187708260362,47.399426110207976],[8.414271208260443,47.39941791020795],[8.414407908260582,47.399404610207924],[8.414397508260585,47.39935571020786],[8.414376808260588,47.399258310207834],[8.414232508260453,47.39927221020795],[8.41417920826042,47.399195510207896]]]}},{"type":"Feature","properties":{"layer":"buildings","osm_type":"way","osm_id":"223123635","source":"OpenStreetMap","building":"yes"},"geometry":{"type":"Polygon","coordinates":[[[8.416626008262842,47.399128510207234],[8.416848908263065,47.39909451020715],[8.417090608263313,47.399057710207046],[8.417190508263412,47.39904251020704],[8.417160808263413,47.398953310207006],[8.416434608262666,47.39906391020721],[8.416464308262672,47.39915321020725],[8.416626008262842,47.399128510207234]]]}},{"type":"Feature","properties":{"layer":"buildings","osm_type":"way","osm_id":"223123638","source":"OpenStreetMap","building":"yes"},"geometry":{"type":"Polygon","coordinates":[[[8.419811008266423,47.39758711020579],[8.419806608266448,47.39750071020574],[8.419700908266346,47.39750311020582],[8.419705308266327,47.39758951020584],[8.419811008266423,47.39758711020579]]]}},{"type":"Feature","properties":{"layer":"buildings","osm_type":"way","osm_id":"223123639","source":"OpenStreetMap","building":"apartments"},"geometry":{"type":"Polygon","coordinates":[[[8.419074608265378,47.39866211020636],[8.419163408265472,47.39863851020634],[8.41913120826546,47.398580410206314],[8.418935408265266,47.398589510206385],[8.418986408265281,47.398685610206385],[8.419074608265378,47.39866211020636]]]}},{"type":"Feature","properties":{"layer":"buildings","osm_type":"way","osm_id":"223123640","source":"OpenStreetMap","building":"apartments"},"geometry":{"type":"Polygon","coordinates":[[[8.417371908264741,47.395284810205744],[8.417411208264816,47.39516171020574],[8.417074808264504,47.39511251020579],[8.41703550826443,47.39523561020584],[8.417371908264741,47.395284810205744]]]}},{"type":"Feature","properties":{"layer":"buildings","osm_type":"way","osm_id":"223123641","source":"OpenStreetMap","building":"yes"},"geometry":{"type":"Polygon","coordinates":[[[8.41551000826342,47.393637910205776],[8.41554900826348,47.39356471020574],[8.415363708263314,47.39351941020579],[8.415385008263348,47.393479510205744],[8.41532580826329,47.39346501020574],[8.415248008263223,47.39344601020577],[8.41523180826321,47.393442010205774],[8.415171408263111,47.39355521020584],[8.41551000826342,47.393637910205776]]]}},{"type":"Feature","properties":{"layer":"buildings","osm_type":"way","osm_id":"223123643","source":"OpenStreetMap","building":"yes"},"geometry":{"type":"Polygon","coordinates":[[[8.421650808268254,47.39750121020522],[8.421682508268255,47.397604310205274],[8.4219232082685,47.39757031020516],[8.421908208268508,47.39751251020516],[8.421893808268507,47.39746701020517],[8.421650808268254,47.39750121020522]]]}},{"type":"Feature","properties":{"layer":"buildings","osm_type":"way","osm_id":"223123644","source":"OpenStreetMap","building":"apartments"},"geometry":{"type":"Polygon","coordinates":[[[8.414082908260424,47.398873110207894],[8.414129908260463,47.39888131020784],[8.414242508260584,47.3988685102078],[8.414233408260602,47.398761910207746],[8.4142192082606,47.39875571020777],[8.414208508260598,47.39872131020776],[8.414116808260513,47.39870451020779],[8.413985308260346,47.398820710207865],[8.414082908260424,47.398873110207894]]]}},{"type":"Feature","properties":{"layer":"buildings","osm_type":"way","osm_id":"223123645","source":"OpenStreetMap","building":"apartments"},"geometry":{"type":"Polygon","coordinates":[[[8.41533740826186,47.39820221020728],[8.415333908261884,47.398102210207256],[8.415330408261916,47.39800111020717],[8.41539420826197,47.39800001020717],[8.415520608262097,47.397998010207154],[8.415516608262132,47.3978828102071],[8.415241308261859,47.39788721020716],[8.415245108261827,47.397994910207245],[8.415140008261725,47.39799661020726],[8.415147308261671,47.39820531020733],[8.41533740826186,47.39820221020728]]]}},{"type":"Feature","properties":{"layer":"buildings","osm_type":"way","osm_id":"223123646","source":"OpenStreetMap","building":"apartments"},"geometry":{"type":"Polygon","coordinates":[[[8.416880408264417,47.39477381020571],[8.416915808264491,47.39465261020568],[8.416573208264166,47.394606710205785],[8.416537808264097,47.39472791020584],[8.416880408264417,47.39477381020571]]]}},{"type":"Feature","properties":{"layer":"buildings","osm_type":"way","osm_id":"223123647","source":"OpenStreetMap","building":"yes"},"geometry":{"type":"Polygon","coordinates":[[[8.419826508266228,47.398287910206044],[8.41982410826623,47.398266810206],[8.419864208266267,47.398264710205986],[8.419857808266284,47.398208110205985],[8.419816008266242,47.39821031020602],[8.419811608266247,47.398170910205984],[8.419743408266188,47.39817451020603],[8.419747408266174,47.398209510206],[8.41973510826616,47.39821011020602],[8.419744408266146,47.398292110206064],[8.419826508266228,47.398287910206044]]]}},{"type":"Feature","properties":{"layer":"buildings","osm_type":"way","osm_id":"223123649","source":"OpenStreetMap","building":"apartments"},"geometry":{"type":"Polygon","coordinates":[[[8.418003308264328,47.39867551020668],[8.41794770826431,47.39855351020666],[8.417811608264177,47.398543010206645],[8.417880008264195,47.39870131020671],[8.418003308264328,47.39867551020668]]]}},{"type":"Feature","properties":{"layer":"buildings","osm_type":"way","osm_id":"223123650","source":"OpenStreetMap","building":"shed"},"geometry":{"type":"Polygon","coordinates":[[[8.415148908261486,47.39880331020749],[8.415117208261504,47.39865761020747],[8.41497570826136,47.39867181020753],[8.415007508261347,47.39881751020756],[8.415148908261486,47.39880331020749]]]}},{"type":"Feature","properties":{"layer":"buildings","osm_type":"way","osm_id":"223123652","source":"OpenStreetMap","building":"apartments"},"geometry":{"type":"Polygon","coordinates":[[[8.417952208265127,47.395897710205794],[8.418075308265268,47.39581721020572],[8.418266308265494,47.39568821020562],[8.418348708265587,47.39563871020561],[8.418212308265486,47.39554301020562],[8.417815808265017,47.395802010205784],[8.417952208265127,47.395897710205794]]]}},{"type":"Feature","properties":{"layer":"buildings","osm_type":"way","osm_id":"223123653","source":"OpenStreetMap","building":"apartments"},"geometry":{"type":"Polygon","coordinates":[[[8.415436508261873,47.398467910207344],[8.415571408262009,47.398460110207274],[8.41556870826201,47.39843951020727],[8.415720308262163,47.39843061020722],[8.415860708262299,47.39842081020719],[8.415845408262323,47.39832031020717],[8.415567908262041,47.398339710207225],[8.415570408262038,47.39835611020721],[8.415259308261724,47.39837811020737],[8.415274508261714,47.398475910207374],[8.415436508261873,47.398467910207344]]]}},{"type":"Feature","properties":{"layer":"buildings","osm_type":"way","osm_id":"223123654","source":"OpenStreetMap","building":"yes"},"geometry":{"type":"Polygon","coordinates":[[[8.419816808266342,47.39789031020588],[8.41981440826637,47.39779331020586],[8.419715208266268,47.39779441020589],[8.419717608266243,47.397891510205916],[8.419816808266342,47.39789031020588]]]}},{"type":"Feature","properties":{"layer":"buildings","osm_type":"way","osm_id":"223123655","source":"OpenStreetMap","building":"apartments"},"geometry":{"type":"Polygon","coordinates":[[[8.416850908264491,47.39444481020564],[8.416828008264453,47.39447601020562],[8.416975708264586,47.39452571020562],[8.417034408264666,47.39444571020557],[8.416961308264604,47.39442111020562],[8.41695740826459,47.394426510205605],[8.416908208264553,47.39440991020561],[8.416940808264602,47.394365510205596],[8.416774208264457,47.39430951020562],[8.416709708264367,47.39439721020566],[8.416850908264491,47.39444481020564]]]}},{"type":"Feature","properties":{"layer":"buildings","osm_type":"way","osm_id":"223123656","source":"OpenStreetMap","building":"apartments"},"geometry":{"type":"Polygon","coordinates":[[[8.418047608264335,47.39877891020667],[8.418006608264324,47.398689710206675],[8.417863708264177,47.3987199102067],[8.417904808264186,47.398809010206726],[8.418047608264335,47.39877891020667]]]}},{"type":"Feature","properties":{"layer":"buildings","osm_type":"way","osm_id":"223123657","source":"OpenStreetMap","building":"yes"},"geometry":{"type":"Polygon","coordinates":[[[8.418792108265075,47.398737110206476],[8.418872508265165,47.398717510206424],[8.418830808265149,47.39863921020642],[8.41880480826512,47.39864551020644],[8.418689408265001,47.39867371020648],[8.41866700826497,47.39867921020644],[8.41868300826498,47.39870781020644],[8.418669208264966,47.39871171020644],[8.418676108264968,47.39872691020645],[8.418665408264955,47.39872901020653],[8.418658808264954,47.39871751020649],[8.418645908264939,47.3987201102065],[8.418667808264948,47.39876171020648],[8.41870630826499,47.39875221020647],[8.418710108264985,47.39875891020648],[8.418792108265075,47.398737110206476]]]}},{"type":"Feature","properties":{"layer":"buildings","osm_type":"way","osm_id":"223123658","source":"OpenStreetMap","building":"yes"},"geometry":{"type":"Polygon","coordinates":[[[8.416229908262682,47.398369210207065],[8.416226408262741,47.39815591020703],[8.416053608262573,47.398157110207045],[8.416057008262513,47.398370510207144],[8.416229908262682,47.398369210207065]]]}},{"type":"Feature","properties":{"layer":"buildings","osm_type":"way","osm_id":"223123659","source":"OpenStreetMap","building":"yes"},"geometry":{"type":"Polygon","coordinates":[[[8.421067708267632,47.39767131020546],[8.420825108267382,47.39771151020554],[8.42085700826739,47.39779991020557],[8.420911408267441,47.397790910205536],[8.421099708267636,47.397759810205464],[8.421081308267633,47.39770891020551],[8.421067708267632,47.39767131020546]]]}},{"type":"Feature","properties":{"layer":"buildings","osm_type":"way","osm_id":"223123661","source":"OpenStreetMap","building":"yes"},"geometry":{"type":"Polygon","coordinates":[[[8.419845608266307,47.398096710205984],[8.419837708266327,47.39801231020593],[8.419730408266217,47.398016910205996],[8.419738308266199,47.398101310205966],[8.419845608266307,47.398096710205984]]]}},{"type":"Feature","properties":{"layer":"buildings","osm_type":"way","osm_id":"223123670","source":"OpenStreetMap","building":"yes"},"geometry":{"type":"Polygon","coordinates":[[[8.416605308263053,47.398367410206944],[8.416610508263123,47.39815521020688],[8.416444608262953,47.39815331020691],[8.416439308262888,47.398365510206986],[8.416605308263053,47.398367410206944]]]}},{"type":"Feature","properties":{"layer":"buildings","osm_type":"way","osm_id":"223123671","source":"OpenStreetMap","building":"yes"},"geometry":{"type":"Polygon","coordinates":[[[8.414537608260838,47.39896081020775],[8.414692408260995,47.39895141020768],[8.414697708260997,47.398981810207665],[8.414802108261098,47.39897351020764],[8.41478000826111,47.39884581020765],[8.414671208261005,47.39885441020766],[8.414678308261001,47.398895410207665],[8.414565808260889,47.39890441020772],[8.414457208260792,47.39887551020776],[8.414420908260734,47.39894351020777],[8.41453130826083,47.39897061020777],[8.414537608260838,47.39896081020775]]]}},{"type":"Feature","properties":{"layer":"buildings","osm_type":"way","osm_id":"223123672","source":"OpenStreetMap","building":"apartments"},"geometry":{"type":"Polygon","coordinates":[[[8.414911308261342,47.39852281020746],[8.414916108261373,47.39844071020747],[8.41492250826141,47.39833261020744],[8.414927908261445,47.39824151020741],[8.414739008261265,47.398236410207495],[8.414726508261188,47.398448610207524],[8.414505908260967,47.39844261020761],[8.414501808260944,47.39851181020757],[8.414911308261342,47.39852281020746]]]}},{"type":"Feature","properties":{"layer":"buildings","osm_type":"way","osm_id":"223123674","source":"OpenStreetMap","building":"apartments"},"geometry":{"type":"Polygon","coordinates":[[[8.418573108264852,47.398792310206545],[8.418532308264831,47.398714510206496],[8.41842090826471,47.39874131020659],[8.418461608264733,47.39881901020658],[8.418573108264852,47.398792310206545]]]}},{"type":"Feature","properties":{"layer":"buildings","osm_type":"way","osm_id":"223123675","source":"OpenStreetMap","building":"apartments"},"geometry":{"type":"Polygon","coordinates":[[[8.417487608263754,47.398886910206905],[8.417475208263765,47.39880881020686],[8.417443508263796,47.398608010206786],[8.417426908263815,47.39850291020679],[8.417255308263641,47.39851531020682],[8.417316108263586,47.39889941020692],[8.417487608263754,47.398886910206905]]]}},{"type":"Feature","properties":{"layer":"buildings","osm_type":"way","osm_id":"223123676","source":"OpenStreetMap","building":"yes"},"geometry":{"type":"Polygon","coordinates":[[[8.421968436438824,47.39809009258053],[8.421964813914887,47.3978937998461],[8.421780908268241,47.39796021020536],[8.421818108268264,47.398007410205366],[8.421833808268286,47.398001810205336],[8.421872608268306,47.39805101020541],[8.421880608268314,47.39804821020537],[8.421925708268336,47.39810551020535],[8.421968436438824,47.39809009258053]]]}},{"type":"Feature","properties":{"layer":"buildings","osm_type":"way","osm_id":"223123677","source":"OpenStreetMap","building":"roof"},"geometry":{"type":"Polygon","coordinates":[[[8.419422708265742,47.39858811020627],[8.419568408265897,47.39854091020621],[8.419558508265931,47.39840261020613],[8.419520008265893,47.39840371020615],[8.41952090826586,47.39852081020619],[8.419407008265738,47.39855941020625],[8.419422708265742,47.39858811020627]]]}},{"type":"Feature","properties":{"layer":"buildings","osm_type":"way","osm_id":"223123678","source":"OpenStreetMap","building":"yes"},"geometry":{"type":"Polygon","coordinates":[[[8.416471808264296,47.39385701020556],[8.416510908264357,47.39378321020555],[8.416280108264147,47.39372711020555],[8.41624100826409,47.393800910205606],[8.416471808264296,47.39385701020556]]]}},{"type":"Feature","properties":{"layer":"buildings","osm_type":"way","osm_id":"223123680","source":"OpenStreetMap","building":"shed"},"geometry":{"type":"Polygon","coordinates":[[[8.41674860826457,47.39384471020546],[8.416700808264533,47.39380261020545],[8.416638108264468,47.393835310205496],[8.416685908264494,47.39387741020548],[8.41674860826457,47.39384471020546]]]}},{"type":"Feature","properties":{"layer":"buildings","osm_type":"way","osm_id":"223123681","source":"OpenStreetMap","building":"yes"},"geometry":{"type":"Polygon","coordinates":[[[8.421932451463299,47.39614011937353],[8.421932316620795,47.39613281218375],[8.421927908268946,47.39613851020476],[8.421932451463299,47.39614011937353]]]}},{"type":"Feature","properties":{"layer":"buildings","osm_type":"way","osm_id":"223123682","source":"OpenStreetMap","building":"yes"},"geometry":{"type":"Polygon","coordinates":[[[8.41832540826485,47.397998610206336],[8.418396408264936,47.39794641020632],[8.418419108264958,47.39794531020631],[8.418499608265021,47.3980016102063],[8.41856130826509,47.39795251020628],[8.41855660826511,47.397873110206255],[8.418520108265074,47.397872610206264],[8.418510808265067,47.397879410206244],[8.418421008264998,47.39781861020624],[8.418385508264954,47.3978396102063],[8.41833200826489,47.397882010206324],[8.418316708264877,47.397872110206336],[8.418268108264831,47.39787261020629],[8.418267208264826,47.39788201020635],[8.418266508264802,47.397957410206345],[8.41832540826485,47.397998610206336]]]}},{"type":"Feature","properties":{"layer":"buildings","osm_type":"way","osm_id":"223123683","source":"OpenStreetMap","building":"yes"},"geometry":{"type":"Polygon","coordinates":[[[8.416950708263306,47.39863041020698],[8.416936608263324,47.398533710206934],[8.41636160826275,47.39857191020712],[8.41637560826273,47.398668710207104],[8.416950708263306,47.39863041020698]]]}},{"type":"Feature","properties":{"layer":"buildings","osm_type":"way","osm_id":"223123684","source":"OpenStreetMap","building":"apartments"},"geometry":{"type":"Polygon","coordinates":[[[8.41682580826339,47.39796111020675],[8.41682540826343,47.397837510206706],[8.415766208262395,47.397839110207045],[8.415766508262355,47.39796261020706],[8.41682580826339,47.39796111020675]]]}},{"type":"Feature","properties":{"layer":"buildings","osm_type":"way","osm_id":"223123685","source":"OpenStreetMap","building":"yes"},"geometry":{"type":"Polygon","coordinates":[[[8.415564308261747,47.39929781020756],[8.415784408261969,47.39927891020746],[8.415871608262053,47.39927141020744],[8.415854008262066,47.39917741020742],[8.415383108261588,47.39921791020758],[8.41540070826158,47.399311910207615],[8.415564308261747,47.39929781020756]]]}},{"type":"Feature","properties":{"layer":"buildings","osm_type":"way","osm_id":"223123686","source":"OpenStreetMap","building":"apartments"},"geometry":{"type":"Polygon","coordinates":[[[8.418128008265224,47.39612941020582],[8.41841330826554,47.3960076102057],[8.418554208265698,47.39594751020563],[8.418455108265626,47.3958413102056],[8.41787860826499,47.39608741020588],[8.417977708265056,47.39619371020589],[8.418128008265224,47.39612941020582]]]}},{"type":"Feature","properties":{"layer":"buildings","osm_type":"way","osm_id":"223123687","source":"OpenStreetMap","building":"yes"},"geometry":{"type":"Polygon","coordinates":[[[8.415231508261412,47.399321410207655],[8.415215608261425,47.39923241020764],[8.4149931082612,47.3992507102077],[8.41500910826119,47.399339610207726],[8.415231508261412,47.399321410207655]]]}},{"type":"Feature","properties":{"layer":"buildings","osm_type":"way","osm_id":"223123690","source":"OpenStreetMap","building":"yes"},"geometry":{"type":"Polygon","coordinates":[[[8.416129108263233,47.3962398102064],[8.416111708263207,47.396281010206444],[8.416201008263284,47.39629831020641],[8.416216508263314,47.3962616102064],[8.416222408263321,47.3962628102064],[8.416258208263375,47.39617821020637],[8.416153708263284,47.39615791020637],[8.416119808263225,47.39623801020643],[8.416129108263233,47.3962398102064]]]}},{"type":"Feature","properties":{"layer":"buildings","osm_type":"way","osm_id":"223123691","source":"OpenStreetMap","building":"apartments"},"geometry":{"type":"Polygon","coordinates":[[[8.418018408264269,47.398909610206736],[8.418035808264282,47.39891801020674],[8.418055408264305,47.39891411020671],[8.418062708264314,47.39890431020674],[8.418062408264314,47.398900310206685],[8.418072108264328,47.398898710206716],[8.418040508264323,47.398819010206715],[8.417998508264276,47.39882731020674],[8.41799620826427,47.3988250102067],[8.41796380826424,47.39883101020672],[8.417963608264238,47.398834010206706],[8.4179223082642,47.398841810206726],[8.417957308264203,47.39892131020678],[8.418018408264269,47.398909610206736]]]}},{"type":"Feature","properties":{"layer":"buildings","osm_type":"way","osm_id":"223123692","source":"OpenStreetMap","building":"yes"},"geometry":{"type":"Polygon","coordinates":[[[8.416350608264219,47.393706210205565],[8.416403408264314,47.39357801020548],[8.416338408264258,47.39356571020551],[8.416311708264208,47.393630710205514],[8.416263008264162,47.393621510205534],[8.416239208264118,47.39367931020558],[8.416287408264168,47.39368851020558],[8.416285208264162,47.39369391020557],[8.416350608264219,47.393706210205565]]]}},{"type":"Feature","properties":{"layer":"buildings","osm_type":"way","osm_id":"223123693","source":"OpenStreetMap","building":"apartments"},"geometry":{"type":"Polygon","coordinates":[[[8.416693908264062,47.39533301020593],[8.41673540826414,47.3952097102059],[8.416385708263816,47.39515571020599],[8.416344108263738,47.39527891020605],[8.416693908264062,47.39533301020593]]]}},{"type":"Feature","properties":{"layer":"buildings","osm_type":"way","osm_id":"223123694","source":"OpenStreetMap","building":"retail"},"geometry":{"type":"Polygon","coordinates":[[[8.418000808265303,47.39547421020563],[8.418148308265462,47.39541131020553],[8.418049708265398,47.39530561020559],[8.41776200826508,47.39542851020572],[8.417860608265144,47.39553421020569],[8.418000808265303,47.39547421020563]]]}},{"type":"Feature","properties":{"layer":"buildings","osm_type":"way","osm_id":"223123695","source":"OpenStreetMap","building":"apartments"},"geometry":{"type":"Polygon","coordinates":[[[8.416766608264224,47.39503861020584],[8.416802008264295,47.39491881020582],[8.416449208263968,47.3948711102059],[8.416413808263894,47.39499081020593],[8.416766608264224,47.39503861020584]]]}},{"type":"Feature","properties":{"layer":"buildings","osm_type":"way","osm_id":"223123696","source":"OpenStreetMap","building":"yes"},"geometry":{"type":"Polygon","coordinates":[[[8.414708708260887,47.399370810207834],[8.414967108261147,47.39934641020776],[8.414908408261175,47.39906201020767],[8.414766408261034,47.39907551020772],[8.414805608261014,47.3992657102078],[8.414479508260687,47.39929661020786],[8.41449900826067,47.399390610207895],[8.414708708260887,47.399370810207834]]]}},{"type":"Feature","properties":{"layer":"buildings","osm_type":"way","osm_id":"223123697","source":"OpenStreetMap","building":"apartments"},"geometry":{"type":"Polygon","coordinates":[[[8.413727008259952,47.39927601020807],[8.413750908259985,47.39925441020806],[8.413887908260158,47.39912821020799],[8.413740508260034,47.399055010207995],[8.413580508259832,47.399202510208085],[8.413593208259842,47.39920881020807],[8.413701808259928,47.399263110208096],[8.413727008259952,47.39927601020807]]]}},{"type":"Feature","properties":{"layer":"buildings","osm_type":"way","osm_id":"223123698","source":"OpenStreetMap","building":"yes"},"geometry":{"type":"Polygon","coordinates":[[[8.4182749082646,47.398654410206575],[8.418260408264596,47.39862631020656],[8.41828100826461,47.398621410206545],[8.418270008264608,47.39860011020658],[8.418249908264588,47.39860481020658],[8.418237308264581,47.398580410206584],[8.41811940826446,47.39860831020664],[8.418139408264468,47.3986470102066],[8.41812500826445,47.39865041020663],[8.41813840826446,47.39867611020666],[8.418153008264476,47.39867261020662],[8.418158008264475,47.39868221020662],[8.4182749082646,47.398654410206575]]]}},{"type":"Feature","properties":{"layer":"buildings","osm_type":"way","osm_id":"223123700","source":"OpenStreetMap","building":"apartments"},"geometry":{"type":"Polygon","coordinates":[[[8.41731880826377,47.39831211020675],[8.417366508263825,47.398277710206706],[8.417422608263875,47.39827641020671],[8.417411208263937,47.39804171020665],[8.417106508263695,47.39784661020661],[8.417063908263655,47.397877110206686],[8.41699920826358,47.39787821020667],[8.417002208263565,47.397963310206706],[8.41705340826361,47.3979625102067],[8.417053908263606,47.39797721020676],[8.417068508263624,47.39797691020668],[8.417086208263635,47.3979766102067],[8.417225708263752,47.39806451020667],[8.417226108263742,47.39807751020666],[8.417226608263743,47.3980868102067],[8.417261108263775,47.39808611020669],[8.417266808263747,47.39820481020675],[8.417254508263735,47.398213610206746],[8.417244608263722,47.39822071020675],[8.417262608263734,47.39823211020673],[8.417229908263701,47.39825571020677],[8.41731880826377,47.39831211020675]]]}},{"type":"Feature","properties":{"layer":"buildings","osm_type":"way","osm_id":"223123701","source":"OpenStreetMap","building":"yes"},"geometry":{"type":"Polygon","coordinates":[[[8.417008508263438,47.398387810206856],[8.417004908263504,47.3981718102068],[8.41684660826334,47.39817301020685],[8.416850208263288,47.398389010206905],[8.417008508263438,47.398387810206856]]]}},{"type":"Feature","properties":{"layer":"buildings","osm_type":"way","osm_id":"223123702","source":"OpenStreetMap","building":"yes"},"geometry":{"type":"Polygon","coordinates":[[[8.419802808266146,47.398484310206044],[8.419800708266148,47.39845101020607],[8.419860808266215,47.39844931020609],[8.419857608266225,47.39839641020605],[8.419841808266211,47.398396810206044],[8.41984070826621,47.39837901020602],[8.419747208266122,47.39838161020606],[8.419753608266102,47.39848571020613],[8.419802808266146,47.398484310206044]]]}},{"type":"Feature","properties":{"layer":"buildings","osm_type":"way","osm_id":"223123703","source":"OpenStreetMap","building":"apartments"},"geometry":{"type":"Polygon","coordinates":[[[8.418277408264533,47.39886361020663],[8.418282708264538,47.39887371020663],[8.418321508264581,47.39886441020665],[8.418316008264577,47.39885391020661],[8.41837180826464,47.39884061020663],[8.418330308264617,47.398760910206555],[8.418223408264506,47.39878641020664],[8.418265208264522,47.39886651020662],[8.418277408264533,47.39886361020663]]]}},{"type":"Feature","properties":{"layer":"buildings","osm_type":"way","osm_id":"238103531","source":"OpenStreetMap","building":"detached"},"geometry":{"type":"Polygon","coordinates":[[[8.413362308260057,47.39775981020769],[8.413371808260063,47.39778141020773],[8.413455908260147,47.39776451020768],[8.413412908260137,47.397666310207626],[8.413301208260021,47.39768871020771],[8.413334708260031,47.39776541020767],[8.413362308260057,47.39775981020769]]]}},{"type":"Feature","properties":{"layer":"buildings","osm_type":"way","osm_id":"238103532","source":"OpenStreetMap","building":"detached"},"geometry":{"type":"Polygon","coordinates":[[[8.413688608260394,47.39771931020758],[8.413679408260393,47.39769361020755],[8.413697108260406,47.39769071020757],[8.413671508260402,47.397618710207574],[8.413562408260288,47.39763641020759],[8.413597208260295,47.39773421020761],[8.413688608260394,47.39771931020758]]]}},{"type":"Feature","properties":{"layer":"buildings","osm_type":"way","osm_id":"238103533","source":"OpenStreetMap","building":"yes"},"geometry":{"type":"Polygon","coordinates":[[[8.413935608260642,47.39768711020751],[8.413927808260645,47.39766151020752],[8.413954608260669,47.39765771020748],[8.41392100826067,47.39754761020748],[8.41379040826054,47.397565910207504],[8.413831808260538,47.39770161020753],[8.413935608260642,47.39768711020751]]]}},{"type":"Feature","properties":{"layer":"buildings","osm_type":"way","osm_id":"238103534","source":"OpenStreetMap","building":"detached"},"geometry":{"type":"Polygon","coordinates":[[[8.413340208260108,47.39753111020761],[8.413302608260096,47.397440310207614],[8.413190008259978,47.397462110207634],[8.413230208259993,47.397551010207685],[8.413340208260108,47.39753111020761]]]}},{"type":"Feature","properties":{"layer":"buildings","osm_type":"way","osm_id":"238103535","source":"OpenStreetMap","building":"yes"},"geometry":{"type":"Polygon","coordinates":[[[8.413566108260337,47.39749621020754],[8.413560008260335,47.397478710207565],[8.413556308260336,47.39746831020755],[8.413583308260366,47.39746401020755],[8.413558908260367,47.397394310207545],[8.413446608260253,47.39741231020757],[8.413480808260253,47.39750991020757],[8.413566108260337,47.39749621020754]]]}},{"type":"Feature","properties":{"layer":"buildings","osm_type":"way","osm_id":"238103536","source":"OpenStreetMap","building":"yes"},"geometry":{"type":"Polygon","coordinates":[[[8.413755808260527,47.397486810207496],[8.41387680826065,47.39746781020748],[8.413883008260651,47.397485910207465],[8.413942708260713,47.397476610207434],[8.413935908260715,47.39745661020744],[8.414018108260802,47.39741951020737],[8.413880108260688,47.397352610207406],[8.413691408260503,47.39737851020751],[8.413702508260496,47.3974155102075],[8.413730108260525,47.397411710207464],[8.413755808260527,47.397486810207496]]]}},{"type":"Feature","properties":{"layer":"buildings","osm_type":"way","osm_id":"238103537","source":"OpenStreetMap","building":"yes"},"geometry":{"type":"Polygon","coordinates":[[[8.414369908261087,47.397619910207354],[8.414466208261183,47.397611610207335],[8.414450308261193,47.39752711020731],[8.414409808261155,47.39753061020733],[8.414408708261153,47.39752481020731],[8.414254308260999,47.397538210207344],[8.414271308260988,47.39762841020739],[8.414369908261087,47.397619910207354]]]}},{"type":"Feature","properties":{"layer":"buildings","osm_type":"way","osm_id":"238103538","source":"OpenStreetMap","building":"yes","leisure":"sports_centre","name":"Tenniscenter Urdorf"},"geometry":{"type":"Polygon","coordinates":[[[8.421103408268781,47.39402211020427],[8.421092908268772,47.39403631020429],[8.421072308268748,47.39402931020429],[8.421082608268764,47.39401541020428],[8.421008508268699,47.3939901102043],[8.420784408268386,47.394290910204454],[8.420860108268455,47.39431671020446],[8.420870208268465,47.39430311020443],[8.420889808268484,47.39430981020444],[8.420879908268475,47.39432311020447],[8.421839308269307,47.39465061020431],[8.42190337884845,47.394564611356216],[8.42189837581369,47.39429347654537],[8.421103408268781,47.39402211020427]]]}},{"type":"Feature","properties":{"layer":"buildings","osm_type":"way","osm_id":"238103540","source":"OpenStreetMap","building":"yes"},"geometry":{"type":"Polygon","coordinates":[[[8.420602008268256,47.39412121020445],[8.42064680826831,47.394110010204415],[8.420688608268371,47.39404861020442],[8.420687308268372,47.394032410204446],[8.42077050826849,47.39391051020432],[8.420796608268521,47.39390381020434],[8.42083640826858,47.39384331020432],[8.42083710826858,47.39382771020429],[8.420860408268616,47.39379251020427],[8.420886108268652,47.393753910204275],[8.42084460826863,47.39367901020423],[8.420752508268558,47.39365081020429],[8.420740208268544,47.39363931020431],[8.42066760826848,47.393616810204314],[8.420642108268451,47.39362321020427],[8.420442308268273,47.39356171020434],[8.420429308268268,47.39355081020432],[8.420357708268206,47.393527510204336],[8.42024410826808,47.39355611020438],[8.420220108268047,47.3935938102044],[8.42019410826801,47.39362991020439],[8.420177908267991,47.393639110204425],[8.420137508267937,47.39369881020446],[8.420145908267937,47.393719110204444],[8.420063908267817,47.39384031020456],[8.420046808267799,47.393849710204556],[8.420004908267739,47.39391091020456],[8.420025408267746,47.39394751020461],[8.420046508267758,47.39398641020459],[8.420138608267834,47.394015410204574],[8.420150308267846,47.39402641020459],[8.42022280826791,47.39404911020454],[8.420249108267942,47.39404311020451],[8.420449908268118,47.394104810204496],[8.42046320826813,47.394115910204484],[8.420535708268194,47.39413841020447],[8.420602008268256,47.39412121020445]]]}},{"type":"Feature","properties":{"layer":"buildings","osm_type":"way","osm_id":"238103541","source":"OpenStreetMap","building":"industrial"},"geometry":{"type":"Polygon","coordinates":[[[8.4214103082691,47.39396521020418],[8.4214182082691,47.393982310204194],[8.42144450826913,47.39397691020418],[8.421895377745457,47.394130997690375],[8.421890695587287,47.39387724839107],[8.421589008269333,47.393774210204086],[8.421607408269363,47.393748910204074],[8.421588408269342,47.39374301020409],[8.421571108269326,47.393736910204034],[8.421602808269371,47.393694410204056],[8.42159420826937,47.393675010204056],[8.421395608269194,47.39360681020412],[8.42136600826917,47.39361351020412],[8.421177108268896,47.39386791020419],[8.421186508268907,47.393888810204245],[8.4214103082691,47.39396521020418]]]}},{"type":"Feature","properties":{"layer":"buildings","osm_type":"way","osm_id":"238159671","source":"OpenStreetMap","building":"industrial","name":"Grünes Hause"},"geometry":{"type":"Polygon","coordinates":[[[8.418438508266338,47.39347661020487],[8.418649608266541,47.39350181020484],[8.41868430826661,47.3933687102048],[8.418685308266618,47.39336471020478],[8.418213608266164,47.39330841020488],[8.41809380826591,47.39376851020504],[8.418142808265962,47.39377431020504],[8.418134108265944,47.39380741020507],[8.418345708266136,47.39383271020501],[8.418354208266155,47.393799910205004],[8.418438508266338,47.39347661020487]]]}},{"type":"Feature","properties":{"layer":"buildings","osm_type":"way","osm_id":"238160391","source":"OpenStreetMap","building":"yes"},"geometry":{"type":"Polygon","coordinates":[[[8.420385308268617,47.39225931020394],[8.420393308268626,47.39226041020394],[8.420396808268633,47.39224871020394],[8.42040000826864,47.39223821020392],[8.42039100826863,47.39223701020393],[8.420400908268649,47.39220411020389],[8.42006050826833,47.39215731020404],[8.419950708268116,47.39252331020412],[8.420292008268428,47.392570310204064],[8.420385308268617,47.39225931020394]]]}},{"type":"Feature","properties":{"layer":"buildings","osm_type":"way","osm_id":"238691712","source":"OpenStreetMap","building":"kindergarten"},"geometry":{"type":"Polygon","coordinates":[[[8.418159308264977,47.39704101020607],[8.418159408264971,47.397048710206114],[8.418186108265001,47.39704841020608],[8.418214408265028,47.397048110206086],[8.418214408265028,47.39703991020611],[8.418245708265063,47.39703951020608],[8.418281308265119,47.396962410206015],[8.418182408265041,47.396914710206055],[8.418086508264933,47.3969645102061],[8.418090608264933,47.39697311020608],[8.418007508264846,47.39697441020613],[8.418008408264834,47.39702171020613],[8.418092608264917,47.3970208102061],[8.418092308264919,47.39701521020607],[8.418112208264938,47.39701511020613],[8.418125908264946,47.397041110206146],[8.418159308264977,47.39704101020607]]]}},{"type":"Feature","properties":{"layer":"buildings","osm_type":"way","osm_id":"238935655","source":"OpenStreetMap","building":"yes"},"geometry":{"type":"Polygon","coordinates":[[[8.419923008268356,47.39164071020386],[8.419924308268355,47.391640910203854],[8.419903508268312,47.391701810203905],[8.419890308268302,47.39170771020389],[8.419898208268304,47.3917170102039],[8.419889508268286,47.3917427102039],[8.419876008268275,47.39174891020391],[8.419884308268275,47.3917577102039],[8.419875308268264,47.39178401020393],[8.419861408268249,47.39179021020395],[8.419870208268255,47.391799010203904],[8.419861208268232,47.39182521020394],[8.419846508268218,47.39183111020396],[8.419855908268229,47.39184071020396],[8.419835908268185,47.391899310203975],[8.419968108268309,47.39192001020394],[8.419975908268318,47.391929410203915],[8.419989708268329,47.39192341020395],[8.420068908268409,47.39193581020391],[8.420077308268413,47.39194581020392],[8.420091208268431,47.39193931020392],[8.420172008268501,47.391952010203866],[8.4201791082685,47.39196111020385],[8.420193008268521,47.39195531020386],[8.4202733082686,47.39196791020388],[8.420280008268602,47.39197761020387],[8.420294808268622,47.39197131020389],[8.420427208268737,47.39199201020383],[8.42044710826876,47.39198361020383],[8.420448508268768,47.39197821020383],[8.420461908268779,47.39197211020383],[8.420454108268776,47.39196371020378],[8.420459208268788,47.3919479102038],[8.42046310826879,47.39193561020382],[8.420476808268804,47.39193031020383],[8.420467608268803,47.391921210203755],[8.42047210826881,47.39190831020379],[8.420460008268797,47.39189591020383],[8.420462808268807,47.39188791020378],[8.42046500826881,47.39188161020377],[8.420488908268856,47.39181061020375],[8.420502708268872,47.39180511020375],[8.42049380826886,47.3917961102037],[8.42050270826888,47.391769910203756],[8.420516808268898,47.39176411020375],[8.42050790826889,47.39175431020377],[8.420513408268901,47.39173801020373],[8.4205150082689,47.39173851020371],[8.420579473645418,47.39154736300909],[8.419953108252418,47.39155268366139],[8.419923008268356,47.39164071020386]]]}},{"type":"Feature","properties":{"layer":"buildings","osm_type":"way","osm_id":"238935658","source":"OpenStreetMap","building":"yes"},"geometry":{"type":"Polygon","coordinates":[[[8.419415008267725,47.39207041020412],[8.419351408267591,47.392283110204225],[8.419781808267999,47.392342110204126],[8.419845408268127,47.39212931020404],[8.419415008267725,47.39207041020412]]]}},{"type":"Feature","properties":{"layer":"buildings","osm_type":"way","osm_id":"238935659","source":"OpenStreetMap","building":"yes"},"geometry":{"type":"Polygon","coordinates":[[[8.419115808267536,47.391709410204115],[8.419105208267522,47.39173981020415],[8.419197908267607,47.391754510204095],[8.419266073501195,47.39155851575984],[8.41913615673878,47.391559618137094],[8.419085708267513,47.39170461020414],[8.419115808267536,47.391709410204115]]]}},{"type":"Feature","properties":{"layer":"buildings","osm_type":"way","osm_id":"238935660","source":"OpenStreetMap","building":"industrial","name":"Foitek"},"geometry":{"type":"Polygon","coordinates":[[[8.417822408266233,47.39183791020453],[8.4178957082663,47.39184761020453],[8.417886908266285,47.391878310204525],[8.417962108266357,47.39188821020451],[8.417970908266376,47.391857910204465],[8.418012808266418,47.391863410204465],[8.418013308266417,47.391861510204436],[8.418126208266514,47.39187641020447],[8.418125008266538,47.39181271020445],[8.418134508266567,47.39174881020439],[8.418153408266607,47.3916830102044],[8.418181708266653,47.391616010204324],[8.418210102925977,47.3915674717065],[8.417899505280163,47.39157010412302],[8.417822408266233,47.39183791020453]]]}},{"type":"Feature","properties":{"layer":"buildings","osm_type":"way","osm_id":"238935661","source":"OpenStreetMap","building":"yes"},"geometry":{"type":"Polygon","coordinates":[[[8.417802693470573,47.39157092446386],[8.417546080221545,47.39157309849921],[8.417456608265864,47.39187401020463],[8.417510308265916,47.39188141020463],[8.417518008265928,47.39185541020467],[8.417584008265997,47.39186441020461],[8.417576308265984,47.39189041020465],[8.417702608266092,47.39190761020458],[8.417802693470573,47.39157092446386]]]}},{"type":"Feature","properties":{"layer":"buildings","osm_type":"way","osm_id":"238935662","source":"OpenStreetMap","building":"industrial"},"geometry":{"type":"Polygon","coordinates":[[[8.418094208266432,47.392079310204544],[8.418089908266424,47.39207961020452],[8.418088408266422,47.392071910204514],[8.418079608266416,47.392072710204516],[8.418076208266413,47.392054910204514],[8.41751240826585,47.39210381020471],[8.417512708265845,47.39210521020472],[8.417427808265765,47.39211251020473],[8.41745950826574,47.392280310204775],[8.417539008265821,47.39227341020471],[8.417539208265822,47.39227441020473],[8.417876508266163,47.392245210204585],[8.417873208266164,47.392227610204635],[8.418118208266412,47.39220631020457],[8.418094208266432,47.392079310204544]]]}},{"type":"Feature","properties":{"layer":"buildings","osm_type":"way","osm_id":"238935663","source":"OpenStreetMap","building":"yes"},"geometry":{"type":"Polygon","coordinates":[[[8.41964870826774,47.39277231020428],[8.419653008267746,47.39276651020431],[8.419709508267855,47.39258361020422],[8.419707208267852,47.39257631020421],[8.419701108267848,47.3925734102042],[8.419438508267607,47.392537010204286],[8.419432108267598,47.3925376102043],[8.419426708267594,47.39254151020433],[8.419369708267483,47.39272781020437],[8.41937110826748,47.39273311020437],[8.419376508267481,47.39273721020437],[8.419640508267731,47.392774510204305],[8.41964870826774,47.39277231020428]]]}},{"type":"Feature","properties":{"layer":"buildings","osm_type":"way","osm_id":"238935664","source":"OpenStreetMap","building":"yes"},"geometry":{"type":"Polygon","coordinates":[[[8.41921360826727,47.39291131020448],[8.419278608267405,47.392691210204426],[8.418948608267089,47.39264571020449],[8.418914008267022,47.392758410204486],[8.419102508267198,47.392785410204475],[8.41909640826719,47.39280661020447],[8.41906450826712,47.39291681020452],[8.419206108267257,47.39293671020449],[8.41921360826727,47.39291131020448]]]}},{"type":"Feature","properties":{"layer":"buildings","osm_type":"way","osm_id":"238935665","source":"OpenStreetMap","building":"industrial"},"geometry":{"type":"Polygon","coordinates":[[[8.41864950826669,47.39300511020467],[8.418648208266685,47.393008010204646],[8.41871880826675,47.39301741020463],[8.418756008266833,47.39289021020459],[8.418686008266757,47.392880210204574],[8.418803708267,47.39248621020448],[8.41854720826676,47.39244981020452],[8.41848450826663,47.392659810204584],[8.418426208266583,47.392651910204606],[8.418424908266571,47.39265891020462],[8.418318508266475,47.39264541020464],[8.418292108266424,47.392737810204665],[8.418428308266547,47.39275381020463],[8.418458708266582,47.39274581020464],[8.418390408266447,47.39296901020472],[8.41864950826669,47.39300511020467]]]}},{"type":"Feature","properties":{"layer":"buildings","osm_type":"way","osm_id":"238935666","source":"OpenStreetMap","building":"yes"},"geometry":{"type":"Polygon","coordinates":[[[8.418630408266877,47.39234211020449],[8.418652108266912,47.39227051020441],[8.418549308266822,47.392256210204486],[8.418527608266773,47.39232781020446],[8.418630408266877,47.39234211020449]]]}},{"type":"Feature","properties":{"layer":"buildings","osm_type":"way","osm_id":"238935667","source":"OpenStreetMap","building":"industrial"},"geometry":{"type":"Polygon","coordinates":[[[8.417784308265764,47.393261210205],[8.417812708265787,47.39326571020496],[8.417863008265886,47.39310631020495],[8.41782760826589,47.39299781020488],[8.41712690826517,47.39309971020514],[8.417130108265168,47.39310921020515],[8.41716410826517,47.393208410205126],[8.417333608265341,47.39318421020511],[8.417282008265243,47.39335451020518],[8.417735508265663,47.39341991020506],[8.417784308265764,47.393261210205]]]}},{"type":"Feature","properties":{"layer":"buildings","osm_type":"way","osm_id":"238935703","source":"OpenStreetMap","building":"farm"},"geometry":{"type":"Polygon","coordinates":[[[8.413428508261836,47.392137310205854],[8.413422808261828,47.39214931020586],[8.413508208261904,47.39216811020581],[8.41353660826195,47.39210901020581],[8.413520808261934,47.392105510205845],[8.413537108261966,47.39207151020582],[8.413424608261858,47.392046810205855],[8.413385608261802,47.3921279102059],[8.413428508261836,47.392137310205854]]]}},{"type":"Feature","properties":{"layer":"buildings","osm_type":"way","osm_id":"238935704","source":"OpenStreetMap","building":"farm_auxiliary"},"geometry":{"type":"Polygon","coordinates":[[[8.4135476082619,47.39230451020589],[8.41362390826197,47.392321910205844],[8.413822508262152,47.39236711020584],[8.413904908262285,47.392201310205785],[8.413707408262104,47.39215631020577],[8.413650208262013,47.39227141020588],[8.413563008261937,47.39225161020589],[8.413537808261895,47.392302310205885],[8.4135476082619,47.39230451020589]]]}},{"type":"Feature","properties":{"layer":"buildings","osm_type":"way","osm_id":"283789814","source":"OpenStreetMap","building":"semidetached_house"},"geometry":{"type":"Polygon","coordinates":[[[8.406157708252247,47.400213710210544],[8.406155008252247,47.400210210210524],[8.406193108252292,47.4001963102105],[8.406107807487363,47.40008897095914],[8.406110385210173,47.40023093523926],[8.406157708252247,47.400213710210544]]]}},{"type":"Feature","properties":{"layer":"buildings","osm_type":"way","osm_id":"283789827","source":"OpenStreetMap","building":"apartments"},"geometry":{"type":"Polygon","coordinates":[[[8.406328308252585,47.3996660102103],[8.406318208252578,47.39965801021034],[8.406423208252699,47.39959731021027],[8.406317108252615,47.39951311021027],[8.406217708252498,47.39957051021031],[8.406227808252513,47.39957861021031],[8.406099880647176,47.399652407134134],[8.4061024924504,47.3997962507241],[8.406328308252585,47.3996660102103]]]}},{"type":"Feature","properties":{"layer":"buildings","osm_type":"way","osm_id":"292850216","source":"OpenStreetMap","building":"yes"},"geometry":{"type":"Polygon","coordinates":[[[8.412795808259323,47.39834611020803],[8.412918308259453,47.398312410208014],[8.412874308259436,47.39823921020801],[8.412767308259319,47.398268610208035],[8.41277400825932,47.39827981020804],[8.412758608259306,47.39828411020799],[8.41276590825931,47.398296310208075],[8.412795808259323,47.39834611020803]]]}},{"type":"Feature","properties":{"layer":"buildings","osm_type":"way","osm_id":"292850217","source":"OpenStreetMap","building":"yes"},"geometry":{"type":"Polygon","coordinates":[[[8.412517308259076,47.39824991020809],[8.412471408259057,47.39817881020807],[8.412362608258944,47.39821101020809],[8.412408508258965,47.398282110208086],[8.412517308259076,47.39824991020809]]]}},{"type":"Feature","properties":{"layer":"buildings","osm_type":"way","osm_id":"292854418","source":"OpenStreetMap","building":"semidetached_house"},"geometry":{"type":"Polygon","coordinates":[[[8.413529908260141,47.39804091020776],[8.413564208260151,47.39810881020777],[8.413691108260279,47.398079410207714],[8.413687708260287,47.3980726102077],[8.413672608260272,47.3980427102077],[8.41365510826026,47.3980468102077],[8.413639308260251,47.398015610207665],[8.413529908260141,47.39804091020776]]]}},{"type":"Feature","properties":{"layer":"buildings","osm_type":"way","osm_id":"292854419","source":"OpenStreetMap","building":"apartments"},"geometry":{"type":"Polygon","coordinates":[[[8.41315960825922,47.39985681020843],[8.413157908259222,47.39984891020842],[8.41326330825933,47.39983791020841],[8.413243108259335,47.399749210208384],[8.412989508259077,47.39977571020843],[8.412994108259076,47.399796110208456],[8.413012208259065,47.399872210208464],[8.41315960825922,47.39985681020843]]]}},{"type":"Feature","properties":{"layer":"buildings","osm_type":"way","osm_id":"292854420","source":"OpenStreetMap","building":"garage"},"geometry":{"type":"Polygon","coordinates":[[[8.413012208259065,47.399872210208464],[8.412994108259076,47.399796110208456],[8.412873908258952,47.39980931020849],[8.412892208258947,47.39988541020849],[8.413012208259065,47.399872210208464]]]}},{"type":"Feature","properties":{"layer":"buildings","osm_type":"way","osm_id":"292854421","source":"OpenStreetMap","building":"roof"},"geometry":{"type":"Polygon","coordinates":[[[8.41374140825984,47.3996963102082],[8.413423108259515,47.3997245102083],[8.413427408259516,47.39974531020831],[8.413744708259838,47.3997132102082],[8.41374140825984,47.3996963102082]]]}},{"type":"Feature","properties":{"layer":"buildings","osm_type":"way","osm_id":"292854423","source":"OpenStreetMap","building":"yes"},"geometry":{"type":"Polygon","coordinates":[[[8.41384330826045,47.398036510207646],[8.413783108260414,47.397917510207606],[8.413724108260359,47.397931210207645],[8.413749708260372,47.397981810207646],[8.41378430826038,47.39805021020768],[8.41384330826045,47.398036510207646]]]}},{"type":"Feature","properties":{"layer":"buildings","osm_type":"way","osm_id":"292854424","source":"OpenStreetMap","building":"apartments"},"geometry":{"type":"Polygon","coordinates":[[[8.412892208258947,47.39988541020849],[8.412873908258952,47.39980931020849],[8.412868408258957,47.399787110208464],[8.412611708258694,47.399819110208604],[8.41264140825869,47.399919410208575],[8.412892208258947,47.39988541020849]]]}},{"type":"Feature","properties":{"layer":"buildings","osm_type":"way","osm_id":"295518665","source":"OpenStreetMap","building":"apartments"},"geometry":{"type":"Polygon","coordinates":[[[8.420438908267645,47.39562671020502],[8.42042250826764,47.39559301020498],[8.420429208267645,47.395583310204955],[8.420388408267613,47.39556911020499],[8.420383308267605,47.39557841020498],[8.420332008267547,47.39558971020502],[8.42030260826752,47.39557981020501],[8.420273108267478,47.39562041020503],[8.420302008267504,47.395629410205025],[8.420328908267514,47.39568441020504],[8.420409808267598,47.39566671020502],[8.42043790826762,47.395676210205],[8.420467708267665,47.39563671020501],[8.420438908267645,47.39562671020502]]]}},{"type":"Feature","properties":{"layer":"buildings","osm_type":"way","osm_id":"295518666","source":"OpenStreetMap","building":"apartments"},"geometry":{"type":"Polygon","coordinates":[[[8.421107708268213,47.395905310204874],[8.421133108268219,47.39595951020491],[8.421213808268302,47.395942010204884],[8.421242408268327,47.39595161020487],[8.421272808268371,47.39591261020484],[8.421242708268345,47.39590221020488],[8.421225708268338,47.39586771020486],[8.421232008268348,47.39585791020484],[8.421195308268313,47.39584471020484],[8.421186308268304,47.395853810204855],[8.421136208268248,47.395865010204886],[8.421106608268225,47.395855310204844],[8.421077508268189,47.3958952102049],[8.421107708268213,47.395905310204874]]]}},{"type":"Feature","properties":{"layer":"buildings","osm_type":"way","osm_id":"295612216","source":"OpenStreetMap","building":"commercial"},"geometry":{"type":"Polygon","coordinates":[[[8.42012890826756,47.39489171020485],[8.420041408267437,47.395009910204905],[8.420367108267728,47.395122710204845],[8.420469108267865,47.39498611020475],[8.42062410826808,47.39477851020465],[8.419966908267504,47.394553010204795],[8.41990870826743,47.39463181020483],[8.420196908267682,47.3947307102048],[8.420166508267636,47.3947716102048],[8.420135408267594,47.3948135102048],[8.42008770826753,47.39487701020489],[8.42012890826756,47.39489171020485]]]}},{"type":"Feature","properties":{"layer":"buildings","osm_type":"way","osm_id":"295612218","source":"OpenStreetMap","building":"commercial"},"geometry":{"type":"Polygon","coordinates":[[[8.421082208268334,47.395412910204726],[8.421085708268345,47.39541371020476],[8.421069008268313,47.395434410204736],[8.421086408268327,47.39546871020476],[8.421282108268494,47.39553521020472],[8.421285808268498,47.395543110204756],[8.421343508268551,47.395562710204715],[8.421355808268558,47.39556071020471],[8.42155080826873,47.395627610204656],[8.421599508268779,47.39561701020467],[8.421660208268865,47.39553451020463],[8.421663908268869,47.39553551020461],[8.4216848082689,47.3955057102046],[8.42114910826843,47.3953224102047],[8.421082208268334,47.395412910204726]]]}},{"type":"Feature","properties":{"layer":"buildings","osm_type":"way","osm_id":"296565322","source":"OpenStreetMap","building":"yes","name":"In der Luberzen"},"geometry":{"type":"Polygon","coordinates":[[[8.419589108267582,47.39308961020443],[8.419580708267565,47.39311731020441],[8.419650008267629,47.393126910204415],[8.41967470826768,47.393045010204375],[8.419742908267818,47.39281911020431],[8.419359708267457,47.39276441020437],[8.41927460826729,47.39304631020448],[8.419589108267582,47.39308961020443]]]}},{"type":"Feature","properties":{"layer":"buildings","osm_type":"way","osm_id":"296565491","source":"OpenStreetMap","building":"yes","name":"Imbiss"},"geometry":{"type":"Polygon","coordinates":[[[8.41993500826754,47.394350610204704],[8.419952308267561,47.39432641020472],[8.41984490826747,47.39429111020473],[8.419827608267443,47.39431531020476],[8.41993500826754,47.394350610204704]]]}},{"type":"Feature","properties":{"layer":"buildings","osm_type":"way","osm_id":"314285357","source":"OpenStreetMap","building":"yes"},"geometry":{"type":"Polygon","coordinates":[[[8.416749008264903,47.39275031020516],[8.416802108264957,47.39274141020508],[8.41681060826496,47.392763810205096],[8.417187208265354,47.392697310204994],[8.417094008265337,47.3924524102049],[8.41693600826517,47.392480410204996],[8.416970508265177,47.392568010205],[8.416955608265164,47.392570710205014],[8.416880008265084,47.39258481020501],[8.416834708265075,47.392471310204996],[8.41667330826491,47.392499210205024],[8.416749008264903,47.39275031020516]]]}},{"type":"Feature","properties":{"layer":"buildings","osm_type":"way","osm_id":"314285362","source":"OpenStreetMap","building":"yes"},"geometry":{"type":"Polygon","coordinates":[[[8.417093608265413,47.3921761102048],[8.41707140826543,47.39205971020481],[8.41701910826538,47.39206401020482],[8.417007508265387,47.39200851020481],[8.417012008265392,47.39200811020482],[8.417015608265391,47.39200781020484],[8.417010408265396,47.391979310204775],[8.417006208265386,47.391979610204785],[8.417001408265385,47.391979910204824],[8.416967108265418,47.39177911020477],[8.416964008265415,47.391763710204735],[8.416930308265442,47.39158731020471],[8.416614508265107,47.391664210204816],[8.416588108265074,47.3916700102048],[8.416564908265048,47.391679410204816],[8.416546808265032,47.391689610204864],[8.416528808265008,47.39170401020487],[8.416515908264994,47.39171951020486],[8.416508808264986,47.39173101020485],[8.416503108264969,47.39174741020487],[8.416501508264965,47.39177111020491],[8.416667408265129,47.39175641020482],[8.41668680826512,47.39186381020484],[8.416494708264922,47.39188041020487],[8.416487508264877,47.39200071020497],[8.4167087082651,47.39198231020486],[8.416729908265088,47.39208871020491],[8.416479808264832,47.392110310205],[8.416473908264793,47.392229710205],[8.417093608265413,47.3921761102048]]]}},{"type":"Feature","properties":{"layer":"buildings","osm_type":"way","osm_id":"314285365","source":"OpenStreetMap","building":"yes"},"geometry":{"type":"Polygon","coordinates":[[[8.417101808265551,47.39176671020472],[8.41709910826555,47.39175231020471],[8.416964008265415,47.391763710204735],[8.416967108265418,47.39177911020477],[8.417101808265551,47.39176671020472]]]}},{"type":"Feature","properties":{"layer":"buildings","osm_type":"way","osm_id":"314285367","source":"OpenStreetMap","building":"roof"},"geometry":{"type":"Polygon","coordinates":[[[8.417767508265866,47.392866210204836],[8.417704908265861,47.39268301020483],[8.417627708265783,47.392695110204826],[8.417690308265787,47.39287831020492],[8.417767508265866,47.392866210204836]]]}},{"type":"Feature","properties":{"layer":"buildings","osm_type":"way","osm_id":"314285368","source":"OpenStreetMap","building":"yes"},"geometry":{"type":"Polygon","coordinates":[[[8.417988108266119,47.39274651020477],[8.417961308266126,47.39263261020472],[8.417843408266009,47.392645410204764],[8.417864508266002,47.39273481020481],[8.417818108265957,47.39273981020483],[8.417823908265957,47.392764210204795],[8.417988108266119,47.39274651020477]]]}},{"type":"Feature","properties":{"layer":"buildings","osm_type":"way","osm_id":"314285369","source":"OpenStreetMap","building":"yes"},"geometry":{"type":"Polygon","coordinates":[[[8.416852408264953,47.39292941020514],[8.416816808264942,47.392843410205124],[8.416813408264941,47.392835010205104],[8.416654208264774,47.39286391020518],[8.416658108264775,47.39287541020518],[8.416747408264843,47.39294971020521],[8.416852408264953,47.39292941020514]]]}},{"type":"Feature","properties":{"layer":"buildings","osm_type":"way","osm_id":"314285371","source":"OpenStreetMap","building":"yes"},"geometry":{"type":"Polygon","coordinates":[[[8.417331708265726,47.39193041020467],[8.417263594092201,47.391575491070704],[8.417089521213093,47.391576965070705],[8.417119908265576,47.39173971020472],[8.41709710826555,47.3917416102047],[8.41709910826555,47.39175231020471],[8.417101808265551,47.39176671020472],[8.41711030826555,47.391811010204684],[8.41713290826557,47.3918090102047],[8.417158908265549,47.39194551020474],[8.417331708265726,47.39193041020467]]]}},{"type":"Feature","properties":{"layer":"buildings","osm_type":"way","osm_id":"314285379","source":"OpenStreetMap","building":"yes"},"geometry":{"type":"Polygon","coordinates":[[[8.418031608266228,47.392537610204684],[8.417967908266219,47.39237521020466],[8.417876308266118,47.39239171020468],[8.417536008265767,47.3924529102048],[8.417398708265624,47.3924776102048],[8.417462408265637,47.39264001020489],[8.418031608266228,47.392537610204684]]]}},{"type":"Feature","properties":{"layer":"buildings","osm_type":"way","osm_id":"314285382","source":"OpenStreetMap","building":"yes"},"geometry":{"type":"Polygon","coordinates":[[[8.417121808265195,47.392987110205105],[8.417061408265198,47.39279391020506],[8.416946108265078,47.392816710205096],[8.416947108265076,47.39281991020508],[8.416967008265072,47.392881510205086],[8.416912008265024,47.39288851020512],[8.416892708265,47.392904110205144],[8.416927408264995,47.39301531020514],[8.417121808265195,47.392987110205105]]]}},{"type":"Feature","properties":{"layer":"buildings","osm_type":"way","osm_id":"314430899","source":"OpenStreetMap","building":"industrial"},"geometry":{"type":"Polygon","coordinates":[[[8.421870063881133,47.39275908508978],[8.421863101215864,47.39238172327971],[8.421118008269328,47.39227721020372],[8.421022008269137,47.39259091020386],[8.420982408269104,47.392585410203885],[8.420973008269083,47.39261611020391],[8.421012608269121,47.39262171020384],[8.421007608269111,47.39263811020384],[8.421870063881133,47.39275908508978]]]}},{"type":"Feature","properties":{"layer":"buildings","osm_type":"way","osm_id":"314430908","source":"OpenStreetMap","building":"industrial"},"geometry":{"type":"Polygon","coordinates":[[[8.419082608267281,47.39245171020434],[8.419153308267424,47.392217510204254],[8.419206908267531,47.392040210204215],[8.41904190826738,47.392017410204225],[8.418917608267128,47.392428910204416],[8.419082608267281,47.39245171020434]]]}},{"type":"Feature","properties":{"layer":"buildings","osm_type":"way","osm_id":"314534368","source":"OpenStreetMap","building":"apartments"},"geometry":{"type":"Polygon","coordinates":[[[8.406342508252887,47.39870361021],[8.406354908252899,47.39871911021],[8.406142108252663,47.39879721021009],[8.406236908252719,47.39891561021009],[8.406541908253054,47.398803710209975],[8.40652010825304,47.398776610209964],[8.40671040825325,47.398706810209916],[8.406625008253197,47.3986001102099],[8.406342508252887,47.39870361021]]]}},{"type":"Feature","properties":{"layer":"buildings","osm_type":"way","osm_id":"316429878","source":"OpenStreetMap","building":"yes"},"geometry":{"type":"Polygon","coordinates":[[[8.418445408266718,47.392242110204464],[8.418424308266681,47.39231401020452],[8.418527608266773,47.39232781020446],[8.418549308266822,47.392256210204486],[8.418445408266718,47.392242110204464]]]}},{"type":"Feature","properties":{"layer":"buildings","osm_type":"way","osm_id":"321638179","source":"OpenStreetMap","building":"shed"},"geometry":{"type":"Polygon","coordinates":[[[8.410552708257834,47.39603361020797],[8.410509308257806,47.395976110207904],[8.410385808257676,47.39601871020796],[8.410398308257683,47.39603521020797],[8.410378808257658,47.39604191020799],[8.410391708257666,47.39605901020797],[8.410376008257646,47.396064510208014],[8.41041400825767,47.396114910208006],[8.410480508257745,47.39609201020796],[8.410460508257732,47.39606541020797],[8.410552708257834,47.39603361020797]]]}},{"type":"Feature","properties":{"layer":"buildings","osm_type":"way","osm_id":"321638180","source":"OpenStreetMap","building":"shed"},"geometry":{"type":"Polygon","coordinates":[[[8.410954108258267,47.395883610207754],[8.410903508258242,47.395817010207736],[8.410775808258101,47.39586141020779],[8.410826408258131,47.39592801020782],[8.410954108258267,47.395883610207754]]]}},{"type":"Feature","properties":{"layer":"buildings","osm_type":"way","osm_id":"321638181","source":"OpenStreetMap","building":"shed"},"geometry":{"type":"Polygon","coordinates":[[[8.410096608257335,47.39617501020806],[8.410063608257323,47.396129410208104],[8.409940908257191,47.39617011020816],[8.40997390825721,47.396215710208196],[8.410096608257335,47.39617501020806]]]}},{"type":"Feature","properties":{"layer":"buildings","osm_type":"way","osm_id":"321638182","source":"OpenStreetMap","building":"shed"},"geometry":{"type":"Polygon","coordinates":[[[8.411692508259064,47.395655710207485],[8.411658308259042,47.395606210207504],[8.411524508258903,47.39564851020754],[8.41155870825892,47.39569811020756],[8.411692508259064,47.395655710207485]]]}},{"type":"Feature","properties":{"layer":"buildings","osm_type":"way","osm_id":"321638183","source":"OpenStreetMap","building":"shed"},"geometry":{"type":"Polygon","coordinates":[[[8.411946608259354,47.395516510207365],[8.411849508259282,47.39544501020735],[8.41176060825918,47.395500310207446],[8.411857708259253,47.395571810207414],[8.411946608259354,47.395516510207365]]]}},{"type":"Feature","properties":{"layer":"buildings","osm_type":"way","osm_id":"321638184","source":"OpenStreetMap","building":"shed"},"geometry":{"type":"Polygon","coordinates":[[[8.411490308258845,47.39573491020759],[8.411446108258811,47.39568331020759],[8.411298308258653,47.395741110207645],[8.411342408258676,47.395792810207645],[8.411490308258845,47.39573491020759]]]}},{"type":"Feature","properties":{"layer":"buildings","osm_type":"way","osm_id":"321638185","source":"OpenStreetMap","building":"shed"},"geometry":{"type":"Polygon","coordinates":[[[8.4111740082585,47.39584801020769],[8.411164208258489,47.395836110207725],[8.411235508258569,47.39580911020769],[8.41119990825855,47.39576601020768],[8.411041808258373,47.39582581020773],[8.411087208258408,47.39588081020776],[8.4111740082585,47.39584801020769]]]}},{"type":"Feature","properties":{"layer":"buildings","osm_type":"way","osm_id":"321638186","source":"OpenStreetMap","building":"shed"},"geometry":{"type":"Polygon","coordinates":[[[8.409868608257092,47.39624921020821],[8.409874708257096,47.39625741020823],[8.40991520825714,47.39624361020818],[8.409878208257126,47.3961941102082],[8.40974930825698,47.39623821020826],[8.409780208257,47.396279510208245],[8.409868608257092,47.39624921020821]]]}},{"type":"Feature","properties":{"layer":"buildings","osm_type":"way","osm_id":"321638187","source":"OpenStreetMap","building":"shed"},"geometry":{"type":"Polygon","coordinates":[[[8.410787108258084,47.395961710207835],[8.410737808258048,47.39589781020785],[8.41063100825794,47.3959355102079],[8.410635608257943,47.39594141020789],[8.410614608257921,47.395948910207856],[8.410652808257938,47.39599841020787],[8.410674508257966,47.395990710207926],[8.410681108257966,47.39599921020788],[8.410787108258084,47.395961710207835]]]}},{"type":"Feature","properties":{"layer":"buildings","osm_type":"way","osm_id":"321638188","source":"OpenStreetMap","building":"shed"},"geometry":{"type":"Polygon","coordinates":[[[8.410272108257532,47.39611771020805],[8.410288308257543,47.396138710208064],[8.410349808257605,47.396117010208044],[8.41032230825759,47.39608121020799],[8.41029810825756,47.396089810208025],[8.410275508257556,47.39606051020805],[8.410160908257428,47.39610091020806],[8.410194808257446,47.3961449102081],[8.410272108257532,47.39611771020805]]]}},{"type":"Feature","properties":{"layer":"buildings","osm_type":"way","osm_id":"366965564","source":"OpenStreetMap","building":"industrial"},"geometry":{"type":"Polygon","coordinates":[[[8.421425208269667,47.39216051020361],[8.421860134264357,47.39222091910562],[8.421857082196036,47.39205550070708],[8.42147330826976,47.39200171020354],[8.421425208269667,47.39216051020361]]]}},{"type":"Feature","properties":{"layer":"buildings","osm_type":"way","osm_id":"493056249","source":"OpenStreetMap","building":"yes"},"geometry":{"type":"Polygon","coordinates":[[[8.419300708265679,47.39840831020621],[8.419289708265632,47.398528310206224],[8.419320508265647,47.39858361020624],[8.419407008265738,47.39855941020625],[8.41952090826586,47.39852081020619],[8.419520008265893,47.39840371020615],[8.419300708265679,47.39840831020621]]]}},{"type":"Feature","properties":{"layer":"buildings","osm_type":"way","osm_id":"493056252","source":"OpenStreetMap","building":"yes"},"geometry":{"type":"Polygon","coordinates":[[[8.419385208265783,47.398333910206155],[8.419538808265935,47.398330210206105],[8.419533308265956,47.3982245102061],[8.41928950826572,47.39823031020617],[8.419295108265688,47.39833601020619],[8.419385208265783,47.398333910206155]]]}},{"type":"Feature","properties":{"layer":"buildings","osm_type":"way","osm_id":"506619555","source":"OpenStreetMap","building":"roof"},"geometry":{"type":"Polygon","coordinates":[[[8.419318708267483,47.39255861020433],[8.418988008267167,47.39251321020437],[8.418948608267089,47.39264571020449],[8.419278608267405,47.392691210204426],[8.419318708267483,47.39255861020433]]]}},{"type":"Feature","properties":{"layer":"buildings","osm_type":"way","osm_id":"519840809","source":"OpenStreetMap","building":"apartments"},"geometry":{"type":"Polygon","coordinates":[[[8.416715508263874,47.39601331020618],[8.416741008263934,47.395908510206134],[8.416706808263905,47.395904610206145],[8.416722608263942,47.395840010206115],[8.416567708263788,47.395822710206176],[8.416549608263747,47.395897010206205],[8.416418708263627,47.395882410206205],[8.416409908263606,47.39591831020622],[8.416395508263573,47.39597751020626],[8.416715508263874,47.39601331020618]]]}},{"type":"Feature","properties":{"layer":"buildings","osm_type":"way","osm_id":"519840811","source":"OpenStreetMap","building":"apartments"},"geometry":{"type":"Polygon","coordinates":[[[8.416378508263623,47.395763510206194],[8.416416108263657,47.39576791020621],[8.416442008263715,47.395665710206146],[8.416541208263805,47.39567721020613],[8.416567708263859,47.395572810206055],[8.416311208263625,47.395543010206126],[8.416287708263573,47.395635810206166],[8.416254008263543,47.39563191020617],[8.416225208263477,47.39574571020625],[8.416378508263623,47.395763510206194]]]}},{"type":"Feature","properties":{"layer":"buildings","osm_type":"way","osm_id":"519840813","source":"OpenStreetMap","building":"apartments"},"geometry":{"type":"Polygon","coordinates":[[[8.416935608264213,47.39561951020603],[8.416950608264242,47.39555771020597],[8.417130708264414,47.39557781020593],[8.417150608264459,47.395495710205914],[8.417157808264475,47.39546631020588],[8.416855608264186,47.39543261020594],[8.416838708264152,47.39550191020598],[8.41680620826412,47.395498310205966],[8.416780908264064,47.39560231020602],[8.416935608264213,47.39561951020603]]]}},{"type":"Feature","properties":{"layer":"buildings","osm_type":"way","osm_id":"519840815","source":"OpenStreetMap","building":"yes"},"geometry":{"type":"Polygon","coordinates":[[[8.417452308264668,47.395785610205905],[8.417479708264729,47.395675710205836],[8.417442108264693,47.395671410205885],[8.417461608264738,47.39559311020583],[8.417334108264617,47.39557851020587],[8.417311508264591,47.39557591020588],[8.41729170826455,47.39565531020592],[8.417183308264448,47.395642910205936],[8.417156108264388,47.39575171020596],[8.417452308264668,47.395785610205905]]]}},{"type":"Feature","properties":{"layer":"buildings","osm_type":"way","osm_id":"535196361","source":"OpenStreetMap","building":"yes"},"geometry":{"type":"Polygon","coordinates":[[[8.413443608261224,47.39420391020655],[8.413516208261314,47.39413411020647],[8.413196508261047,47.39398181020655],[8.413124008260958,47.394051610206574],[8.413443608261224,47.39420391020655]]]}},{"type":"Feature","properties":{"layer":"buildings","osm_type":"way","osm_id":"535196364","source":"OpenStreetMap","building":"yes"},"geometry":{"type":"Polygon","coordinates":[[[8.41309290826085,47.394298310206665],[8.413104308260865,47.39428991020664],[8.413198408260941,47.39434871020665],[8.413259608261013,47.39430371020662],[8.413164808260941,47.394244610206606],[8.413138508260905,47.394263910206625],[8.413116608260893,47.39425031020663],[8.413070408260836,47.39428431020666],[8.41309290826085,47.394298310206665]]]}},{"type":"Feature","properties":{"layer":"buildings","osm_type":"way","osm_id":"535196367","source":"OpenStreetMap","building":"yes"},"geometry":{"type":"Polygon","coordinates":[[[8.413302708261147,47.39398721020649],[8.4133409082612,47.39394981020648],[8.413337208261195,47.39394811020646],[8.413201708261083,47.39388451020647],[8.413177108261065,47.3938730102065],[8.413138908261013,47.39391041020649],[8.413302708261147,47.39398721020649]]]}},{"type":"Feature","properties":{"layer":"buildings","osm_type":"way","osm_id":"543397647","source":"OpenStreetMap","building":"yes"},"geometry":{"type":"Polygon","coordinates":[[[8.414190608260906,47.39763431020741],[8.414149108260908,47.39748981020736],[8.414003808260764,47.39750891020741],[8.41404520826076,47.397653410207454],[8.414190608260906,47.39763431020741]]]}},{"type":"Feature","properties":{"layer":"buildings","osm_type":"way","osm_id":"577766216","source":"OpenStreetMap","building":"apartments"},"geometry":{"type":"Polygon","coordinates":[[[8.408466108254629,47.39983391020975],[8.408418108254597,47.399785710209756],[8.408329008254494,47.39982631020978],[8.408377108254525,47.39987451020978],[8.408466108254629,47.39983391020975]]]}},{"type":"Feature","properties":{"layer":"buildings","osm_type":"way","osm_id":"577766217","source":"OpenStreetMap","building":"shed"},"geometry":{"type":"Polygon","coordinates":[[[8.408833208254963,47.399903510209676],[8.408820708254943,47.39994261020968],[8.40891220825503,47.399956110209686],[8.408924708255054,47.399916910209654],[8.408833208254963,47.399903510209676]]]}},{"type":"Feature","properties":{"layer":"buildings","osm_type":"way","osm_id":"577826906","source":"OpenStreetMap","building":"yes"},"geometry":{"type":"Polygon","coordinates":[[[8.408416608254866,47.398906610209465],[8.408393008254858,47.39885381020942],[8.408206808254665,47.39889201020955],[8.408229408254664,47.39894451020951],[8.408416608254866,47.398906610209465]]]}},{"type":"Feature","properties":{"layer":"buildings","osm_type":"way","osm_id":"577826908","source":"OpenStreetMap","building":"cowshed"},"geometry":{"type":"Polygon","coordinates":[[[8.408277108256318,47.39368841020782],[8.408773608256851,47.393532510207656],[8.40864420825678,47.39334361020761],[8.408147708256248,47.39349951020781],[8.408277108256318,47.39368841020782]]]}},{"type":"Feature","properties":{"layer":"buildings","osm_type":"way","osm_id":"578066198","source":"OpenStreetMap","building":"yes"},"geometry":{"type":"Polygon","coordinates":[[[8.41884570826563,47.39710641020591],[8.418974208265753,47.39711331020588],[8.4189872082658,47.39700221020583],[8.418723308265543,47.39698811020593],[8.418721608265539,47.39700261020591],[8.418742108265558,47.39700371020592],[8.418730808265519,47.39710021020594],[8.41884570826563,47.39710641020591]]]}},{"type":"Feature","properties":{"layer":"buildings","osm_type":"way","osm_id":"578066200","source":"OpenStreetMap","building":"apartments"},"geometry":{"type":"Polygon","coordinates":[[[8.418053408264866,47.39707251020614],[8.417870808264682,47.397073610206206],[8.417872408264648,47.397187110206204],[8.417873708264624,47.397286310206226],[8.417885608264632,47.39728621020627],[8.418056308264799,47.39728511020621],[8.418053408264866,47.39707251020614]]]}},{"type":"Feature","properties":{"layer":"buildings","osm_type":"way","osm_id":"578608933","source":"OpenStreetMap","building":"yes"},"geometry":{"type":"Polygon","coordinates":[[[8.416064108262416,47.39871551020724],[8.41604570826242,47.3986234102072],[8.415887308262262,47.398637910207256],[8.415919508262247,47.398798810207296],[8.415938808262265,47.39879711020729],[8.416077908262405,47.39878431020723],[8.416064108262416,47.39871551020724]]]}},{"type":"Feature","properties":{"layer":"buildings","osm_type":"way","osm_id":"578608935","source":"OpenStreetMap","building":"apartments"},"geometry":{"type":"Polygon","coordinates":[[[8.412238308258434,47.399474810208574],[8.412226208258424,47.399464310208536],[8.412220008258421,47.39946761020853],[8.412146308258365,47.39940391020858],[8.41202710825823,47.3994672102086],[8.412123508258299,47.39955041020863],[8.412248808258441,47.39948391020861],[8.412238308258434,47.399474810208574]]]}},{"type":"Feature","properties":{"layer":"buildings","osm_type":"way","osm_id":"578634297","source":"OpenStreetMap","building":"yes"},"geometry":{"type":"Polygon","coordinates":[[[8.41822390826478,47.397881510206346],[8.418222108264807,47.3978110102063],[8.41802330826461,47.397812610206394],[8.418028708264597,47.39788251020642],[8.417997408264558,47.39788411020643],[8.41800160826455,47.39793291020643],[8.418052208264594,47.3979583102064],[8.418119208264654,47.39795881020639],[8.418116508264632,47.398016010206376],[8.418247108264769,47.39801341020637],[8.418248708264782,47.39797521020638],[8.418266508264802,47.397957410206345],[8.418267208264826,47.39788201020635],[8.41822390826478,47.397881510206346]]]}},{"type":"Feature","properties":{"layer":"buildings","osm_type":"way","osm_id":"578634298","source":"OpenStreetMap","building":"detached"},"geometry":{"type":"Polygon","coordinates":[[[8.410074808256315,47.399454110209184],[8.410080908256303,47.39952001020918],[8.410194008256425,47.399515210209145],[8.410188308256426,47.399454410209145],[8.410187808256431,47.399449310209135],[8.410074808256315,47.399454110209184]]]}},{"type":"Feature","properties":{"layer":"buildings","osm_type":"way","osm_id":"686352457","source":"OpenStreetMap","building":"retail"},"geometry":{"type":"Polygon","coordinates":[[[8.413251908259722,47.39851031020797],[8.413244408259693,47.398576610208],[8.413371608259814,47.39858311020796],[8.41337270825982,47.398572910207946],[8.413492808259937,47.398579110207905],[8.413495708259953,47.39855351020791],[8.413499108259957,47.39852301020791],[8.413251908259722,47.39851031020797]]]}},{"type":"Feature","properties":{"layer":"buildings","osm_type":"way","osm_id":"754566130","source":"OpenStreetMap","building":"yes"},"geometry":{"type":"Polygon","coordinates":[[[8.41894090826492,47.39973151020674],[8.418977808264954,47.39972961020675],[8.418975108264968,47.39970481020675],[8.418938208264924,47.399706710206736],[8.41894090826492,47.39973151020674]]]}},{"type":"Feature","properties":{"layer":"buildings","osm_type":"way","osm_id":"855450817","source":"OpenStreetMap","building":"roof"},"geometry":{"type":"Polygon","coordinates":[[[8.413379908261254,47.39390591020648],[8.413243608261137,47.393842710206464],[8.413201708261083,47.39388451020647],[8.413337208261195,47.39394811020646],[8.413379908261254,47.39390591020648]]]}},{"type":"Feature","properties":{"layer":"buildings","osm_type":"way","osm_id":"855450818","source":"OpenStreetMap","building":"yes"},"geometry":{"type":"Polygon","coordinates":[[[8.413056008260838,47.394202010206655],[8.413021108260827,47.39415561020665],[8.412973808260775,47.39417201020667],[8.413008708260788,47.39421831020663],[8.413056008260838,47.394202010206655]]]}},{"type":"Feature","properties":{"layer":"buildings","osm_type":"way","osm_id":"855450820","source":"OpenStreetMap","building":"roof"},"geometry":{"type":"Polygon","coordinates":[[[8.413535208261886,47.39232941020594],[8.413611008261954,47.39234681020588],[8.41362390826197,47.392321910205844],[8.4135476082619,47.39230451020589],[8.413535208261886,47.39232941020594]]]}},{"type":"Feature","properties":{"layer":"buildings","osm_type":"way","osm_id":"855450822","source":"OpenStreetMap","building":"yes"},"geometry":{"type":"Polygon","coordinates":[[[8.415521908263479,47.39348631020568],[8.415514308263466,47.39350101020568],[8.41556160826351,47.3935121102057],[8.415569108263526,47.39349741020572],[8.415521908263479,47.39348631020568]]]}},{"type":"Feature","properties":{"layer":"buildings","osm_type":"way","osm_id":"855450823","source":"OpenStreetMap","building":"yes"},"geometry":{"type":"Polygon","coordinates":[[[8.415537908263497,47.39345511020564],[8.415521908263479,47.39348631020568],[8.415569108263526,47.39349741020572],[8.415585108263542,47.39346631020569],[8.415537908263497,47.39345511020564]]]}},{"type":"Feature","properties":{"layer":"buildings","osm_type":"way","osm_id":"855450824","source":"OpenStreetMap","building":"yes"},"geometry":{"type":"Polygon","coordinates":[[[8.415706408263699,47.3933654102056],[8.415745208263747,47.3933229102056],[8.415684208263695,47.393297410205605],[8.415645408263643,47.39333991020563],[8.415706408263699,47.3933654102056]]]}},{"type":"Feature","properties":{"layer":"buildings","osm_type":"way","osm_id":"855450825","source":"OpenStreetMap","building":"yes"},"geometry":{"type":"Polygon","coordinates":[[[8.415546108263522,47.39342201020568],[8.41556780826356,47.39336141020565],[8.415466108263464,47.39334471020568],[8.415444408263427,47.39340531020572],[8.415546108263522,47.39342201020568]]]}},{"type":"Feature","properties":{"layer":"buildings","osm_type":"way","osm_id":"855450826","source":"OpenStreetMap","building":"roof"},"geometry":{"type":"Polygon","coordinates":[[[8.41527040826326,47.39340621020574],[8.415248008263223,47.39344601020577],[8.41532580826329,47.39346501020574],[8.415349208263322,47.393425710205726],[8.41527040826326,47.39340621020574]]]}},{"type":"Feature","properties":{"layer":"buildings","osm_type":"way","osm_id":"855450827","source":"OpenStreetMap","building":"yes"},"geometry":{"type":"Polygon","coordinates":[[[8.415475208263516,47.39320411020562],[8.415311508263372,47.39316141020568],[8.415192408263191,47.39337961020575],[8.415274208263261,47.39339881020577],[8.41527040826326,47.39340621020574],[8.415349208263322,47.393425710205726],[8.415475208263516,47.39320411020562]]]}},{"type":"Feature","properties":{"layer":"buildings","osm_type":"way","osm_id":"855450828","source":"OpenStreetMap","building":"roof"},"geometry":{"type":"Polygon","coordinates":[[[8.416654508264463,47.393901810205556],[8.416693608264527,47.39382811020548],[8.416510908264357,47.39378321020555],[8.416471808264296,47.39385701020556],[8.416654508264463,47.393901810205556]]]}},{"type":"Feature","properties":{"layer":"buildings","osm_type":"way","osm_id":"855450829","source":"OpenStreetMap","building":"yes"},"geometry":{"type":"Polygon","coordinates":[[[8.416274308264194,47.39356641020553],[8.416331108264249,47.39357751020551],[8.416350808264276,47.39353121020545],[8.416294008264225,47.393520210205516],[8.416274308264194,47.39356641020553]]]}},{"type":"Feature","properties":{"layer":"buildings","osm_type":"way","osm_id":"855450889","source":"OpenStreetMap","building":"yes"},"geometry":{"type":"Polygon","coordinates":[[[8.417130108265168,47.39310921020515],[8.416970908265007,47.39312981020516],[8.416995408265004,47.39320271020521],[8.417082908265096,47.39319041020519],[8.417104108265107,47.39321731020516],[8.41716410826517,47.393208410205126],[8.417130108265168,47.39310921020515]]]}},{"type":"Feature","properties":{"layer":"buildings","osm_type":"way","osm_id":"855450890","source":"OpenStreetMap","building":"yes"},"geometry":{"type":"Polygon","coordinates":[[[8.417387208265527,47.39275461020494],[8.417413208265527,47.39283771020497],[8.417639508265767,47.39280191020491],[8.417604008265762,47.39269461020485],[8.417509008265661,47.39270901020488],[8.417509908265664,47.39271231020492],[8.41747770826562,47.39271781020488],[8.417481608265629,47.3927268102049],[8.417383108265534,47.39274211020496],[8.417387208265527,47.39275461020494]]]}},{"type":"Feature","properties":{"layer":"buildings","osm_type":"way","osm_id":"855450891","source":"OpenStreetMap","building":"yes"},"geometry":{"type":"Polygon","coordinates":[[[8.417387208265527,47.39275461020494],[8.417383108265534,47.39274211020496],[8.417375508265529,47.392719310204924],[8.417341708265496,47.392725010204934],[8.417353108265493,47.392759710204956],[8.417387208265527,47.39275461020494]]]}},{"type":"Feature","properties":{"layer":"buildings","osm_type":"way","osm_id":"855450892","source":"OpenStreetMap","building":"yes"},"geometry":{"type":"Polygon","coordinates":[[[8.417298308265396,47.392901110205024],[8.417427308265525,47.392882810204995],[8.417413208265527,47.39283771020497],[8.417387208265527,47.39275461020494],[8.417353108265493,47.392759710204956],[8.417258508265395,47.392774010204995],[8.417298308265396,47.392901110205024]]]}},{"type":"Feature","properties":{"layer":"buildings","osm_type":"way","osm_id":"855450893","source":"OpenStreetMap","building":"yes"},"geometry":{"type":"Polygon","coordinates":[[[8.417121808265195,47.392987110205105],[8.417316608265395,47.39295971020502],[8.417298308265396,47.392901110205024],[8.417258508265395,47.392774010204995],[8.417255708265396,47.392765110204984],[8.417061408265198,47.39279391020506],[8.417121808265195,47.392987110205105]]]}},{"type":"Feature","properties":{"layer":"buildings","osm_type":"way","osm_id":"855450894","source":"OpenStreetMap","building":"roof"},"geometry":{"type":"Polygon","coordinates":[[[8.416816808264942,47.392843410205124],[8.416947108265076,47.39281991020508],[8.416946108265078,47.392816710205096],[8.416933808265076,47.39278211020509],[8.416801008264937,47.392805710205096],[8.416813408264941,47.392835010205104],[8.416816808264942,47.392843410205124]]]}},{"type":"Feature","properties":{"layer":"buildings","osm_type":"way","osm_id":"855450895","source":"OpenStreetMap","building":"roof"},"geometry":{"type":"Polygon","coordinates":[[[8.416615208264911,47.39230591020502],[8.41667330826491,47.392499210205024],[8.416834708265075,47.392471310204996],[8.416880008265084,47.39258481020501],[8.416955608265164,47.392570710205014],[8.416898408265153,47.392421910204995],[8.41683070826508,47.392433310205],[8.416799408265051,47.39242101020498],[8.41679490826505,47.392409510205006],[8.416818908265082,47.39240551020498],[8.41677600826507,47.39229231020497],[8.416615208264911,47.39230591020502]]]}},{"type":"Feature","properties":{"layer":"buildings","osm_type":"way","osm_id":"855450896","source":"OpenStreetMap","building":"yes"},"geometry":{"type":"Polygon","coordinates":[[[8.416818908265082,47.39240551020498],[8.41679490826505,47.392409510205006],[8.416799408265051,47.39242101020498],[8.41683070826508,47.392433310205],[8.416898408265153,47.392421910204995],[8.416875608265146,47.39236151020498],[8.416934208265209,47.392350510204956],[8.41695820826521,47.392410810204964],[8.417223208265488,47.39236191020486],[8.417203708265502,47.39225391020484],[8.41677600826507,47.39229231020497],[8.416818908265082,47.39240551020498]]]}},{"type":"Feature","properties":{"layer":"buildings","osm_type":"way","osm_id":"855450897","source":"OpenStreetMap","building":"roof"},"geometry":{"type":"Polygon","coordinates":[[[8.417859008266117,47.39234841020468],[8.417729608265981,47.392372110204725],[8.417742108265978,47.392403410204736],[8.417531608265769,47.39244181020479],[8.417536008265767,47.3924529102048],[8.417876308266118,47.39239171020468],[8.417859008266117,47.39234841020468]]]}},{"type":"Feature","properties":{"layer":"buildings","osm_type":"way","osm_id":"855450898","source":"OpenStreetMap","building":"roof"},"geometry":{"type":"Polygon","coordinates":[[[8.419128608267323,47.392458410204355],[8.419199508267468,47.392223510204275],[8.419153308267424,47.392217510204254],[8.419082608267281,47.39245171020434],[8.419128608267323,47.392458410204355]]]}},{"type":"Feature","properties":{"layer":"buildings","osm_type":"way","osm_id":"855450901","source":"OpenStreetMap","building":"roof"},"geometry":{"type":"Polygon","coordinates":[[[8.417016608265383,47.39203381020484],[8.417055708265424,47.392030310204795],[8.416987108265472,47.39166151020471],[8.416948208265438,47.39166441020477],[8.417006208265386,47.391979610204785],[8.417010408265396,47.391979310204775],[8.417015608265391,47.39200781020484],[8.417012008265392,47.39200811020482],[8.417016608265383,47.39203381020484]]]}},{"type":"Feature","properties":{"layer":"buildings","osm_type":"way","osm_id":"855450902","source":"OpenStreetMap","building":"roof"},"geometry":{"type":"Polygon","coordinates":[[[8.418181708266653,47.391616010204324],[8.418153408266607,47.3916830102044],[8.418134508266567,47.39174881020439],[8.418125008266538,47.39181271020445],[8.418126208266514,47.39187641020447],[8.418131008266526,47.391877910204435],[8.418220818247079,47.39156738087577],[8.418210102925977,47.3915674717065],[8.418181708266653,47.391616010204324]]]}},{"type":"Feature","properties":{"layer":"buildings","osm_type":"way","osm_id":"857509738","source":"OpenStreetMap","building":"roof"},"geometry":{"type":"Polygon","coordinates":[[[8.419989708268329,47.39192341020395],[8.419975908268318,47.391929410203915],[8.419968108268309,47.39192001020394],[8.419835908268185,47.391899310203975],[8.41981210826817,47.39189471020396],[8.419791608268133,47.391949510204],[8.420049008268368,47.39199131020395],[8.420068908268409,47.39193581020391],[8.419989708268329,47.39192341020395]]]}},{"type":"Feature","properties":{"layer":"buildings","osm_type":"way","osm_id":"857509739","source":"OpenStreetMap","building":"roof"},"geometry":{"type":"Polygon","coordinates":[[[8.420467108268792,47.39195591020384],[8.420497808268822,47.39194371020377],[8.420517108268857,47.39188801020374],[8.420497508268848,47.391867510203774],[8.42046500826881,47.39188161020377],[8.420462808268807,47.39188791020378],[8.420460008268797,47.39189591020383],[8.42047210826881,47.39190831020379],[8.420467608268803,47.391921210203755],[8.420476808268804,47.39193031020383],[8.42046310826879,47.39193561020382],[8.420459208268788,47.3919479102038],[8.420467108268792,47.39195591020384]]]}},{"type":"Feature","properties":{"layer":"buildings","osm_type":"way","osm_id":"857509742","source":"OpenStreetMap","building":"roof"},"geometry":{"type":"Polygon","coordinates":[[[8.419425708267795,47.391857510204055],[8.41943620826781,47.3918592102041],[8.419447308267829,47.39182691020403],[8.419407608267788,47.39182061020409],[8.419452008267877,47.39169181020403],[8.419439608267863,47.391689810204056],[8.41943050826786,47.39167471020403],[8.41936070826773,47.391871910204095],[8.419418008267783,47.39187981020409],[8.419425708267795,47.391857510204055]]]}},{"type":"Feature","properties":{"layer":"buildings","osm_type":"way","osm_id":"857509743","source":"OpenStreetMap","building":"yes"},"geometry":{"type":"Polygon","coordinates":[[[8.419487508267945,47.39158701020398],[8.419475708267932,47.39158511020397],[8.419458308267913,47.39159561020401],[8.419447508267902,47.39160511020396],[8.419438008267885,47.39161731020402],[8.419430508267876,47.391631610204],[8.419427208267862,47.39164531020398],[8.419426708267867,47.391659710203996],[8.41943050826786,47.39167471020403],[8.419439608267863,47.391689810204056],[8.419452008267877,47.39169181020403],[8.419407608267788,47.39182061020409],[8.419447308267829,47.39182691020403],[8.41943620826781,47.3918592102041],[8.419425708267795,47.391857510204055],[8.419418008267783,47.39187981020409],[8.41962500826798,47.39191261020402],[8.419732808268181,47.39160011020392],[8.419495908267956,47.39156271020398],[8.419487508267945,47.39158701020398]]]}},{"type":"Feature","properties":{"layer":"buildings","osm_type":"way","osm_id":"857509745","source":"OpenStreetMap","building":"roof"},"geometry":{"type":"Polygon","coordinates":[[[8.41984800826825,47.391724010203916],[8.41988250826832,47.39162361020389],[8.41981850826826,47.391613510203875],[8.419784008268195,47.39171401020394],[8.41984800826825,47.391724010203916]]]}},{"type":"Feature","properties":{"layer":"buildings","osm_type":"way","osm_id":"857509747","source":"OpenStreetMap","building":"roof"},"geometry":{"type":"Polygon","coordinates":[[[8.41907460826749,47.39173531020414],[8.419105208267522,47.39173981020415],[8.419115808267536,47.391709410204115],[8.419085708267513,47.39170461020414],[8.41907460826749,47.39173531020414]]]}},{"type":"Feature","properties":{"layer":"buildings","osm_type":"way","osm_id":"857509748","source":"OpenStreetMap","building":"roof"},"geometry":{"type":"Polygon","coordinates":[[[8.41921360826727,47.39291131020448],[8.41926450826732,47.39291791020446],[8.419330108267449,47.39269911020436],[8.419278608267405,47.392691210204426],[8.41921360826727,47.39291131020448]]]}},{"type":"Feature","properties":{"layer":"buildings","osm_type":"way","osm_id":"857509749","source":"OpenStreetMap","building":"roof"},"geometry":{"type":"Polygon","coordinates":[[[8.418907708267016,47.392779910204524],[8.41909640826719,47.39280661020447],[8.419102508267198,47.392785410204475],[8.418914008267022,47.392758410204486],[8.418907708267016,47.392779910204524]]]}},{"type":"Feature","properties":{"layer":"buildings","osm_type":"way","osm_id":"857509750","source":"OpenStreetMap","building":"industrial"},"geometry":{"type":"Polygon","coordinates":[[[8.421569308269955,47.39168471020341],[8.42147330826976,47.39200171020354],[8.421857082196036,47.39205550070708],[8.4218509627136,47.39172382905466],[8.421569308269955,47.39168471020341]]]}},{"type":"Feature","properties":{"layer":"buildings","osm_type":"way","osm_id":"857509751","source":"OpenStreetMap","building":"industrial"},"geometry":{"type":"Polygon","coordinates":[[[8.421168908269577,47.39162931020351],[8.421076008269386,47.391945310203646],[8.42147330826976,47.39200171020354],[8.421569308269955,47.39168471020341],[8.421168908269577,47.39162931020351]]]}},{"type":"Feature","properties":{"layer":"buildings","osm_type":"way","osm_id":"857509757","source":"OpenStreetMap","building":"roof"},"geometry":{"type":"Polygon","coordinates":[[[8.421012608269121,47.39262171020384],[8.420973008269083,47.39261611020391],[8.420982408269104,47.392585410203885],[8.421022008269137,47.39259091020386],[8.421118008269328,47.39227721020372],[8.420953908269178,47.392254210203774],[8.420842308268954,47.392615910203915],[8.421007608269111,47.39263811020384],[8.421012608269121,47.39262171020384]]]}},{"type":"Feature","properties":{"layer":"buildings","osm_type":"way","osm_id":"857806078","source":"OpenStreetMap","building":"commercial"},"geometry":{"type":"Polygon","coordinates":[[[8.42115270826852,47.395044910204604],[8.421326208268765,47.39481191020449],[8.420876008268367,47.39465821020458],[8.420678808268091,47.394922910204734],[8.421129308268487,47.39507661020464],[8.42115270826852,47.395044910204604]]]}},{"type":"Feature","properties":{"layer":"buildings","osm_type":"way","osm_id":"857806079","source":"OpenStreetMap","building":"roof"},"geometry":{"type":"Polygon","coordinates":[[[8.4211691082685,47.39515291020466],[8.421229608268586,47.39507081020458],[8.42115270826852,47.395044910204604],[8.421129308268487,47.39507661020464],[8.421092208268435,47.39512691020464],[8.4211691082685,47.39515291020466]]]}},{"type":"Feature","properties":{"layer":"buildings","osm_type":"way","osm_id":"857806080","source":"OpenStreetMap","building":"roof"},"geometry":{"type":"Polygon","coordinates":[[[8.42005300826752,47.39478341020482],[8.420135408267594,47.3948135102048],[8.420166508267636,47.3947716102048],[8.42003780826752,47.39472721020485],[8.419871608267288,47.39495171020494],[8.41991850826733,47.39496781020494],[8.42005300826752,47.39478341020482]]]}},{"type":"Feature","properties":{"layer":"buildings","osm_type":"way","osm_id":"857806081","source":"OpenStreetMap","building":"commercial"},"geometry":{"type":"Polygon","coordinates":[[[8.42005300826752,47.39478341020482],[8.41991850826733,47.39496781020494],[8.420000508267407,47.39499561020492],[8.42008770826753,47.39487701020489],[8.420135408267594,47.3948135102048],[8.42005300826752,47.39478341020482]]]}},{"type":"Feature","properties":{"layer":"buildings","osm_type":"way","osm_id":"857806082","source":"OpenStreetMap","building":"roof"},"geometry":{"type":"Polygon","coordinates":[[[8.420019008267404,47.39504331020493],[8.420472908267808,47.39519781020481],[8.420496508267838,47.395164510204815],[8.42059700826798,47.39503101020476],[8.420469108267865,47.39498611020475],[8.420367108267728,47.395122710204845],[8.420041408267437,47.395009910204905],[8.420019008267404,47.39504331020493]]]}},{"type":"Feature","properties":{"layer":"buildings","osm_type":"way","osm_id":"857806083","source":"OpenStreetMap","building":"commercial"},"geometry":{"type":"Polygon","coordinates":[[[8.42059700826798,47.39503101020476],[8.420496508267838,47.395164510204815],[8.420947308268234,47.39531991020475],[8.421092208268435,47.39512691020464],[8.421129308268487,47.39507661020464],[8.420678808268091,47.394922910204734],[8.42059700826798,47.39503101020476]]]}},{"type":"Feature","properties":{"layer":"buildings","osm_type":"way","osm_id":"857806084","source":"OpenStreetMap","building":"roof"},"geometry":{"type":"Polygon","coordinates":[[[8.42148030826891,47.39480791020447],[8.421380008268775,47.394945410204514],[8.421384908268767,47.39496681020449],[8.421406908268793,47.394974610204535],[8.42152020826895,47.39482181020446],[8.42148030826891,47.39480791020447]]]}},{"type":"Feature","properties":{"layer":"buildings","osm_type":"way","osm_id":"857806086","source":"OpenStreetMap","building":"roof"},"geometry":{"type":"Polygon","coordinates":[[[8.421663908268869,47.39553551020461],[8.421660208268865,47.39553451020463],[8.421599508268779,47.39561701020467],[8.42155080826873,47.395627610204656],[8.421355808268558,47.39556071020471],[8.421343508268551,47.395562710204715],[8.421285808268498,47.395543110204756],[8.421282108268494,47.39553521020472],[8.421086408268327,47.39546871020476],[8.421069008268313,47.395434410204736],[8.421085708268345,47.39541371020476],[8.421082208268334,47.395412910204726],[8.42114910826843,47.3953224102047],[8.421126708268408,47.39531431020471],[8.421051508268306,47.395416210204736],[8.421090608268319,47.39549621020473],[8.421517508268696,47.39564091020467],[8.421633408268812,47.39561571020469],[8.421709008268918,47.3955143102046],[8.4216848082689,47.3955057102046],[8.421663908268869,47.39553551020461]]]}},{"type":"Feature","properties":{"layer":"buildings","osm_type":"way","osm_id":"857806087","source":"OpenStreetMap","building":"commercial"},"geometry":{"type":"Polygon","coordinates":[[[8.421915013255731,47.39519511642599],[8.421910252687134,47.394937128088436],[8.421530708268964,47.3948077102044],[8.42152020826895,47.39482181020446],[8.421406908268793,47.394974610204535],[8.42114910826843,47.3953224102047],[8.4216848082689,47.3955057102046],[8.421915013255731,47.39519511642599]]]}},{"type":"Feature","properties":{"layer":"buildings","osm_type":"way","osm_id":"857806115","source":"OpenStreetMap","building":"roof"},"geometry":{"type":"Polygon","coordinates":[[[8.41948740826728,47.39375571020464],[8.419755508267516,47.39383841020461],[8.419837508267635,47.39371601020454],[8.419786408267596,47.393699510204556],[8.41974690826754,47.39375821020455],[8.419646308267438,47.39372711020462],[8.419613508267393,47.39377481020461],[8.419498308267299,47.39373911020466],[8.41948740826728,47.39375571020464]]]}},{"type":"Feature","properties":{"layer":"buildings","osm_type":"way","osm_id":"857806116","source":"OpenStreetMap","building":"roof"},"geometry":{"type":"Polygon","coordinates":[[[8.41960280826747,47.39350701020452],[8.419555308267428,47.39349241020458],[8.41942940826725,47.393683010204654],[8.41944690826726,47.39368861020468],[8.419462008267281,47.39366581020464],[8.419490208267309,47.393674610204606],[8.41960280826747,47.39350701020452]]]}},{"type":"Feature","properties":{"layer":"buildings","osm_type":"way","osm_id":"857806117","source":"OpenStreetMap","building":"roof"},"geometry":{"type":"Polygon","coordinates":[[[8.419959908267783,47.393619810204505],[8.42000550826783,47.39363341020448],[8.420081508267938,47.39352001020441],[8.420098708267952,47.39352501020439],[8.420123408267989,47.39348801020438],[8.420064208267934,47.39346851020434],[8.419961008267787,47.393618210204465],[8.419959908267783,47.393619810204505]]]}},{"type":"Feature","properties":{"layer":"buildings","osm_type":"way","osm_id":"857806118","source":"OpenStreetMap","building":"yes"},"geometry":{"type":"Polygon","coordinates":[[[8.41966160826731,47.394208810204745],[8.419625108267258,47.3942574102048],[8.419744508267367,47.39429751020478],[8.419780508267419,47.394248810204765],[8.41966160826731,47.394208810204745]]]}},{"type":"Feature","properties":{"layer":"buildings","osm_type":"way","osm_id":"857806119","source":"OpenStreetMap","building":"roof"},"geometry":{"type":"Polygon","coordinates":[[[8.419809708267415,47.394339110204754],[8.419916708267515,47.39437461020473],[8.41993500826754,47.394350610204704],[8.419827608267443,47.39431531020476],[8.419809708267415,47.394339110204754]]]}},{"type":"Feature","properties":{"layer":"buildings","osm_type":"way","osm_id":"857806122","source":"OpenStreetMap","building":"industrial"},"geometry":{"type":"Polygon","coordinates":[[[8.418649608266541,47.39350181020484],[8.418438508266338,47.39347661020487],[8.418354208266155,47.393799910205004],[8.419030708266796,47.393880710204826],[8.41910400826695,47.39359951020473],[8.41915070826705,47.3934204102047],[8.418886208266802,47.393388710204725],[8.4188852082668,47.39339271020471],[8.41868430826661,47.3933687102048],[8.418649608266541,47.39350181020484]]]}},{"type":"Feature","properties":{"layer":"buildings","osm_type":"way","osm_id":"943248198","source":"OpenStreetMap","building":"yes"},"geometry":{"type":"Polygon","coordinates":[[[8.418678108264992,47.39865351020648],[8.418685508265,47.398651710206444],[8.41867050826499,47.39862351020646],[8.418655808264985,47.39859601020644],[8.418602508264932,47.39860891020645],[8.418632908264952,47.39866501020649],[8.418678108264992,47.39865351020648]]]}},{"type":"Feature","properties":{"layer":"buildings","osm_type":"way","osm_id":"943248201","source":"OpenStreetMap","building":"yes"},"geometry":{"type":"Polygon","coordinates":[[[8.41857200826491,47.39859071020645],[8.418547608264904,47.39853761020644],[8.418504508264858,47.398537410206515],[8.418507008264845,47.39857741020652],[8.418512108264846,47.39858821020649],[8.418518808264851,47.3986024102065],[8.41857200826491,47.39859071020645]]]}},{"type":"Feature","properties":{"layer":"buildings","osm_type":"way","osm_id":"943248202","source":"OpenStreetMap","building":"yes"},"geometry":{"type":"Polygon","coordinates":[[[8.418424008264763,47.39858611020648],[8.418503308264839,47.398588110206504],[8.418492708264848,47.39853311020646],[8.418280808264642,47.39852811020655],[8.418310108264656,47.39858331020652],[8.418424008264763,47.39858611020648]]]}},{"type":"Feature","properties":{"layer":"buildings","osm_type":"way","osm_id":"943248203","source":"OpenStreetMap","building":"retail"},"geometry":{"type":"Polygon","coordinates":[[[8.418669808264953,47.39876841020655],[8.418627108264934,47.39868371020646],[8.418569108264874,47.398697010206504],[8.418611808264895,47.39878181020653],[8.418669808264953,47.39876841020655]]]}},{"type":"Feature","properties":{"layer":"buildings","osm_type":"way","osm_id":"943712500","source":"OpenStreetMap","building":"yes"},"geometry":{"type":"Polygon","coordinates":[[[8.420270008267215,47.3964822102053],[8.420245308267207,47.396433210205316],[8.420169108267126,47.396450810205344],[8.420193708267137,47.39649981020532],[8.420270008267215,47.3964822102053]]]}},{"type":"Feature","properties":{"layer":"buildings","osm_type":"way","osm_id":"943712503","source":"OpenStreetMap","building":"yes"},"geometry":{"type":"Polygon","coordinates":[[[8.421927908268946,47.39613851020476],[8.421909808268921,47.39616051020472],[8.421932972842061,47.39616837315784],[8.421932451463299,47.39614011937353],[8.421927908268946,47.39613851020476]]]}},{"type":"Feature","properties":{"layer":"buildings","osm_type":"way","osm_id":"943712504","source":"OpenStreetMap","building":"yes"},"geometry":{"type":"Polygon","coordinates":[[[8.421776208268772,47.3962142102048],[8.421819808268822,47.39617251020477],[8.421756808268778,47.39614381020478],[8.421716208268723,47.39618801020483],[8.421776208268772,47.3962142102048]]]}},{"type":"Feature","properties":{"layer":"buildings","osm_type":"way","osm_id":"943712505","source":"OpenStreetMap","building":"apartments"},"geometry":{"type":"Polygon","coordinates":[[[8.421077408268195,47.39584491020486],[8.421060308268192,47.39581201020488],[8.4210666082682,47.39580081020487],[8.421026908268166,47.39578771020488],[8.42101980826816,47.395798010204835],[8.42101270826815,47.39579971020487],[8.420963308268107,47.3957835102049],[8.420915208268054,47.39579421020493],[8.420968108268077,47.39590251020494],[8.421048608268158,47.39588481020488],[8.421077508268189,47.3958952102049],[8.421106608268225,47.395855310204844],[8.421077408268195,47.39584491020486]]]}},{"type":"Feature","properties":{"layer":"buildings","osm_type":"way","osm_id":"943712506","source":"OpenStreetMap","building":"apartments"},"geometry":{"type":"Polygon","coordinates":[[[8.42127220826836,47.395962010204855],[8.421298908268367,47.39601661020488],[8.421379908268447,47.39599941020489],[8.421408608268473,47.39600921020486],[8.42143810826852,47.39596871020481],[8.42140900826849,47.395959210204815],[8.421391808268483,47.39592501020484],[8.421399508268493,47.39591521020485],[8.421358508268456,47.39590091020482],[8.421352508268447,47.39591091020481],[8.421301908268397,47.39592251020482],[8.421272808268371,47.39591261020484],[8.421242408268327,47.39595161020487],[8.42127220826836,47.395962010204855]]]}},{"type":"Feature","properties":{"layer":"buildings","osm_type":"way","osm_id":"943712507","source":"OpenStreetMap","building":"apartments"},"geometry":{"type":"Polygon","coordinates":[[[8.421438808268503,47.39601881020485],[8.42146550826851,47.39607311020483],[8.42162410826868,47.3960371102048],[8.421608608268672,47.396003910204776],[8.421560208268627,47.395987210204765],[8.421557808268629,47.39598081020479],[8.421564408268637,47.395971410204794],[8.4215251082686,47.39595781020478],[8.42151750826859,47.39596691020479],[8.42146680826854,47.3959789102048],[8.42143810826852,47.39596871020481],[8.421408608268473,47.39600921020486],[8.421438808268503,47.39601881020485]]]}},{"type":"Feature","properties":{"layer":"buildings","osm_type":"way","osm_id":"943712508","source":"OpenStreetMap","building":"apartments"},"geometry":{"type":"Polygon","coordinates":[[[8.420468608267653,47.395687010205],[8.42049540826766,47.39574111020501],[8.42065380826783,47.39570571020493],[8.420638908267824,47.39567191020495],[8.420592008267782,47.395656010204966],[8.420587108267783,47.395649110204914],[8.420594508267794,47.39563931020497],[8.420553908267754,47.395626110204965],[8.420548408267745,47.39563521020495],[8.420497608267691,47.395647010204975],[8.420467708267665,47.39563671020501],[8.42043790826762,47.395676210205],[8.420468608267653,47.395687010205]]]}},{"type":"Feature","properties":{"layer":"buildings","osm_type":"way","osm_id":"943712509","source":"OpenStreetMap","building":"apartments"},"geometry":{"type":"Polygon","coordinates":[[[8.4202732082675,47.39556981020504],[8.420257108267494,47.395535310205055],[8.4202641082675,47.395526610205025],[8.420224508267468,47.395512410204994],[8.420215308267457,47.39552321020505],[8.420206908267446,47.395524010205044],[8.420160308267402,47.395508210205044],[8.420110608267354,47.39551891020508],[8.420163308267373,47.39562801020508],[8.420243908267455,47.39560971020503],[8.420273108267478,47.39562041020503],[8.42030260826752,47.39557981020501],[8.4202732082675,47.39556981020504]]]}},{"type":"Feature","properties":{"layer":"buildings","osm_type":"way","osm_id":"943712510","source":"OpenStreetMap","building":"yes","name":"Asylunterkunft Luberzen"},"geometry":{"type":"Polygon","coordinates":[[[8.41986280826704,47.3957550102052],[8.419831408267003,47.395766710205244],[8.419762408266966,47.395681910205234],[8.41973280826693,47.395692910205234],[8.419715808266922,47.395672110205204],[8.419622108266813,47.395707110205215],[8.41969270826686,47.39579381020526],[8.419723308266889,47.39578241020522],[8.419807808266945,47.39588621020526],[8.419931908267078,47.39583991020521],[8.41986280826704,47.3957550102052]]]}},{"type":"Feature","properties":{"layer":"buildings","osm_type":"way","osm_id":"978414733","source":"OpenStreetMap","building":"bunker"},"geometry":{"type":"Polygon","coordinates":[[[8.40777970825493,47.3966355102089],[8.407734308254904,47.39657541020891],[8.407596608254753,47.39662301020896],[8.407630808254774,47.39666831020898],[8.407732308254875,47.396671310208944],[8.40777970825493,47.3966355102089]]]}},{"type":"Feature","properties":{"layer":"buildings","osm_type":"way","osm_id":"1069481268","source":"OpenStreetMap","building":"kindergarten"},"geometry":{"type":"Polygon","coordinates":[[[8.411830208258603,47.39760371020809],[8.411815208258588,47.39761231020807],[8.411819708258589,47.39761601020806],[8.411823708258597,47.39761341020808],[8.4118291082586,47.397617210208054],[8.411846008258614,47.39762471020808],[8.411855008258623,47.397619610208075],[8.411877208258641,47.39763761020809],[8.411873208258639,47.39763991020807],[8.411877108258638,47.39764301020808],[8.411902308258664,47.39762701020805],[8.411938408258699,47.397656110208096],[8.41199620825876,47.39762431020807],[8.412044508258814,47.397597810208026],[8.41204130825882,47.39759521020801],[8.41203890825881,47.397596610208026],[8.411950108258747,47.39752551020806],[8.411954208258756,47.397523110208034],[8.411950708258749,47.397520410207996],[8.41187830825866,47.39756181020802],[8.411859208258647,47.39754651020802],[8.411841908258632,47.39755641020807],[8.411822508258616,47.3975408102081],[8.411836108258633,47.39753311020806],[8.411816808258617,47.39751771020803],[8.411819908258622,47.397516010208086],[8.41181630825862,47.397513110208045],[8.411758408258548,47.39754631020809],[8.411830208258603,47.39760371020809]]]}},{"type":"Feature","properties":{"layer":"buildings","osm_type":"way","osm_id":"1330843964","source":"OpenStreetMap","building":"yes"},"geometry":{"type":"Polygon","coordinates":[[[8.421957645659534,47.39750537119664],[8.421955824255786,47.397406673269664],[8.421878208268504,47.39741791020515],[8.421893808268507,47.39746701020517],[8.421908208268508,47.39751251020516],[8.421957645659534,47.39750537119664]]]}},{"type":"Feature","properties":{"layer":"buildings","osm_type":"way","osm_id":"1330843965","source":"OpenStreetMap","building":"yes"},"geometry":{"type":"Polygon","coordinates":[[[8.42111250826764,47.39780261020551],[8.421216708267744,47.39778581020546],[8.421345108267873,47.397765010205426],[8.421312108267871,47.39767161020539],[8.421081308267633,47.39770891020551],[8.421099708267636,47.397759810205464],[8.42111250826764,47.39780261020551]]]}},{"type":"Feature","properties":{"layer":"buildings","osm_type":"way","osm_id":"1373372243","source":"OpenStreetMap","building":"school","name":"Schulpavillon C Wolfsmatt"},"geometry":{"type":"Polygon","coordinates":[[[8.40901290825579,47.39778551020894],[8.409177808255963,47.39774371020891],[8.409133908255944,47.39766441020885],[8.408804108255596,47.39774801020903],[8.408848008255612,47.397827310209045],[8.40901290825579,47.39778551020894]]]}},{"type":"Feature","properties":{"layer":"buildings","osm_type":"way","osm_id":"1373372244","source":"OpenStreetMap","building":"school","name":"Schulpavillon A Wolfsmatt"},"geometry":{"type":"Polygon","coordinates":[[[8.410047708256883,47.39752381020859],[8.410212308257057,47.39748201020848],[8.41016770825704,47.397401410208474],[8.409838508256689,47.39748481020861],[8.409883108256707,47.397565510208594],[8.410047708256883,47.39752381020859]]]}},{"type":"Feature","properties":{"layer":"buildings","osm_type":"way","osm_id":"1387059014","source":"OpenStreetMap","building":"school","name":"Schulpavillon B Wolfsmatt"},"geometry":{"type":"Polygon","coordinates":[[[8.409431608256227,47.397678710208766],[8.409596508256403,47.39763691020868],[8.409552608256384,47.397557510208706],[8.409222708256042,47.397641110208845],[8.409266608256056,47.397720510208856],[8.409431608256227,47.397678710208766]]]}},{"type":"Feature","properties":{"layer":"buildings","osm_type":"way","osm_id":"1391091937","source":"OpenStreetMap","building":"apartments"},"geometry":{"type":"Polygon","coordinates":[[[8.412541608259366,47.397405710207785],[8.412562908259384,47.39740041020778],[8.412581108259408,47.39739591020779],[8.412592208259415,47.39739311020774],[8.41269080825952,47.39736861020777],[8.412696408259523,47.39736721020775],[8.412684608259523,47.39734541020776],[8.412661608259494,47.397351210207766],[8.41260760825947,47.3972530102078],[8.41259020825946,47.39725741020774],[8.412439508259297,47.39729461020779],[8.412450808259303,47.39731551020782],[8.412461308259314,47.39731301020784],[8.412515108259335,47.39741231020784],[8.412541608259366,47.397405710207785]]]}},{"type":"Feature","properties":{"layer":"buildings","osm_type":"way","osm_id":"1391091938","source":"OpenStreetMap","building":"apartments"},"geometry":{"type":"Polygon","coordinates":[[[8.412684608259523,47.39734541020776],[8.412722708259558,47.39733591020774],[8.412738408259576,47.39733191020771],[8.41282940825967,47.39730901020769],[8.412807308259662,47.39726861020767],[8.41282350825968,47.3972645102077],[8.41279100825967,47.3972053102077],[8.41274620825962,47.3972166102077],[8.412734508259618,47.397195410207665],[8.41257780825945,47.397234810207735],[8.41259020825946,47.39725741020774],[8.41260760825947,47.3972530102078],[8.412661608259494,47.397351210207766],[8.412684608259523,47.39734541020776]]]}},{"type":"Feature","properties":{"layer":"buildings","osm_type":"way","osm_id":"1391575146","source":"OpenStreetMap","building":"roof"},"geometry":{"type":"Polygon","coordinates":[[[8.414015908260113,47.39968681020813],[8.414278608260373,47.39966281020805],[8.414275508260383,47.399647310208046],[8.414013608260113,47.399671110208104],[8.414012508260116,47.39966551020808],[8.41377440825987,47.39968711020816],[8.413778808259874,47.3997092102082],[8.414015908260113,47.39968681020813]]]}},{"type":"Feature","properties":{"layer":"buildings","osm_type":"way","osm_id":"1391575148","source":"OpenStreetMap","building":"commercial"},"geometry":{"type":"Polygon","coordinates":[[[8.413343308259435,47.39975281020837],[8.413358708259423,47.39983391020836],[8.413368408259421,47.39985941020833],[8.41428850826037,47.39970891020807],[8.414278608260373,47.39966281020805],[8.414015908260113,47.39968681020813],[8.413778808259874,47.3997092102082],[8.413761808259853,47.399711210208196],[8.413744708259838,47.3997132102082],[8.413427408259516,47.39974531020831],[8.413343308259435,47.39975281020837]]]}},{"type":"Feature","properties":{"layer":"buildings","osm_type":"way","osm_id":"1412656472","source":"OpenStreetMap","building":"farm_auxiliary"},"geometry":{"type":"Polygon","coordinates":[[[8.408110608256287,47.39325091020777],[8.408054208256221,47.39326721020779],[8.408085808256239,47.39331731020777],[8.4081422082563,47.39330101020777],[8.408110608256287,47.39325091020777]]]}},{"type":"Feature","properties":{"layer":"buildings","osm_type":"way","osm_id":"1415269000","source":"OpenStreetMap","building":"yes"},"geometry":{"type":"Polygon","coordinates":[[[8.418810508264784,47.39974921020677],[8.41882290826482,47.399684710206735],[8.418668408264674,47.39967111020678],[8.418656008264641,47.399735610206804],[8.418810508264784,47.39974921020677]]]}},{"type":"Feature","properties":{"layer":"buildings","osm_type":"way","osm_id":"1415271940","source":"OpenStreetMap","building":"roof"},"geometry":{"type":"Polygon","coordinates":[[[8.420458008266705,47.398750210205975],[8.41933340826555,47.39892551020635],[8.419325908265543,47.398926710206375],[8.419335808265545,47.39895571020636],[8.420571208266816,47.398763010205975],[8.420561308266809,47.398734110205964],[8.420458008266705,47.398750210205975]]]}},{"type":"Feature","properties":{"layer":"buildings","osm_type":"way","osm_id":"1415271943","source":"OpenStreetMap","building":"yes"},"geometry":{"type":"Polygon","coordinates":[[[8.421967908268257,47.398513110205485],[8.421974408268255,47.39853131020549],[8.421976572384102,47.39853094753207],[8.421976218855448,47.3985117913548],[8.421967908268257,47.398513110205485]]]}},{"type":"Feature","properties":{"layer":"buildings","osm_type":"way","osm_id":"1436502681","source":"OpenStreetMap","building":"yes"},"geometry":{"type":"Polygon","coordinates":[[[8.41257220825931,47.39766831020789],[8.412547808259301,47.397624310207895],[8.412512308259265,47.397633410207916],[8.412536808259278,47.39767731020788],[8.41257220825931,47.39766831020789]]]}},{"type":"Feature","properties":{"layer":"buildings","osm_type":"way","osm_id":"1436502682","source":"OpenStreetMap","building":"yes"},"geometry":{"type":"Polygon","coordinates":[[[8.41291460825964,47.397703210207816],[8.412890708259631,47.397657610207816],[8.412854608259588,47.39766631020779],[8.412857408259592,47.39767151020781],[8.412880208259601,47.39771211020779],[8.41291460825964,47.397703210207816]]]}},{"type":"Feature","properties":{"layer":"buildings","osm_type":"way","osm_id":"1436502684","source":"OpenStreetMap","building":"yes"},"geometry":{"type":"Polygon","coordinates":[[[8.412880208259601,47.39771211020779],[8.412857408259592,47.39767151020781],[8.412795408259521,47.39768781020779],[8.412818808259537,47.39772831020786],[8.412880208259601,47.39771211020779]]]}},{"type":"Feature","properties":{"layer":"buildings","osm_type":"way","osm_id":"1436502685","source":"OpenStreetMap","building":"yes"},"geometry":{"type":"Polygon","coordinates":[[[8.41290410825961,47.3977532102078],[8.41295430825967,47.3977398102078],[8.412930608259652,47.397699010207816],[8.41291460825964,47.397703210207816],[8.412880208259601,47.39771211020779],[8.41290410825961,47.3977532102078]]]}},{"type":"Feature","properties":{"layer":"buildings","osm_type":"way","osm_id":"1436502687","source":"OpenStreetMap","building":"yes"},"geometry":{"type":"Polygon","coordinates":[[[8.406629908252516,47.40087031021063],[8.406797608252635,47.4010046102106],[8.406831208252674,47.40098541021058],[8.406663508252551,47.400851110210596],[8.406629908252516,47.40087031021063]]]}},{"type":"Feature","properties":{"layer":"buildings","osm_type":"way","osm_id":"1449419338","source":"OpenStreetMap","building":"apartments"},"geometry":{"type":"Polygon","coordinates":[[[8.416441208262494,47.39967191020739],[8.416053208262097,47.39973281020756],[8.416068708262095,47.39977841020756],[8.416174908262205,47.39976191020752],[8.416196908262195,47.39982691020757],[8.416224608262208,47.39990861020759],[8.416389408262372,47.399883010207496],[8.416339608262374,47.39973601020745],[8.416457208262493,47.39971821020746],[8.416441208262494,47.39967191020739]]]}},{"type":"Feature","properties":{"layer":"buildings","osm_type":"way","osm_id":"1449419340","source":"OpenStreetMap","building":"apartments"},"geometry":{"type":"Polygon","coordinates":[[[8.416834508262893,47.3996092102073],[8.416441208262494,47.39967191020739],[8.416457208262493,47.39971821020746],[8.416576208262615,47.39969941020742],[8.416602908262623,47.39977671020741],[8.41664100826262,47.39988741020743],[8.416800008262788,47.39986231020738],[8.416734708262778,47.39967291020734],[8.416850408262896,47.3996551102073],[8.416834508262893,47.3996092102073]]]}},{"type":"Feature","properties":{"layer":"buildings","osm_type":"way","osm_id":"1449419344","source":"OpenStreetMap","building":"apartments"},"geometry":{"type":"Polygon","coordinates":[[[8.417232408263304,47.3995470102072],[8.416834508262893,47.3996092102073],[8.416850408262896,47.3996551102073],[8.416971308263024,47.39963581020726],[8.416998608263023,47.399714510207275],[8.417036408263032,47.39982351020734],[8.417195408263193,47.39979821020725],[8.417129608263185,47.39960851020723],[8.4172468082633,47.39958881020719],[8.417232408263304,47.3995470102072]]]}},{"type":"Feature","properties":{"layer":"buildings","osm_type":"way","osm_id":"1449419348","source":"OpenStreetMap","building":"apartments"},"geometry":{"type":"Polygon","coordinates":[[[8.41757240826365,47.39949341020704],[8.417232408263304,47.3995470102072],[8.4172468082633,47.39958881020719],[8.417366808263429,47.39956991020711],[8.417381508263432,47.39961271020711],[8.417385908263428,47.39962561020716],[8.417362808263407,47.399629210207145],[8.41737600826341,47.39966771020717],[8.41739930826343,47.39966401020717],[8.417408208263433,47.39969121020714],[8.417575708263602,47.399664110207056],[8.4175378082636,47.39955861020707],[8.417591908263656,47.39955011020705],[8.41757240826365,47.39949341020704]]]}},{"type":"Feature","properties":{"layer":"buildings","osm_type":"way","osm_id":"1449419349","source":"OpenStreetMap","building":"apartments"},"geometry":{"type":"Polygon","coordinates":[[[8.417575708263602,47.399664110207056],[8.417408208263433,47.39969121020714],[8.417416608263434,47.399714910207166],[8.417393108263404,47.399718710207175],[8.417405908263413,47.39975471020714],[8.417433908263442,47.39975011020718],[8.417442508263438,47.39977461020715],[8.417445308263442,47.39978261020722],[8.417415508263412,47.399787410207175],[8.417443208263409,47.3998656102072],[8.417635908263609,47.3998344102072],[8.417575708263602,47.399664110207056]]]}},{"type":"Feature","properties":{"layer":"buildings","osm_type":"way","osm_id":"1547173961","source":"OpenStreetMap","building":"apartments"},"geometry":{"type":"Polygon","coordinates":[[[8.413570208259816,47.3992302102081],[8.413481808259705,47.39931331020814],[8.413469408259688,47.39930731020815],[8.41332260825951,47.399445610208254],[8.413326608259503,47.39946941020824],[8.41341550825957,47.39951501020823],[8.413453408259615,47.39951171020823],[8.413546308259729,47.39942631020818],[8.413605808259799,47.39937181020815],[8.413591008259791,47.39936441020816],[8.413701808259928,47.399263110208096],[8.413593208259842,47.39920881020807],[8.413570208259816,47.3992302102081]]]}},{"type":"Feature","properties":{"layer":"environmental_sensitivity","osm_type":"relation","osm_id":"1922579","source":"OpenStreetMap","landuse":"forest"},"geometry":{"type":"Polygon","coordinates":[[[8.406115008254604,47.392342310208015],[8.406391608254872,47.392346410207935],[8.40663330825512,47.39231051020784],[8.406676308255168,47.39230441020785],[8.406920608255415,47.392294510207805],[8.407318408255803,47.392284910207664],[8.408128008256686,47.39199101020737],[8.409163808257762,47.391798310206966],[8.40975330825838,47.39165611020677],[8.409830799300476,47.391638196163804],[8.405954977280434,47.39167070379436],[8.4059678081857,47.392377565460265],[8.406115008254604,47.392342310208015]]]}},{"type":"Feature","properties":{"layer":"environmental_sensitivity","osm_type":"relation","osm_id":"11578077","source":"OpenStreetMap","landuse":"forest"},"geometry":{"type":"Polygon","coordinates":[[[8.414646808260406,47.400752710208245],[8.414502808260224,47.40087521020835],[8.415181908260852,47.40098791020821],[8.41565930826125,47.401228410208155],[8.416378908261924,47.40131451020797],[8.417636208263078,47.40158421020768],[8.420025908265439,47.40152621020701],[8.42009660826541,47.40182981020708],[8.420508608265846,47.40173101020693],[8.420916008266259,47.401682010206784],[8.420943808266339,47.40152221020676],[8.4208655082664,47.4010611102066],[8.420717308266262,47.40101981020663],[8.420567508266135,47.40099381020667],[8.420405208265983,47.400944510206706],[8.420333808265918,47.40093681020669],[8.420209308265795,47.400944710206765],[8.420074408265661,47.40095041020679],[8.419939408265538,47.400916010206835],[8.419834808265447,47.400880010206826],[8.419744208265364,47.40085701020684],[8.419586408265205,47.400872410206915],[8.419546908265172,47.40086711020692],[8.419536508265164,47.40085011020692],[8.419548708265179,47.400842310206926],[8.419708408265336,47.400826510206876],[8.419909408265566,47.40073491020676],[8.420027308265684,47.400721110206746],[8.420055108265721,47.40070071020671],[8.42005910826573,47.4006653102067],[8.420077108265756,47.40064331020669],[8.420071408265759,47.40060991020672],[8.419951108265645,47.40060831020673],[8.419884008265585,47.400581710206716],[8.419885708265593,47.40055421020674],[8.419141308264864,47.40056581020694],[8.416287508262036,47.40066821020779],[8.414839108260598,47.40073571020827],[8.414646808260406,47.400752710208245]],[[8.419165608264873,47.40061621020696],[8.419110008264733,47.400888510207054],[8.417493308263131,47.40095541020755],[8.41736310826297,47.401071910207605],[8.416331108262005,47.40090731020788],[8.416286308262015,47.400713810207776],[8.416901008262627,47.400700410207634],[8.419165608264873,47.40061621020696]]]}},{"type":"Feature","properties":{"layer":"environmental_sensitivity","osm_type":"way","osm_id":"8817420","source":"OpenStreetMap","landuse":"forest"},"geometry":{"type":"Polygon","coordinates":[[[8.421367108266665,47.4018081102067],[8.420538308265815,47.40192611020698],[8.420229008265496,47.40199541020709],[8.42036010826558,47.40212861020709],[8.420264408265455,47.40222781020714],[8.420262548351122,47.402343933273244],[8.422046666513687,47.4023287674817],[8.422037328590806,47.40182285448049],[8.421367108266665,47.4018081102067]]]}},{"type":"Feature","properties":{"layer":"environmental_sensitivity","osm_type":"way","osm_id":"36828233","source":"OpenStreetMap","landuse":"forest","name":"Guggenbühl"},"geometry":{"type":"Polygon","coordinates":[[[8.406956108253947,47.397202210209315],[8.40725960825427,47.39713221020923],[8.407549408254571,47.397065410209144],[8.407844408254881,47.39699741020902],[8.408167508255223,47.396922910208886],[8.408100608255188,47.39682441020887],[8.408375008255476,47.3967464102088],[8.408473008255577,47.396739510208775],[8.408543408255712,47.3965270102087],[8.408704208255976,47.39617491020851],[8.408735708256087,47.395901610208405],[8.40853490825596,47.39567561020839],[8.408331308255795,47.39556901020845],[8.40756320825512,47.39530821020856],[8.407403108254984,47.39524571020856],[8.407321708254926,47.39515571020854],[8.407321708254965,47.39503441020854],[8.407095308254778,47.39493751020857],[8.407049508254733,47.39492721020859],[8.406808308254513,47.39487861020867],[8.406012631968055,47.39484678342396],[8.406059148073872,47.39740898186794],[8.406956108253947,47.397202210209315]]]}},{"type":"Feature","properties":{"layer":"environmental_sensitivity","osm_type":"way","osm_id":"159311381","source":"OpenStreetMap","landuse":"forest"},"geometry":{"type":"Polygon","coordinates":[[[8.411712008258453,47.39771161020815],[8.41168810825847,47.3975845102081],[8.411715108258518,47.397520110208085],[8.411691108258507,47.39749001020805],[8.411721008258558,47.397402110208084],[8.411812708258669,47.39734481020797],[8.412001308258859,47.39733261020794],[8.412073508258931,47.39731521020793],[8.412156008259016,47.39731271020793],[8.41222830825911,47.39724061020786],[8.412237008259291,47.39665541020764],[8.411971608259046,47.39660701020773],[8.412084208259317,47.39608761020753],[8.412501608259777,47.39590651020732],[8.412612508259944,47.39572341020725],[8.412805508260162,47.39562271020714],[8.412784608260234,47.39532971020705],[8.413100208260573,47.39523261020695],[8.413848308261315,47.39518361020672],[8.413757308261257,47.3950861102067],[8.413181008260725,47.39499961020685],[8.412788108260303,47.39511451020699],[8.412317808259795,47.3952520102072],[8.412143108259535,47.39555561020735],[8.411822408259198,47.39563161020742],[8.411779208259114,47.39577001020752],[8.411753708259063,47.39585531020759],[8.411795508259047,47.39604301020756],[8.411803308258992,47.39622881020764],[8.411669108258737,47.39665641020781],[8.411706308258742,47.39675601020785],[8.411677808258684,47.39684151020784],[8.411838608258858,47.39680781020777],[8.411944908258924,47.39692201020786],[8.412101008258984,47.39723061020789],[8.41159810825848,47.39727331020804],[8.411390808258286,47.397231810208105],[8.411375108258207,47.39745071020814],[8.411574608258302,47.39777811020823],[8.411712008258453,47.39771161020815]]]}},{"type":"Feature","properties":{"layer":"environmental_sensitivity","osm_type":"way","osm_id":"468464582","source":"OpenStreetMap","landuse":"forest","name":"Schanzenwald"},"geometry":{"type":"Polygon","coordinates":[[[8.413677708259096,47.40193491020893],[8.413821508259385,47.40145461020876],[8.414502808260224,47.40087521020835],[8.414646808260406,47.400752710208245],[8.412915608258679,47.4008307102088],[8.41192440825766,47.40099341020915],[8.410987708256666,47.40125181020951],[8.410487008256112,47.401463010209696],[8.410017308255584,47.4016792102099],[8.409145408254567,47.40220591021032],[8.408837096713437,47.4024404009985],[8.409179407721727,47.40243752721885],[8.409463908254878,47.4022193102102],[8.409989108255438,47.40207081021004],[8.410831108256174,47.402361610209866],[8.410992969826664,47.40242228501446],[8.41363207293968,47.40240005360201],[8.413677708259096,47.40193491020893]]]}},{"type":"Feature","properties":{"layer":"environmental_sensitivity","osm_type":"way","osm_id":"686607124","source":"OpenStreetMap","landuse":"forest"},"geometry":{"type":"Polygon","coordinates":[[[8.418295708265942,47.394317710205186],[8.418355508266028,47.39424001020515],[8.418425108266113,47.39418091020511],[8.418498508266198,47.39413731020505],[8.418626208266332,47.394100510205],[8.418622708266334,47.39409171020503],[8.418222308265923,47.3941451102052],[8.418093008265796,47.39415071020518],[8.41795760826566,47.39414281020518],[8.4179276082656,47.39425751020526],[8.417932708265589,47.39431411020533],[8.417975108265605,47.39437741020529],[8.418032208265648,47.39442441020532],[8.418098108265704,47.39446471020527],[8.418165908265763,47.39449871020529],[8.418237608265825,47.39452241020528],[8.418257908265875,47.39441871020524],[8.418295708265942,47.394317710205186]]]}},{"type":"Feature","properties":{"layer":"environmental_sensitivity","osm_type":"way","osm_id":"686607125","source":"OpenStreetMap","landuse":"forest"},"geometry":{"type":"Polygon","coordinates":[[[8.418594608266144,47.39461141020518],[8.418930308266441,47.39472501020516],[8.418978508266484,47.39472351020515],[8.419036508266547,47.39471111020512],[8.419084508266602,47.39469001020508],[8.41912060826664,47.39465991020505],[8.419153008266695,47.394612910205026],[8.419165608266727,47.394526810205],[8.419159008266755,47.39442091020497],[8.41907790826671,47.39429531020493],[8.418937408266592,47.39423501020497],[8.4188400082665,47.394228010204976],[8.418670608266332,47.39424521020503],[8.41853860826618,47.3943173102051],[8.41845770826607,47.39440661020518],[8.418409708265989,47.39453751020524],[8.418427708265988,47.39458621020522],[8.418477608266032,47.39460721020522],[8.418553008266104,47.39460471020521],[8.418594608266144,47.39461141020518]]]}},{"type":"Feature","properties":{"layer":"environmental_sensitivity","osm_type":"way","osm_id":"843985370","source":"OpenStreetMap","landuse":"meadow"},"geometry":{"type":"Polygon","coordinates":[[[8.416331108262005,47.40090731020788],[8.41736310826297,47.401071910207605],[8.417493308263131,47.40095541020755],[8.419110008264733,47.400888510207054],[8.419165608264873,47.40061621020696],[8.416901008262627,47.400700410207634],[8.416286308262015,47.400713810207776],[8.416331108262005,47.40090731020788]]]}},{"type":"Feature","properties":{"layer":"environmental_sensitivity","osm_type":"way","osm_id":"946638093","source":"OpenStreetMap","landuse":"grass"},"geometry":{"type":"Polygon","coordinates":[[[8.421698908269553,47.39342601020393],[8.421433108269303,47.39338481020399],[8.42110110826899,47.39333341020411],[8.420749308268668,47.39327651020413],[8.420505508268436,47.3932425102042],[8.420317508268258,47.39321921020422],[8.420316708268247,47.39324601020429],[8.420322108268254,47.39325961020427],[8.42033460826826,47.39327701020428],[8.420358908268275,47.39329451020425],[8.420393108268303,47.39330851020426],[8.420440908268352,47.39331811020425],[8.420637108268537,47.39334471020421],[8.421084708268952,47.39340801020409],[8.421457808269304,47.393463610204],[8.42178490826961,47.393514610203965],[8.421884303864793,47.39353084539893],[8.421882941359454,47.39345700306717],[8.421698908269553,47.39342601020393]]]}},{"type":"Feature","properties":{"layer":"environmental_sensitivity","osm_type":"way","osm_id":"958366169","source":"OpenStreetMap","landuse":"grass"},"geometry":{"type":"Polygon","coordinates":[[[8.406907108252444,47.401997610210884],[8.406827908252342,47.40204821021096],[8.406780908252287,47.40207741021094],[8.406558308252034,47.40219791021106],[8.406518508251994,47.40221831021106],[8.406412508251869,47.402271010211116],[8.406410108251867,47.402278710211114],[8.406416608251872,47.40228601021111],[8.406447708251896,47.40230271021112],[8.406473308251924,47.40231171021113],[8.406500508251948,47.40230921021111],[8.40652320825197,47.40230271021111],[8.40661250825207,47.40225021021103],[8.406804908252289,47.402147210211],[8.406902308252404,47.40209921021091],[8.406968908252475,47.40207431021092],[8.407039908252557,47.402039810210844],[8.406960308252502,47.40196771021084],[8.406907108252444,47.401997610210884]]]}},{"type":"Feature","properties":{"layer":"environmental_sensitivity","osm_type":"way","osm_id":"958366170","source":"OpenStreetMap","landuse":"grass"},"geometry":{"type":"Polygon","coordinates":[[[8.407247908252799,47.401917910210784],[8.40726530825282,47.401904810210766],[8.407308308252873,47.40188151021072],[8.407798108253427,47.40162161021051],[8.408130608253808,47.401443910210354],[8.408396008254105,47.401303810210216],[8.408718108254474,47.40113251021009],[8.40905010825485,47.40096081020994],[8.409312708255147,47.40082941020981],[8.409634808255515,47.400679810209674],[8.409896408255806,47.40056031020958],[8.410013708255939,47.400515010209524],[8.410137708256071,47.4004742102095],[8.410225608256164,47.40044361020947],[8.410280408256224,47.40043081020941],[8.410317508256266,47.40041801020942],[8.41029570825625,47.40038811020942],[8.410266208256235,47.40034981020938],[8.410242108256217,47.40031861020943],[8.41019490825617,47.40033621020942],[8.410125708256096,47.40036701020943],[8.410080908256036,47.40039211020947],[8.409998908255941,47.40043751020952],[8.409934208255871,47.40047051020954],[8.409801008255718,47.4005309102096],[8.409550708255443,47.40064501020969],[8.409264508255122,47.40077861020985],[8.409021808254847,47.40089981020995],[8.408810708254606,47.40100881021002],[8.408539108254292,47.40115231021014],[8.408234008253949,47.40131251021032],[8.407965308253644,47.40145441021039],[8.407616708253244,47.401639510210586],[8.40732530825291,47.40179321021073],[8.407239608252812,47.40183801021074],[8.407211308252785,47.40185051021076],[8.407093408252651,47.40190181021081],[8.407055508252613,47.401919310210864],[8.407024108252566,47.40193591021082],[8.40708330825262,47.40198931021084],[8.407100108252626,47.402007910210834],[8.407141208252673,47.401985410210834],[8.407195408252734,47.40195401021079],[8.407247908252799,47.401917910210784]]]}},{"type":"Feature","properties":{"layer":"environmental_sensitivity","osm_type":"way","osm_id":"958366171","source":"OpenStreetMap","landuse":"grass"},"geometry":{"type":"Polygon","coordinates":[[[8.41293590825907,47.39962181020841],[8.412822108258958,47.39963371020844],[8.412722008258852,47.3996506102085],[8.412633208258761,47.39966921020853],[8.412565608258689,47.39968111020856],[8.412431008258551,47.39970091020852],[8.412197208258313,47.3997385102087],[8.412019308258134,47.399771610208724],[8.411864108257967,47.399803110208765],[8.41178000825788,47.39982291020877],[8.411646608257737,47.399857610208834],[8.411523108257608,47.39989231020888],[8.411457408257538,47.39991211020893],[8.41140890825748,47.39992461020891],[8.41137530825745,47.39993251020896],[8.411355308257424,47.39993781020895],[8.411354208257428,47.39994181020895],[8.411360808257431,47.39994711020901],[8.411371008257436,47.399955010208956],[8.411386608257446,47.39997191020898],[8.411394208257448,47.39998231020895],[8.411397608257452,47.399991310208996],[8.41140050825745,47.39999841020896],[8.411402508257453,47.400004010208995],[8.41140690825746,47.400006410208995],[8.411412608257464,47.400004110209],[8.411426508257478,47.399994610208914],[8.411456808257517,47.39997981020896],[8.411507408257567,47.39996191020893],[8.411567308257633,47.39994351020891],[8.411648208257716,47.39991981020887],[8.411750308257824,47.3998923102088],[8.41189100825798,47.399858910208806],[8.412033008258126,47.39982901020874],[8.412223808258318,47.39979331020869],[8.412418508258519,47.399762910208594],[8.412616808258727,47.39973561020856],[8.412724708258835,47.39972371020852],[8.412894508259003,47.399713610208465],[8.41295510825907,47.399706410208424],[8.41293590825907,47.39962181020841]]]}},{"type":"Feature","properties":{"layer":"environmental_sensitivity","osm_type":"way","osm_id":"958366172","source":"OpenStreetMap","landuse":"grass"},"geometry":{"type":"Polygon","coordinates":[[[8.413021108259136,47.399679210208404],[8.413026008259136,47.39969961020839],[8.413067208259179,47.39968871020841],[8.413091108259207,47.39968161020837],[8.41310360825922,47.39967601020839],[8.413155208259289,47.39962151020837],[8.413154408259285,47.39961651020837],[8.413149008259284,47.399608510208346],[8.41313680825927,47.39960541020831],[8.413104408259242,47.39960541020834],[8.4130626082592,47.39960801020836],[8.413004708259141,47.39961381020839],[8.413021108259136,47.399679210208404]]]}},{"type":"Feature","properties":{"layer":"environmental_sensitivity","osm_type":"way","osm_id":"958366173","source":"OpenStreetMap","landuse":"grass"},"geometry":{"type":"Polygon","coordinates":[[[8.416625608262798,47.39925781020721],[8.41628300826245,47.39930761020735],[8.415856808262015,47.399364510207505],[8.415623408261775,47.399393610207575],[8.415371208261515,47.39942511020766],[8.415126808261268,47.399451910207745],[8.414809708260949,47.39948601020783],[8.414526208260662,47.39951511020794],[8.414333408260468,47.39953281020801],[8.414143708260282,47.39954851020806],[8.413986908260117,47.39956061020806],[8.413821508259954,47.39957231020817],[8.41351220825964,47.39959051020823],[8.413252208259387,47.39960461020833],[8.413242008259381,47.39960911020833],[8.413217408259333,47.39965991020836],[8.413211308259328,47.39967091020835],[8.413222808259334,47.39967801020833],[8.413241808259352,47.399675710208335],[8.413388308259503,47.399662310208306],[8.413512208259624,47.39964901020823],[8.413620508259738,47.39964061020823],[8.413768008259888,47.39963101020819],[8.414046008260168,47.39961331020809],[8.414347108260468,47.399588210208016],[8.414686908260805,47.399556910207856],[8.415007108261129,47.399524110207786],[8.415205408261334,47.39950271020769],[8.415380608261515,47.3994815102077],[8.415620308261754,47.39945241020762],[8.415843108261985,47.399424910207536],[8.416096108262238,47.39939181020744],[8.416382408262526,47.39935211020734],[8.416716308262874,47.399302810207224],[8.417004508263167,47.39925891020714],[8.417242208263415,47.39922261020708],[8.417428708263609,47.399189810207005],[8.417495308263671,47.39918291020694],[8.417552408263733,47.399168810206916],[8.417592608263774,47.399153410206914],[8.417629208263822,47.399132110206914],[8.417669408263862,47.39910911020687],[8.417688708263887,47.399089610206936],[8.41768110826388,47.39907961020688],[8.417661808263864,47.39908131020687],[8.417568308263771,47.3990959102069],[8.417449908263652,47.39911411020696],[8.417348608263543,47.39913321020699],[8.41724730826344,47.39915441020705],[8.417122208263306,47.399181410207085],[8.416975908263154,47.39920571020712],[8.416625608262798,47.39925781020721]]]}},{"type":"Feature","properties":{"layer":"environmental_sensitivity","osm_type":"way","osm_id":"1058274922","source":"OpenStreetMap","landuse":"grass"},"geometry":{"type":"Polygon","coordinates":[[[8.41848370826651,47.39304491020472],[8.418466108266474,47.39312121020477],[8.418485208266494,47.39312221020476],[8.418736908266734,47.393139110204665],[8.418761908266761,47.39313761020468],[8.418792108266791,47.39313061020469],[8.418806008266804,47.39312121020464],[8.418817808266823,47.39310471020469],[8.418822208266835,47.393086310204644],[8.418822208266834,47.39307631020466],[8.41848370826651,47.39304491020472]]]}},{"type":"Feature","properties":{"layer":"environmental_sensitivity","osm_type":"way","osm_id":"1058274923","source":"OpenStreetMap","landuse":"grass"},"geometry":{"type":"Polygon","coordinates":[[[8.418906108266917,47.39308031020461],[8.418912008266913,47.3931057102046],[8.418920808266922,47.3931187102046],[8.418936308266929,47.39313561020461],[8.418958408266947,47.39314711020464],[8.418990808266976,47.39315501020462],[8.41904450826703,47.39316351020459],[8.419259408267234,47.39318141020456],[8.419284408267256,47.393186910204534],[8.41929840826729,47.39311771020451],[8.418906108266917,47.39308031020461]]]}},{"type":"Feature","properties":{"layer":"environmental_sensitivity","osm_type":"way","osm_id":"1058274924","source":"OpenStreetMap","landuse":"grass"},"geometry":{"type":"Polygon","coordinates":[[[8.419449208267409,47.3932143102045],[8.41950070826746,47.39321481020451],[8.419519108267476,47.393212810204474],[8.419568408267526,47.39320091020447],[8.419601508267567,47.39318391020444],[8.419614808267587,47.393174510204446],[8.419630208267604,47.393159510204455],[8.41963320826761,47.39315211020444],[8.419366808267354,47.3931261102045],[8.419355808267321,47.39319091020452],[8.419364608267328,47.393194910204535],[8.419386708267348,47.39321181020452],[8.419449208267409,47.3932143102045]]]}},{"type":"Feature","properties":{"layer":"environmental_sensitivity","osm_type":"way","osm_id":"1058274925","source":"OpenStreetMap","landuse":"grass"},"geometry":{"type":"Polygon","coordinates":[[[8.419736908267705,47.39316801020441],[8.41975610826771,47.39321331020441],[8.419767108267715,47.39322531020439],[8.41978990826773,47.393242210204406],[8.419823808267761,47.393252710204415],[8.420096108268021,47.39328511020437],[8.420130708268056,47.393282110204346],[8.420166008268092,47.39327161020431],[8.420188108268118,47.393254710204296],[8.420199808268135,47.39323971020433],[8.420206408268141,47.39322931020431],[8.420211608268156,47.3932078102043],[8.419740608267714,47.39315651020438],[8.419736908267705,47.39316801020441]]]}},{"type":"Feature","properties":{"layer":"environmental_sensitivity","osm_type":"way","osm_id":"1058294357","source":"OpenStreetMap","landuse":"grass"},"geometry":{"type":"Polygon","coordinates":[[[8.406302608251716,47.40242201021118],[8.40633130825175,47.402406210211176],[8.406349308251771,47.40238981021116],[8.406354708251781,47.40238011021119],[8.406353808251783,47.40237101021116],[8.406345708251777,47.40235951021117],[8.406335808251772,47.402351610211156],[8.40631340825175,47.402339410211155],[8.406292808251733,47.402332110211155],[8.406266808251704,47.40234061021117],[8.406234508251671,47.4023564102112],[8.406302608251716,47.40242201021118]]]}},{"type":"Feature","properties":{"layer":"environmental_sensitivity","osm_type":"way","osm_id":"1058294358","source":"OpenStreetMap","landuse":"grass"},"geometry":{"type":"Polygon","coordinates":[[[8.40625060825166,47.40245051021123],[8.406181508251606,47.40238921021122],[8.406149884754512,47.402406218567194],[8.40615091434577,47.402462916884815],[8.40622755290327,47.402462275357834],[8.40625060825166,47.40245051021123]]]}},{"type":"Feature","properties":{"layer":"environmental_sensitivity","osm_type":"way","osm_id":"1107071409","source":"OpenStreetMap","landuse":"meadow"},"geometry":{"type":"Polygon","coordinates":[[[8.413145008261509,47.39229431020603],[8.413398208261876,47.39192991020584],[8.414056208262465,47.39210041020566],[8.41396140826226,47.39247321020582],[8.414440508262695,47.39257781020572],[8.414487208262742,47.392576210205696],[8.414535108262791,47.39255721020567],[8.41456080826283,47.39253271020568],[8.414579408262851,47.392501910205645],[8.414801308263266,47.39187281020541],[8.41480710826331,47.39174241020536],[8.414776708263314,47.39163641020533],[8.414753670836067,47.39159671899544],[8.412217864417832,47.39161811040353],[8.41203370826057,47.39181641020618],[8.411900708260395,47.3919573102062],[8.411896108260382,47.39198491020627],[8.411906608260386,47.39200471020626],[8.41194320826042,47.39202531020627],[8.413145008261509,47.39229431020603]]]}},{"type":"Feature","properties":{"layer":"environmental_sensitivity","osm_type":"way","osm_id":"1391091939","source":"OpenStreetMap","landuse":"grass"},"geometry":{"type":"Polygon","coordinates":[[[8.41243650825925,47.39745381020785],[8.412416808259225,47.397458810207894],[8.412458308259241,47.39753361020785],[8.412478008259262,47.39752851020789],[8.41243650825925,47.39745381020785]]]}},{"type":"Feature","properties":{"layer":"environmental_sensitivity","osm_type":"way","osm_id":"1391091940","source":"OpenStreetMap","landuse":"grass"},"geometry":{"type":"Polygon","coordinates":[[[8.412581108259408,47.39739591020779],[8.412562908259384,47.39740041020778],[8.41261320825941,47.39749411020785],[8.412632908259424,47.39748911020778],[8.412581108259408,47.39739591020779]]]}},{"type":"Feature","properties":{"layer":"environmental_sensitivity","osm_type":"way","osm_id":"1391091941","source":"OpenStreetMap","landuse":"grass"},"geometry":{"type":"Polygon","coordinates":[[[8.412722708259558,47.39733591020774],[8.412684608259523,47.39734541020776],[8.412696408259523,47.39736721020775],[8.41269080825952,47.39736861020777],[8.41273020825954,47.39743691020775],[8.412772308259584,47.39742601020776],[8.412722708259558,47.39733591020774]]]}},{"type":"Feature","properties":{"layer":"environmental_sensitivity","osm_type":"way","osm_id":"1391091942","source":"OpenStreetMap","landuse":"grass"},"geometry":{"type":"Polygon","coordinates":[[[8.412352808259142,47.397520610207884],[8.412329208259115,47.3975266102079],[8.412325308259115,47.397519010207944],[8.412348708259138,47.397513210207876],[8.412329908259132,47.397479110207904],[8.412306808259109,47.39748561020791],[8.412301608259103,47.39747741020791],[8.412324408259133,47.397470510207896],[8.41230620825912,47.3974377102079],[8.412286408259101,47.39744271020788],[8.412281808259102,47.3974344102079],[8.412300808259117,47.39742931020786],[8.412293208259113,47.39741581020786],[8.412306308259128,47.39741231020788],[8.412272408259113,47.39735181020788],[8.412196208259042,47.39733591020791],[8.412244508259064,47.39742671020792],[8.412331508259102,47.39757651020793],[8.412376708259153,47.397564410207934],[8.412352808259142,47.397520610207884]]]}},{"type":"Feature","properties":{"layer":"environmental_sensitivity","osm_type":"way","osm_id":"1391091943","source":"OpenStreetMap","landuse":"grass"},"geometry":{"type":"Polygon","coordinates":[[[8.412352708259153,47.39747471020786],[8.412322308259148,47.397419810207886],[8.412313108259132,47.3974219102079],[8.412385908259168,47.39755021020793],[8.412390608259171,47.39754541020792],[8.412392508259174,47.3975393102079],[8.412394008259177,47.39753391020789],[8.412392108259175,47.39752791020788],[8.412361008259161,47.39747271020789],[8.412352708259153,47.39747471020786]]]}},{"type":"Feature","properties":{"layer":"environmental_sensitivity","osm_type":"way","osm_id":"1391091944","source":"OpenStreetMap","landuse":"grass"},"geometry":{"type":"Polygon","coordinates":[[[8.412855808259689,47.3973397102077],[8.412908508259745,47.397326810207694],[8.412925108259754,47.39736041020763],[8.412902408259724,47.39736671020773],[8.412920208259736,47.39740281020773],[8.412894208259706,47.39740921020773],[8.412906208259715,47.39741631020772],[8.412919608259728,47.39742201020769],[8.412934008259743,47.3974110102077],[8.41294210825976,47.39739731020769],[8.412942608259762,47.39737871020771],[8.41290770825975,47.39730891020767],[8.412858908259736,47.39721711020768],[8.412842908259725,47.39718441020767],[8.412840408259726,47.39716461020766],[8.412842208259741,47.39714011020762],[8.412855108259771,47.397066710207625],[8.412767708259683,47.39708151020761],[8.412763608259679,47.39707371020769],[8.412754408259671,47.39707401020765],[8.412755608259678,47.39706451020763],[8.412711708259627,47.39707071020764],[8.412720208259636,47.397097510207644],[8.412616308259528,47.39711231020768],[8.412608208259526,47.39708471020769],[8.41259270825951,47.39708701020767],[8.412586208259496,47.39710381020768],[8.412523308259432,47.39711431020773],[8.412512508259422,47.397126810207745],[8.412412208259314,47.397141910207786],[8.41226360825915,47.397195610207845],[8.412272408259152,47.397238510207835],[8.412210508259065,47.39732101020788],[8.41229300825914,47.39733881020784],[8.412301808259144,47.39735351020785],[8.412450808259303,47.39731551020782],[8.412439508259297,47.39729461020779],[8.41259020825946,47.39725741020774],[8.41257780825945,47.397234810207735],[8.412734508259618,47.397195410207665],[8.41274620825962,47.3972166102077],[8.41279100825967,47.3972053102077],[8.41282350825968,47.3972645102077],[8.412851508259688,47.397322710207696],[8.412835808259677,47.39732681020774],[8.41286670825969,47.39738511020772],[8.412877908259697,47.39738251020772],[8.412855808259689,47.3973397102077]]]}},{"type":"Feature","properties":{"layer":"environmental_sensitivity","osm_type":"way","osm_id":"1415268988","source":"OpenStreetMap","landuse":"forest"},"geometry":{"type":"Polygon","coordinates":[[[8.421989414783768,47.399226811749706],[8.421986268057733,47.399056308397576],[8.421858308267996,47.39902851020568],[8.42174760826786,47.399107710205705],[8.42176590826785,47.39919431020576],[8.42194530826802,47.39921971020568],[8.421989414783768,47.399226811749706]]]}},{"type":"Feature","properties":{"layer":"environmental_sensitivity","osm_type":"way","osm_id":"1415268995","source":"OpenStreetMap","landuse":"forest"},"geometry":{"type":"Polygon","coordinates":[[[8.420291608266345,47.39940001020627],[8.420348908266325,47.39964541020629],[8.42022030826617,47.39975341020639],[8.419926008265874,47.39976911020649],[8.419857808265792,47.399824710206516],[8.420381408266303,47.39981531020631],[8.420658708266584,47.39979431020626],[8.42065100826659,47.39975761020625],[8.420606108266554,47.399738710206265],[8.420420208266554,47.39912111020612],[8.420364408266511,47.39909391020613],[8.420243608266388,47.39910541020613],[8.420214108266354,47.399132710206196],[8.420254408266345,47.39927951020619],[8.420291608266345,47.39940001020627]]]}},{"type":"Feature","properties":{"layer":"environmental_sensitivity","osm_type":"way","osm_id":"1415268996","source":"OpenStreetMap","landuse":"forest"},"geometry":{"type":"Polygon","coordinates":[[[8.421420608267333,47.39977911020602],[8.421641908267555,47.399763110205996],[8.421713908267654,47.39967951020589],[8.421649408267601,47.399651910205925],[8.421531308267467,47.39970421020599],[8.421360508267293,47.39971591020606],[8.42130030826723,47.39973841020607],[8.421420608267333,47.39977911020602]]]}},{"type":"Feature","properties":{"layer":"environmental_sensitivity","osm_type":"way","osm_id":"1415269001","source":"OpenStreetMap","landuse":"grass"},"geometry":{"type":"Polygon","coordinates":[[[8.41920460826519,47.399700410206655],[8.419511108265482,47.399727910206586],[8.419655508265619,47.39974121020654],[8.419662408265626,47.39973861020651],[8.419661708265624,47.399733010206546],[8.419552408265565,47.399584910206485],[8.419447308265509,47.399433010206515],[8.419332208265448,47.39927601020647],[8.419320108265435,47.39925871020644],[8.419305308265423,47.39925031020649],[8.419295308265418,47.39924591020645],[8.419207008265326,47.39925681020649],[8.419179108265295,47.39927601020651],[8.41914910826526,47.39930021020655],[8.419126008265227,47.39932731020653],[8.419103308265194,47.39936461020657],[8.419027108265071,47.399516310206664],[8.41897610826499,47.39962411020667],[8.418953708264947,47.399677310206684],[8.41920460826519,47.399700410206655]]]}},{"type":"Feature","properties":{"layer":"environmental_sensitivity","osm_type":"way","osm_id":"157381100","source":"OpenStreetMap","leisure":"park","name":"Schule Wolfsmatt"},"geometry":{"type":"Polygon","coordinates":[[[8.408594208254936,47.3992345102095],[8.408869908255246,47.399100910209384],[8.409563308256004,47.3988485102091],[8.410455908256967,47.39855681020876],[8.410447908256968,47.39851841020876],[8.410226808256846,47.398222510208726],[8.410237808256962,47.39787351020862],[8.410117608256908,47.397668710208606],[8.410124108256932,47.39761721020858],[8.410494408257328,47.39749581020843],[8.410554508257414,47.39741351020839],[8.410206208257108,47.39728781020843],[8.409845708256725,47.39740541020859],[8.409773708256647,47.3974044102086],[8.409582608256448,47.39745381020865],[8.409563308256438,47.39741801020867],[8.408697008255519,47.39765921020897],[8.408901308255622,47.39796721020903],[8.408256908254957,47.39809321020927],[8.407753808254427,47.39820111020943],[8.407923808254502,47.39850231020948],[8.407566308254122,47.39860341020963],[8.40782670825428,47.39890951020967],[8.408340208254637,47.39938931020967],[8.408594208254936,47.3992345102095]]]}},{"type":"Feature","properties":{"layer":"environmental_sensitivity","osm_type":"way","osm_id":"468435296","source":"OpenStreetMap","leisure":"park"},"geometry":{"type":"Polygon","coordinates":[[[8.411532608258494,47.39700011020799],[8.411294308258215,47.39714351020808],[8.411390808258286,47.397231810208105],[8.41159810825848,47.39727331020804],[8.412101008258984,47.39723061020789],[8.411944908258924,47.39692201020786],[8.411832508258838,47.39684571020785],[8.411532608258494,47.39700011020799]]]}},{"type":"Feature","properties":{"layer":"environmental_sensitivity","osm_type":"way","osm_id":"736419664","source":"OpenStreetMap","leisure":"park","name":"Allmend Glanzenberg"},"geometry":{"type":"Polygon","coordinates":[[[8.41921710826515,47.399873910206715],[8.419793508265723,47.39983951020655],[8.419352708265476,47.39922871020648],[8.419064508265183,47.39926951020656],[8.418770708264706,47.39988281020683],[8.41921710826515,47.399873910206715]]]}},{"type":"Feature","properties":{"layer":"environmental_sensitivity","osm_type":"way","osm_id":"843981102","source":"OpenStreetMap","natural":"wetland"},"geometry":{"type":"Polygon","coordinates":[[[8.421446608266963,47.40108101020643],[8.421506108267009,47.40113061020647],[8.421447408266927,47.401210010206455],[8.42135300826682,47.401229210206516],[8.421317108266786,47.401235910206566],[8.421324808266773,47.40130881020656],[8.42134870826674,47.40150381020662],[8.421981408267332,47.40158801020645],[8.422033047057143,47.40159088491429],[8.422015718982577,47.400652044842694],[8.421975708267619,47.400636810206144],[8.421698808267358,47.40059071020623],[8.421260008266913,47.400650110206385],[8.42131330826685,47.401019110206484],[8.421446608266963,47.40108101020643]]]}},{"type":"Feature","properties":{"layer":"water","osm_type":"relation","osm_id":"1598599","source":"OpenStreetMap","natural":"water","name":"Limmat"},"geometry":{"type":"Polygon","coordinates":[[[8.408774508254194,47.40224851021041],[8.409006408254463,47.40210561021032],[8.409530908255096,47.401721810210056],[8.410276008255943,47.40135541020973],[8.41119040825693,47.40103451020937],[8.412024808257812,47.40083391020905],[8.413019908258827,47.40069261020873],[8.414244608260049,47.40063601020837],[8.41494680826074,47.400613210208164],[8.4150190082608,47.400638410208146],[8.415303808261092,47.40061431020807],[8.415302808261089,47.400598810208045],[8.415395108261183,47.400595910208025],[8.415427008261208,47.40061351020801],[8.415513908261298,47.400614710207975],[8.415567208261345,47.40061581020797],[8.415625808261408,47.40059971020797],[8.415656708261434,47.40060551020797],[8.415706408261483,47.40060661020793],[8.415797808261578,47.40058941020791],[8.41587370826166,47.40057111020787],[8.416006908261785,47.400576410207854],[8.416558108262336,47.40055861020767],[8.416919708262688,47.40056431020756],[8.416952208262721,47.40054911020757],[8.41701580826279,47.4005401102075],[8.417058108262827,47.400552710207556],[8.417418308263178,47.40054241020742],[8.417477508263252,47.4005138102074],[8.417679208263438,47.40053001020736],[8.417894808263654,47.400536210207314],[8.417932508263693,47.40050271020729],[8.418172608263932,47.40049961020718],[8.418199008263965,47.400487410207205],[8.41827480826403,47.40050691020718],[8.41841400826417,47.400503110207154],[8.41849430826425,47.40050731020709],[8.418530508264281,47.4005007102071],[8.41861920826437,47.400498610207066],[8.41866080826442,47.400479110207066],[8.41882700826459,47.400472010206975],[8.418836508264587,47.400485010207014],[8.419103508264858,47.400475210206906],[8.419109508264862,47.400461110206926],[8.41932370826508,47.40045381020687],[8.419323908265074,47.40046301020686],[8.419447608265195,47.40045851020684],[8.419476808265225,47.40043631020682],[8.419531108265279,47.40044741020677],[8.419622608265362,47.40045921020676],[8.419664108265419,47.400440010206765],[8.419749108265496,47.40043681020668],[8.421501608267235,47.400362610206216],[8.422010011801138,47.40034282077453],[8.422000856877318,47.39984678501066],[8.420673508266566,47.39989781020626],[8.419256708265166,47.3999464102067],[8.417847408263773,47.39998221020712],[8.416358808262297,47.40005381020756],[8.414102308260063,47.400121110208275],[8.413568008259535,47.400139310208424],[8.413005608258976,47.400171410208564],[8.412536108258486,47.40025081020871],[8.41150000825742,47.40042971020907],[8.41062720825649,47.40066501020942],[8.40976580825555,47.40098471020973],[8.40906310825475,47.40133501021005],[8.408925908254593,47.401414910210114],[8.408775608254423,47.401508210210196],[8.40845860825405,47.401713510210364],[8.407910708253375,47.40215081021066],[8.407633062956396,47.402450501075336],[8.408572619288714,47.40244262065228],[8.408774508254194,47.40224851021041]]]}},{"type":"Feature","properties":{"layer":"water","osm_type":"relation","osm_id":"11578018","source":"OpenStreetMap","natural":"water"},"geometry":{"type":"Polygon","coordinates":[[[8.421981408267332,47.40158801020645],[8.422033047057143,47.40159088491429],[8.422015718982577,47.400652044842694],[8.421975708267619,47.400636810206144],[8.421698808267358,47.40059071020623],[8.421260008266913,47.400650110206385],[8.421168208266865,47.40051741020636],[8.420854308266549,47.40053471020643],[8.420682308266377,47.40054051020648],[8.420304308266008,47.40053781020657],[8.419885708265593,47.40055421020674],[8.419884008265585,47.400581710206716],[8.419951108265645,47.40060831020673],[8.420071408265759,47.40060991020672],[8.420077108265756,47.40064331020669],[8.42005910826573,47.4006653102067],[8.420055108265721,47.40070071020671],[8.420027308265684,47.400721110206746],[8.419909408265566,47.40073491020676],[8.41978850826543,47.400787810206836],[8.419708408265336,47.400826510206876],[8.419548708265179,47.400842310206926],[8.419536508265164,47.40085011020692],[8.419546908265172,47.40086711020692],[8.419586408265205,47.400872410206915],[8.419744208265364,47.40085701020684],[8.419834808265447,47.400880010206826],[8.419939408265538,47.400916010206835],[8.420074408265661,47.40095041020679],[8.420209308265795,47.400944710206765],[8.420333808265918,47.40093681020669],[8.420405208265983,47.400944510206706],[8.420567508266135,47.40099381020667],[8.420717308266262,47.40101981020663],[8.4208655082664,47.4010611102066],[8.420943808266339,47.40152221020676],[8.42134870826674,47.40150381020662],[8.421981408267332,47.40158801020645]],[[8.420361408266047,47.40059991020661],[8.420483908266162,47.40060521020655],[8.420573908266245,47.40062111020655],[8.420761008266416,47.400672610206506],[8.42086920826651,47.40070091020654],[8.420988808266632,47.40070071020647],[8.42100320826663,47.40074501020649],[8.42100370826661,47.40080571020651],[8.420730808266342,47.4008112102066],[8.420510608266147,47.40074651020664],[8.420401208266053,47.400712910206636],[8.42036860826604,47.400652610206656],[8.42035330826603,47.40062421020664],[8.420361408266047,47.40059991020661]]]}},{"type":"Feature","properties":{"layer":"water","osm_type":"way","osm_id":"536864000","source":"OpenStreetMap","natural":"water"},"geometry":{"type":"Polygon","coordinates":[[[8.414355008259705,47.40209261020878],[8.414309408259669,47.40207811020882],[8.414263808259692,47.40186751020878],[8.414448908259931,47.4016624102086],[8.414365708259869,47.40161151020865],[8.414266508259761,47.401618810208674],[8.414178008259718,47.40149531020866],[8.414220908259827,47.40127751020858],[8.414347008259979,47.40118131020853],[8.41450250826013,47.40117761020847],[8.414615208260212,47.40129021020846],[8.414674208260323,47.40111051020842],[8.41464470826036,47.40089441020832],[8.4141002082597,47.401293810208614],[8.414011708259558,47.40148261020869],[8.414000908259451,47.40178761020879],[8.414189859827797,47.40239534716523],[8.414350760169924,47.40239398903607],[8.414355008259705,47.40209261020878]]]}},{"type":"Feature","properties":{"layer":"water","osm_type":"way","osm_id":"4310104","source":"OpenStreetMap","waterway":"river","name":"Limmat"},"geometry":{"type":"LineString","coordinates":[[8.422005584180537,47.400102922822484],[8.419665308265499,47.40017681020665],[8.416056508261917,47.40030701020775],[8.413245508259132,47.40043991020856],[8.412653708258523,47.4005183102088],[8.411855208257707,47.40062411020899],[8.410865308256662,47.40087471020938],[8.40950510825516,47.401422010209984],[8.408741908254276,47.40188231021032],[8.408117908253496,47.40242681021068],[8.408100542381641,47.4024465811]]}},{"type":"Feature","properties":{"layer":"water","osm_type":"way","osm_id":"32799340","source":"OpenStreetMap","waterway":"stream"},"geometry":{"type":"LineString","coordinates":[[8.416354508264869,47.39160931020486],[8.416267308264628,47.392107910205034],[8.416005908264337,47.39223501020519]]}},{"type":"Feature","properties":{"layer":"water","osm_type":"way","osm_id":"104184106","source":"OpenStreetMap","waterway":"stream"},"geometry":{"type":"LineString","coordinates":[[8.415674408263563,47.393682910205726],[8.415480608263268,47.394044010205874]]}},{"type":"Feature","properties":{"layer":"water","osm_type":"way","osm_id":"104184134","source":"OpenStreetMap","waterway":"stream"},"geometry":{"type":"LineString","coordinates":[[8.415822408263884,47.39314001020554],[8.415853408263887,47.393206810205555],[8.415884108263887,47.39331711020556],[8.415890308263855,47.393433610205605],[8.415876008263812,47.39351321020565],[8.415798108263711,47.393598210205646],[8.415707908263608,47.393644710205706],[8.415674408263563,47.393682910205726]]}},{"type":"Feature","properties":{"layer":"water","osm_type":"way","osm_id":"104184154","source":"OpenStreetMap","waterway":"stream"},"geometry":{"type":"LineString","coordinates":[[8.416005908264337,47.39223501020519],[8.415714908263928,47.39263041020536]]}},{"type":"Feature","properties":{"layer":"water","osm_type":"way","osm_id":"104184158","source":"OpenStreetMap","waterway":"stream","name":"Schäflibach"},"geometry":{"type":"LineString","coordinates":[[8.415480608263268,47.394044010205874],[8.415443708263195,47.39417841020595],[8.415340908263062,47.394266710206],[8.415161708262868,47.39432471020609],[8.414921808262603,47.39442621020618],[8.414828308262486,47.39452371020623],[8.4146873082623,47.39466081020631],[8.41447950826207,47.394749110206455],[8.414316108261847,47.39498181020656],[8.414145608261645,47.395077310206624],[8.4138214082613,47.39516551020673],[8.41341680826089,47.39521691020687],[8.413055008260528,47.39522541020699],[8.412782208260245,47.39528751020705],[8.412492508259934,47.39537901020721],[8.412417708259843,47.395424810207246],[8.412415308259824,47.39548691020725],[8.412454108259832,47.395586510207245],[8.412350108259675,47.39575001020733],[8.41224870825953,47.39591991020744],[8.412043508259291,47.39603761020752],[8.411970908259203,47.39608741020758],[8.4119243082591,47.39627141020764],[8.411879108258987,47.3965072102077],[8.411829108258907,47.39660431020775],[8.411818608258878,47.39666121020776],[8.411830208258877,47.39670811020773],[8.411875608258912,47.39674541020781],[8.411940608258973,47.39675341020775],[8.41200910825902,47.396822610207785],[8.412147708259043,47.39718821020786],[8.412142808259025,47.39723591020786],[8.412104008258972,47.39727041020786],[8.412017408258881,47.39730031020794],[8.41175250825862,47.39732021020801],[8.411668608258513,47.397376810208044],[8.411633908258453,47.397480110208086],[8.411565608258254,47.39790151020828],[8.411579108258227,47.39804621020824],[8.411625908258223,47.39819831020832]]}},{"type":"Feature","properties":{"layer":"water","osm_type":"way","osm_id":"104203039","source":"OpenStreetMap","waterway":"stream","name":"Schäflibach"},"geometry":{"type":"LineString","coordinates":[[8.416392966932106,47.39158286066871],[8.416354508264869,47.39160931020486]]}},{"type":"Feature","properties":{"layer":"water","osm_type":"way","osm_id":"104203046","source":"OpenStreetMap","waterway":"stream","name":"Rietmattenbach"},"geometry":{"type":"LineString","coordinates":[[8.416368377680625,47.39158306871402],[8.416354508264869,47.39160931020486]]}},{"type":"Feature","properties":{"layer":"water","osm_type":"way","osm_id":"124600714","source":"OpenStreetMap","waterway":"canal","name":"Müligiessen"},"geometry":{"type":"LineString","coordinates":[[8.422027849696521,47.401309293935384],[8.421821508267298,47.40118921020633],[8.421397408266957,47.40093791020643],[8.421235008266827,47.40085001020644],[8.42075450826636,47.40084171020657],[8.420558008266168,47.40081821020661],[8.420256808265904,47.4007404102067],[8.420147108265844,47.40059261020667],[8.419931608265633,47.40056271020674],[8.419840608265568,47.40050411020674],[8.419755408265502,47.400437110206745]]}},{"type":"Feature","properties":{"layer":"water","osm_type":"way","osm_id":"427666069","source":"OpenStreetMap","waterway":"stream","name":"Schäflibach"},"geometry":{"type":"LineString","coordinates":[[8.412439708258516,47.39983181020861],[8.412500808258558,47.39990931020864],[8.412542108258576,47.39998841020862]]}},{"type":"Feature","properties":{"layer":"water","osm_type":"way","osm_id":"427666073","source":"OpenStreetMap","waterway":"stream","name":"Schäflibach"},"geometry":{"type":"LineString","coordinates":[[8.412206108258342,47.3996570102086],[8.412439708258516,47.39983181020861]]}},{"type":"Feature","properties":{"layer":"water","osm_type":"way","osm_id":"427666076","source":"OpenStreetMap","waterway":"stream","name":"Schäflibach"},"geometry":{"type":"LineString","coordinates":[[8.412542108258576,47.39998841020862],[8.412577108258573,47.40010151020867],[8.412576208258553,47.4001750102087],[8.412536108258486,47.40025081020871]]}},{"type":"Feature","properties":{"layer":"water","osm_type":"way","osm_id":"438533295","source":"OpenStreetMap","waterway":"stream"},"geometry":{"type":"LineString","coordinates":[[8.415726208263818,47.393028510205504],[8.415822408263884,47.39314001020554]]}},{"type":"Feature","properties":{"layer":"water","osm_type":"way","osm_id":"438533296","source":"OpenStreetMap","waterway":"stream"},"geometry":{"type":"LineString","coordinates":[[8.415714908263928,47.39263041020536],[8.415672008263869,47.39270001020541],[8.415646708263813,47.392786910205466],[8.41566550826379,47.39291221020547],[8.415726208263818,47.393028510205504]]}},{"type":"Feature","properties":{"layer":"water","osm_type":"way","osm_id":"700422716","source":"OpenStreetMap","waterway":"stream","name":"Schäflibach"},"geometry":{"type":"LineString","coordinates":[[8.411620408258148,47.398425710208414],[8.41154280825801,47.398633010208464],[8.411579508258022,47.39871671020853],[8.411700808258065,47.39895621020855],[8.411806408258098,47.399188810208585],[8.41194780825816,47.3994290102086],[8.412064608258245,47.399544510208635],[8.412206108258342,47.3996570102086]]}},{"type":"Feature","properties":{"layer":"water","osm_type":"way","osm_id":"700422717","source":"OpenStreetMap","waterway":"stream","name":"Schäflibach"},"geometry":{"type":"LineString","coordinates":[[8.411625908258223,47.39819831020832],[8.411657208258227,47.398279110208314],[8.41164560825819,47.398355710208385],[8.411620408258148,47.398425710208414]]}},{"type":"Feature","properties":{"layer":"water","osm_type":"way","osm_id":"720165045","source":"OpenStreetMap","waterway":"stream","name":"Schäflibach"},"geometry":{"type":"LineString","coordinates":[[8.412536108258486,47.40025081020871],[8.412653708258523,47.4005183102088]]}},{"type":"Feature","properties":{"layer":"water","osm_type":"way","osm_id":"875762924","source":"OpenStreetMap","waterway":"yes"},"geometry":{"type":"LineString","coordinates":[[8.419755408265502,47.400437110206745],[8.419665308265499,47.40017681020665]]}},{"type":"Feature","properties":{"layer":"road_network","edge_id":"30228235:13299558581:0","source":"30228235","target":"13299558581","osm_id":"26462444","highway":"secondary","access":"","bridge":"","tunnel":"","length_m":57.85},"geometry":{"type":"LineString","coordinates":[[8.4198181,47.3985301],[8.4203786,47.3983264],[8.4205098,47.3983145]]}},{"type":"Feature","properties":{"layer":"road_network","edge_id":"59488312:59488452:0","source":"59488312","target":"59488452","osm_id":"153273329","highway":"motorway_link","access":"","bridge":"","tunnel":"","length_m":36.57},"geometry":{"type":"LineString","coordinates":[[8.4193165,47.3946835],[8.4192951,47.394741],[8.4192543,47.3948027],[8.4192489,47.3948395],[8.4192761,47.3948984],[8.419367,47.3949814]]}},{"type":"Feature","properties":{"layer":"road_network","edge_id":"59488312:59488454:0","source":"59488312","target":"59488454","osm_id":"534460733","highway":"motorway_link","access":"","bridge":"","tunnel":"","length_m":27.88},"geometry":{"type":"LineString","coordinates":[[8.4193165,47.3946835],[8.4192674,47.3947243],[8.4192192,47.3947837],[8.4191798,47.3948377],[8.419134,47.3949006]]}},{"type":"Feature","properties":{"layer":"road_network","edge_id":"59488445:1659794405:0","source":"59488445","target":"1659794405","osm_id":"1221847836;153273334","highway":"primary","access":"","bridge":"","tunnel":"","length_m":141.18},"geometry":{"type":"LineString","coordinates":[[8.4207559,47.3954966],[8.4204274,47.3954181],[8.4201687,47.395341],[8.4198811,47.3952462],[8.4196014,47.395154],[8.4193175,47.3950622],[8.419192,47.3950231],[8.4190478,47.394975]]}},{"type":"Feature","properties":{"layer":"road_network","edge_id":"59488452:59488445:0","source":"59488452","target":"59488445","osm_id":"313592305","highway":"primary","access":"","bridge":"","tunnel":"","length_m":119.34},"geometry":{"type":"LineString","coordinates":[[8.419367,47.3949814],[8.4196463,47.3950806],[8.4199263,47.3951785],[8.420491,47.3953759],[8.4207559,47.3954966]]}},{"type":"Feature","properties":{"layer":"road_network","edge_id":"59488454:1659794405:0","source":"59488454","target":"1659794405","osm_id":"313592301","highway":"motorway_link","access":"","bridge":"","tunnel":"","length_m":10.51},"geometry":{"type":"LineString","coordinates":[[8.4190478,47.394975],[8.419134,47.3949006]]}},{"type":"Feature","properties":{"layer":"road_network","edge_id":"59488454:59488452:0","source":"59488454","target":"59488452","osm_id":"313592305","highway":"primary","access":"","bridge":"","tunnel":"","length_m":19.71},"geometry":{"type":"LineString","coordinates":[[8.419134,47.3949006],[8.419367,47.3949814]]}},{"type":"Feature","properties":{"layer":"road_network","edge_id":"92279524:59488312:0","source":"92279524","target":"59488312","osm_id":"15805299;210309205","highway":"motorway_link","access":"","bridge":"","tunnel":"","length_m":275.41},"geometry":{"type":"LineString","coordinates":[[8.4168474,47.3934983],[8.4169632,47.39354],[8.4171357,47.3937099],[8.4172154,47.3937854],[8.4172984,47.3938519],[8.4173775,47.3939082],[8.4174766,47.3939718],[8.4175511,47.394013],[8.4176428,47.394052],[8.4177242,47.394073],[8.4178017,47.3940868],[8.4178866,47.3940997],[8.4179808,47.3941075],[8.4180843,47.3941106],[8.4182255,47.3941083],[8.4183468,47.3940962],[8.4185609,47.3940638],[8.4186979,47.3940442],[8.4187812,47.3940383],[8.4188666,47.3940387],[8.4189564,47.3940493],[8.4190538,47.3940713],[8.4191793,47.3941219],[8.4192349,47.3941559],[8.4192884,47.3941973],[8.4193513,47.3942594],[8.4193857,47.3943268],[8.4194051,47.3943954],[8.4194082,47.3944686],[8.4193894,47.3945483],[8.4193586,47.3946209],[8.4193165,47.3946835]]}},{"type":"Feature","properties":{"layer":"road_network","edge_id":"92279524:59488147:0","source":"92279524","target":"59488147","osm_id":"210309192","highway":"motorway","access":"","bridge":"","tunnel":"","length_m":307.63},"geometry":{"type":"LineString","coordinates":[[8.4168474,47.3934983],[8.4170876,47.3937428],[8.4173795,47.3940292],[8.4181474,47.3947657],[8.4187283,47.39534],[8.4191811,47.3957693]]}},{"type":"Feature","properties":{"layer":"road_network","edge_id":"92280003:4362719002:0","source":"92280003","target":"4362719002","osm_id":"15804882;210309204;554298199","highway":"motorway_link","access":"","bridge":"","tunnel":"","length_m":276.85},"geometry":{"type":"LineString","coordinates":[[8.417307,47.3941428],[8.4171805,47.3940626],[8.4170651,47.3939665],[8.4169587,47.3938767],[8.4166687,47.3936246],[8.4164945,47.3934923],[8.4162176,47.3933078],[8.4161114,47.3932351],[8.4160487,47.3931986],[8.4159611,47.3931532],[8.4158724,47.3931184],[8.4157949,47.3930946],[8.4156711,47.3930664],[8.4155458,47.3930482],[8.4154285,47.3930458],[8.4153296,47.3930512],[8.4152126,47.3930722],[8.4151199,47.3931035],[8.4150266,47.3931533],[8.4149481,47.3932129],[8.4148743,47.3932932],[8.4148294,47.3933678],[8.414802,47.3934445],[8.4147944,47.3935086],[8.4147968,47.3935699]]}},{"type":"Feature","properties":{"layer":"road_network","edge_id":"158726870:462683477:0","source":"158726870","target":"462683477","osm_id":"153273333","highway":"primary","access":"","bridge":"","tunnel":"","length_m":34.95},"geometry":{"type":"LineString","coordinates":[[8.4186642,47.3947375],[8.4190093,47.394857],[8.4190774,47.3948809]]}},{"type":"Feature","properties":{"layer":"road_network","edge_id":"158726870:1659794381:0","source":"158726870","target":"1659794381","osm_id":"584970439","highway":"motorway_link","access":"","bridge":"","tunnel":"","length_m":43.15},"geometry":{"type":"LineString","coordinates":[[8.4186642,47.3947375],[8.4188799,47.3947807],[8.4189576,47.394782],[8.4190521,47.3947661],[8.419117,47.3947327],[8.4191852,47.3946912]]}},{"type":"Feature","properties":{"layer":"road_network","edge_id":"173508656:462264934:0","source":"173508656","target":"462264934","osm_id":"1416303240","highway":"secondary","access":"","bridge":"","tunnel":"","length_m":17.17},"geometry":{"type":"LineString","coordinates":[[8.4183836,47.391966],[8.4184307,47.3918149]]}},{"type":"Feature","properties":{"layer":"road_network","edge_id":"173508656:3203345799:0","source":"173508656","target":"3203345799","osm_id":"1416303240;1163112213","highway":"secondary","access":"","bridge":"","tunnel":"","length_m":29.44},"geometry":{"type":"LineString","coordinates":[[8.4184307,47.3918149],[8.4184769,47.3916433],[8.4184908,47.3915535]]}},{"type":"Feature","properties":{"layer":"road_network","edge_id":"278006103:359476668:0","source":"278006103","target":"359476668","osm_id":"1164886966","highway":"track","access":"","bridge":"","tunnel":"","length_m":17.57},"geometry":{"type":"LineString","coordinates":[[8.4210172,47.4004777],[8.4212506,47.4004772]]}},{"type":"Feature","properties":{"layer":"road_network","edge_id":"283533533:316822998:0","source":"283533533","target":"316822998","osm_id":"28817319","highway":"residential","access":"","bridge":"","tunnel":"","length_m":55.61},"geometry":{"type":"LineString","coordinates":[[8.4132788,47.3978916],[8.4132629,47.3978597],[8.4132302,47.3977941],[8.4130305,47.3974206]]}},{"type":"Feature","properties":{"layer":"road_network","edge_id":"283533533:316822985:0","source":"283533533","target":"316822985","osm_id":"28817335","highway":"living_street","access":"","bridge":"","tunnel":"","length_m":106.59},"geometry":{"type":"LineString","coordinates":[[8.4132788,47.3978916],[8.4133043,47.3979379],[8.4134858,47.3982668],[8.4135877,47.3984469],[8.4137148,47.398613],[8.413806,47.3987013],[8.4138664,47.3987586]]}},{"type":"Feature","properties":{"layer":"road_network","edge_id":"283533533:316823080:0","source":"283533533","target":"316823080","osm_id":"149148958","highway":"tertiary","access":"","bridge":"","tunnel":"","length_m":135.87},"geometry":{"type":"LineString","coordinates":[[8.4132788,47.3978916],[8.4134141,47.3978629],[8.4135313,47.3978421],[8.4138088,47.3977925],[8.4140416,47.397763],[8.4143227,47.3977334],[8.4145158,47.3977205],[8.4147032,47.3977131],[8.4148236,47.3977113],[8.4150553,47.3977113]]}},{"type":"Feature","properties":{"layer":"road_network","edge_id":"283533533:316823041:0","source":"283533533","target":"316823041","osm_id":"149148958","highway":"tertiary","access":"","bridge":"","tunnel":"","length_m":107.64},"geometry":{"type":"LineString","coordinates":[[8.4132788,47.3978916],[8.4131508,47.3979238],[8.4127819,47.3980193],[8.412322,47.3981384],[8.411942,47.3982354]]}},{"type":"Feature","properties":{"layer":"road_network","edge_id":"289985889:1968485731:1","source":"289985889","target":"1968485731","osm_id":"36908765;843992461","highway":"path;track","access":"","bridge":"","tunnel":"","length_m":51.0},"geometry":{"type":"LineString","coordinates":[[8.4217738,47.3995453],[8.4218083,47.3996115],[8.4219772,47.3997748],[8.4216981,47.3997842]]}},{"type":"Feature","properties":{"layer":"road_network","edge_id":"289986487:10570534972:0","source":"289986487","target":"10570534972","osm_id":"26461548","highway":"service","access":"","bridge":"","tunnel":"","length_m":8.43},"geometry":{"type":"LineString","coordinates":[[8.4196529,47.3976913],[8.419656,47.3977671]]}},{"type":"Feature","properties":{"layer":"road_network","edge_id":"289986487:13252100183:0","source":"289986487","target":"13252100183","osm_id":"28817337","highway":"residential","access":"","bridge":"","tunnel":"","length_m":8.15},"geometry":{"type":"LineString","coordinates":[[8.4195448,47.3976951],[8.4196529,47.3976913]]}},{"type":"Feature","properties":{"layer":"road_network","edge_id":"289986487:1299376332:0","source":"289986487","target":"1299376332","osm_id":"26462519","highway":"residential","access":"","bridge":"","tunnel":"","length_m":80.43},"geometry":{"type":"LineString","coordinates":[[8.4196529,47.3976913],[8.4200517,47.397676],[8.4205283,47.3975989],[8.4206978,47.3975598]]}},{"type":"Feature","properties":{"layer":"road_network","edge_id":"289986546:1870531068:0","source":"289986546","target":"1870531068","osm_id":"26461548","highway":"service","access":"","bridge":"","tunnel":"","length_m":9.86},"geometry":{"type":"LineString","coordinates":[[8.4196499,47.3985382],[8.4197022,47.3986195]]}},{"type":"Feature","properties":{"layer":"road_network","edge_id":"289986546:30228235:0","source":"289986546","target":"30228235","osm_id":"26462444","highway":"secondary","access":"","bridge":"","tunnel":"","length_m":13.23},"geometry":{"type":"LineString","coordinates":[[8.4197022,47.3986195],[8.4198181,47.3985301]]}},{"type":"Feature","properties":{"layer":"road_network","edge_id":"289986546:422690885:0","source":"289986546","target":"422690885","osm_id":"36214374","highway":"secondary","access":"","bridge":"","tunnel":"","length_m":23.54},"geometry":{"type":"LineString","coordinates":[[8.4197022,47.3986195],[8.4195938,47.3986527],[8.4194188,47.398709]]}},{"type":"Feature","properties":{"layer":"road_network","edge_id":"289986665:1299376296:0","source":"289986665","target":"1299376296","osm_id":"104665376","highway":"secondary","access":"","bridge":"","tunnel":"","length_m":15.59},"geometry":{"type":"LineString","coordinates":[[8.4211711,47.3980586],[8.4213525,47.3979909]]}},{"type":"Feature","properties":{"layer":"road_network","edge_id":"289986665:13299558581:0","source":"289986665","target":"13299558581","osm_id":"1450018971","highway":"secondary","access":"","bridge":"","tunnel":"","length_m":57.33},"geometry":{"type":"LineString","coordinates":[[8.4205098,47.3983145],[8.4211711,47.3980586]]}},{"type":"Feature","properties":{"layer":"road_network","edge_id":"289986665:1299376223:0","source":"289986665","target":"1299376223","osm_id":"708056267","highway":"residential","access":"","bridge":"","tunnel":"","length_m":14.76},"geometry":{"type":"LineString","coordinates":[[8.4211711,47.3980586],[8.4212141,47.3981216],[8.4212532,47.3981791]]}},{"type":"Feature","properties":{"layer":"road_network","edge_id":"296055257:2975441042:0","source":"296055257","target":"2975441042","osm_id":"90128279","highway":"secondary","access":"","bridge":"","tunnel":"","length_m":32.91},"geometry":{"type":"LineString","coordinates":[[8.41779,47.3990846],[8.4182131,47.3990098]]}},{"type":"Feature","properties":{"layer":"road_network","edge_id":"296055257:3949927039:0","source":"296055257","target":"3949927039","osm_id":"1133810045","highway":"tertiary","access":"","bridge":"","tunnel":"","length_m":17.07},"geometry":{"type":"LineString","coordinates":[[8.4177183,47.398939],[8.41779,47.3990846]]}},{"type":"Feature","properties":{"layer":"road_network","edge_id":"296055257:7641100307:0","source":"296055257","target":"7641100307","osm_id":"1382935286;818160607","highway":"secondary","access":"","bridge":"","tunnel":"","length_m":359.07},"geometry":{"type":"LineString","coordinates":[[8.41779,47.3990846],[8.4177043,47.3991486],[8.4175721,47.3991791],[8.4173036,47.3992265],[8.4170071,47.3992735],[8.4167218,47.3993203],[8.41636,47.3993743],[8.416048,47.3994195],[8.4157978,47.3994531],[8.415439,47.3994951],[8.4151892,47.3995247],[8.414781,47.3995711],[8.414316,47.3996147],[8.4138396,47.3996474],[8.4134183,47.3996818],[8.4131413,47.3997043]]}},{"type":"Feature","properties":{"layer":"road_network","edge_id":"308640531:308640535:0","source":"308640531","target":"308640535","osm_id":"28097495","highway":"unclassified","access":"","bridge":"","tunnel":"","length_m":11.93},"geometry":{"type":"LineString","coordinates":[[8.4210266,47.3996858],[8.4211842,47.399674]]}},{"type":"Feature","properties":{"layer":"road_network","edge_id":"308640531:357848879:0","source":"308640531","target":"357848879","osm_id":"31974979","highway":"track","access":"","bridge":"","tunnel":"","length_m":13.28},"geometry":{"type":"LineString","coordinates":[[8.4211842,47.399674],[8.4211965,47.3997931]]}},{"type":"Feature","properties":{"layer":"road_network","edge_id":"308640531:3220515361:0","source":"308640531","target":"3220515361","osm_id":"26461553;28097495","highway":"residential;unclassified","access":"","bridge":"","tunnel":"","length_m":79.69},"geometry":{"type":"LineString","coordinates":[[8.4211842,47.399674],[8.4214632,47.3996619],[8.4215416,47.3996332],[8.4216125,47.3995957],[8.4216725,47.3995468],[8.4216977,47.3994916],[8.4217012,47.3994438],[8.4216607,47.3992084]]}},{"type":"Feature","properties":{"layer":"road_network","edge_id":"308640535:4626575083:0","source":"308640535","target":"4626575083","osm_id":"28097495","highway":"unclassified","access":"","bridge":"","tunnel":"","length_m":12.18},"geometry":{"type":"LineString","coordinates":[[8.4208657,47.3996978],[8.4210266,47.3996858]]}},{"type":"Feature","properties":{"layer":"road_network","edge_id":"308640535:308640531:0","source":"308640535","target":"308640531","osm_id":"28097495","highway":"unclassified","access":"","bridge":"","tunnel":"","length_m":11.93},"geometry":{"type":"LineString","coordinates":[[8.4210266,47.3996858],[8.4211842,47.399674]]}},{"type":"Feature","properties":{"layer":"road_network","edge_id":"308640535:4626575088:0","source":"308640535","target":"4626575088","osm_id":"468102785","highway":"service","access":"","bridge":"","tunnel":"","length_m":48.45},"geometry":{"type":"LineString","coordinates":[[8.4209397,47.3992541],[8.4210266,47.3996858]]}},{"type":"Feature","properties":{"layer":"road_network","edge_id":"316822983:7641100287:0","source":"316822983","target":"7641100287","osm_id":"1058274901","highway":"tertiary","access":"","bridge":"","tunnel":"","length_m":8.83},"geometry":{"type":"LineString","coordinates":[[8.413196,47.3994999],[8.4132027,47.3995609],[8.4132061,47.399579]]}},{"type":"Feature","properties":{"layer":"road_network","edge_id":"316822984:14072402372:0","source":"316822984","target":"14072402372","osm_id":"28817318","highway":"tertiary","access":"","bridge":"","tunnel":"","length_m":4.36},"geometry":{"type":"LineString","coordinates":[[8.4136223,47.3989964],[8.4136554,47.3989642]]}},{"type":"Feature","properties":{"layer":"road_network","edge_id":"316822984:2964171745:0","source":"316822984","target":"2964171745","osm_id":"28817318","highway":"tertiary","access":"","bridge":"","tunnel":"","length_m":56.68},"geometry":{"type":"LineString","coordinates":[[8.4136223,47.3989964],[8.4133315,47.3992605],[8.4132149,47.3993793],[8.4131821,47.3994098]]}},{"type":"Feature","properties":{"layer":"road_network","edge_id":"316822984:462266883:0","source":"316822984","target":"462266883","osm_id":"38913535","highway":"residential","access":"","bridge":"","tunnel":"","length_m":70.42},"geometry":{"type":"LineString","coordinates":[[8.4136223,47.3989964],[8.41311,47.3987437],[8.4128373,47.3986563]]}},{"type":"Feature","properties":{"layer":"road_network","edge_id":"316822985:316822991:0","source":"316822985","target":"316822991","osm_id":"28817318","highway":"tertiary","access":"","bridge":"","tunnel":"","length_m":25.67},"geometry":{"type":"LineString","coordinates":[[8.4138664,47.3987586],[8.4140813,47.3985793]]}},{"type":"Feature","properties":{"layer":"road_network","edge_id":"316822985:14072402372:0","source":"316822985","target":"14072402372","osm_id":"28817318","highway":"tertiary","access":"","bridge":"","tunnel":"","length_m":27.84},"geometry":{"type":"LineString","coordinates":[[8.4136554,47.3989642],[8.4138664,47.3987586]]}},{"type":"Feature","properties":{"layer":"road_network","edge_id":"316822985:283533533:0","source":"316822985","target":"283533533","osm_id":"28817335","highway":"living_street","access":"","bridge":"","tunnel":"","length_m":106.59},"geometry":{"type":"LineString","coordinates":[[8.4138664,47.3987586],[8.413806,47.3987013],[8.4137148,47.398613],[8.4135877,47.3984469],[8.4134858,47.3982668],[8.4133043,47.3979379],[8.4132788,47.3978916]]}},{"type":"Feature","properties":{"layer":"road_network","edge_id":"316822991:316822985:0","source":"316822991","target":"316822985","osm_id":"28817318","highway":"tertiary","access":"","bridge":"","tunnel":"","length_m":25.67},"geometry":{"type":"LineString","coordinates":[[8.4138664,47.3987586],[8.4140813,47.3985793]]}},{"type":"Feature","properties":{"layer":"road_network","edge_id":"316822991:316823080:0","source":"316822991","target":"316823080","osm_id":"28817318","highway":"tertiary","access":"","bridge":"","tunnel":"","length_m":124.06},"geometry":{"type":"LineString","coordinates":[[8.4140813,47.3985793],[8.4141612,47.398509],[8.4149261,47.3979733],[8.4149727,47.3979336],[8.4150054,47.3978914],[8.4150359,47.3978081],[8.4150524,47.3977441],[8.4150553,47.3977113]]}},{"type":"Feature","properties":{"layer":"road_network","edge_id":"316822991:316822997:0","source":"316822991","target":"316822997","osm_id":"28817320","highway":"living_street","access":"","bridge":"","tunnel":"","length_m":268.12},"geometry":{"type":"LineString","coordinates":[[8.4140813,47.3985793],[8.4141982,47.3986147],[8.4144378,47.3986102],[8.4145119,47.3985726],[8.4163797,47.3984773],[8.4175727,47.3984288],[8.4176063,47.3984274]]}},{"type":"Feature","properties":{"layer":"road_network","edge_id":"316822997:316822991:0","source":"316822997","target":"316822991","osm_id":"28817320","highway":"living_street","access":"","bridge":"","tunnel":"","length_m":268.12},"geometry":{"type":"LineString","coordinates":[[8.4176063,47.3984274],[8.4175727,47.3984288],[8.4163797,47.3984773],[8.4145119,47.3985726],[8.4144378,47.3986102],[8.4141982,47.3986147],[8.4140813,47.3985793]]}},{"type":"Feature","properties":{"layer":"road_network","edge_id":"316822997:9724408555:0","source":"316822997","target":"9724408555","osm_id":"28817339","highway":"tertiary","access":"","bridge":"","tunnel":"","length_m":80.26},"geometry":{"type":"LineString","coordinates":[[8.4176063,47.3984274],[8.4175915,47.3981751],[8.4175772,47.3978484],[8.4175765,47.39778],[8.4175795,47.397706]]}},{"type":"Feature","properties":{"layer":"road_network","edge_id":"316822997:1347092386:0","source":"316822997","target":"1347092386","osm_id":"41756209","highway":"service","access":"","bridge":"","tunnel":"","length_m":30.42},"geometry":{"type":"LineString","coordinates":[[8.4176063,47.3984274],[8.4176409,47.398432],[8.4180028,47.3984805]]}},{"type":"Feature","properties":{"layer":"road_network","edge_id":"316822997:3949927039:0","source":"316822997","target":"3949927039","osm_id":"1133810045","highway":"tertiary","access":"","bridge":"","tunnel":"","length_m":57.52},"geometry":{"type":"LineString","coordinates":[[8.4176063,47.3984274],[8.4176338,47.3985707],[8.4176984,47.3988698],[8.4177144,47.3989253],[8.4177183,47.398939]]}},{"type":"Feature","properties":{"layer":"road_network","edge_id":"316822998:13203262410:0","source":"316822998","target":"13203262410","osm_id":"28817323","highway":"residential","access":"","bridge":"","tunnel":"","length_m":32.82},"geometry":{"type":"LineString","coordinates":[[8.4130305,47.3974206],[8.4134523,47.3973457]]}},{"type":"Feature","properties":{"layer":"road_network","edge_id":"316822998:428089664:0","source":"316822998","target":"428089664","osm_id":"28817323","highway":"residential","access":"","bridge":"","tunnel":"","length_m":57.33},"geometry":{"type":"LineString","coordinates":[[8.4123187,47.3976042],[8.4130305,47.3974206]]}},{"type":"Feature","properties":{"layer":"road_network","edge_id":"316822998:283533533:0","source":"316822998","target":"283533533","osm_id":"28817319","highway":"residential","access":"","bridge":"","tunnel":"","length_m":55.61},"geometry":{"type":"LineString","coordinates":[[8.4130305,47.3974206],[8.4132302,47.3977941],[8.4132629,47.3978597],[8.4132788,47.3978916]]}},{"type":"Feature","properties":{"layer":"road_network","edge_id":"316822998:13329889665:0","source":"316822998","target":"13329889665","osm_id":"28817319","highway":"residential","access":"","bridge":"","tunnel":"","length_m":210.2},"geometry":{"type":"LineString","coordinates":[[8.4130305,47.3974206],[8.412961,47.3972414],[8.4129681,47.3971503],[8.4129973,47.3970592],[8.4130738,47.3969132],[8.4131261,47.3968384],[8.4132027,47.3967582],[8.4143459,47.3958575]]}},{"type":"Feature","properties":{"layer":"road_network","edge_id":"316823020:5068166943:0","source":"316823020","target":"5068166943","osm_id":"38913456","highway":"residential","access":"","bridge":"","tunnel":"","length_m":28.22},"geometry":{"type":"LineString","coordinates":[[8.4160932,47.3957401],[8.4161519,47.3954894]]}},{"type":"Feature","properties":{"layer":"road_network","edge_id":"316823020:9810502635:0","source":"316823020","target":"9810502635","osm_id":"38913456","highway":"residential","access":"","bridge":"","tunnel":"","length_m":19.76},"geometry":{"type":"LineString","coordinates":[[8.4161519,47.3954894],[8.4161892,47.3953135]]}},{"type":"Feature","properties":{"layer":"road_network","edge_id":"316823020:9810496388:0","source":"316823020","target":"9810496388","osm_id":"28817319","highway":"residential","access":"","bridge":"","tunnel":"","length_m":63.74},"geometry":{"type":"LineString","coordinates":[[8.4161519,47.3954894],[8.4158479,47.3954602],[8.4156423,47.3954408],[8.4154416,47.3954407],[8.415311,47.3954511]]}},{"type":"Feature","properties":{"layer":"road_network","edge_id":"316823031:9810502632:0","source":"316823031","target":"9810502632","osm_id":"38913456","highway":"residential","access":"","bridge":"","tunnel":"","length_m":9.04},"geometry":{"type":"LineString","coordinates":[[8.4163311,47.3947364],[8.4163555,47.3946568]]}},{"type":"Feature","properties":{"layer":"road_network","edge_id":"316823031:316823035:0","source":"316823031","target":"316823035","osm_id":"1423043517","highway":"residential","access":"","bridge":"","tunnel":"","length_m":32.04},"geometry":{"type":"LineString","coordinates":[[8.4163555,47.3946568],[8.4165287,47.3943936]]}},{"type":"Feature","properties":{"layer":"road_network","edge_id":"316823031:428089625:0","source":"316823031","target":"428089625","osm_id":"28817322;148953207","highway":"path;residential","access":"","bridge":"","tunnel":"","length_m":405.04},"geometry":{"type":"LineString","coordinates":[[8.4163555,47.3946568],[8.4159433,47.3946669],[8.4155167,47.3947044],[8.4153396,47.3947492],[8.4151927,47.394806],[8.4143776,47.3952622],[8.4134974,47.3957911],[8.4131599,47.3960246],[8.4127143,47.3963052],[8.4123093,47.3965535],[8.4120825,47.3966945]]}},{"type":"Feature","properties":{"layer":"road_network","edge_id":"316823035:316823031:0","source":"316823035","target":"316823031","osm_id":"1423043517","highway":"residential","access":"","bridge":"","tunnel":"","length_m":32.04},"geometry":{"type":"LineString","coordinates":[[8.4163555,47.3946568],[8.4165287,47.3943936]]}},{"type":"Feature","properties":{"layer":"road_network","edge_id":"316823035:1202169421:0","source":"316823035","target":"1202169421","osm_id":"153273338;1423043517","highway":"residential;footway","access":"","bridge":"","tunnel":"","length_m":27.44},"geometry":{"type":"LineString","coordinates":[[8.4165287,47.3943936],[8.4164786,47.3943689],[8.4166041,47.3941825]]}},{"type":"Feature","properties":{"layer":"road_network","edge_id":"316823041:428089664:0","source":"316823041","target":"428089664","osm_id":"28817323","highway":"residential","access":"","bridge":"","tunnel":"","length_m":101.83},"geometry":{"type":"LineString","coordinates":[[8.411942,47.3982354],[8.4119158,47.3981885],[8.4117307,47.3978475],[8.4117266,47.3978178],[8.4117332,47.3977881],[8.4117585,47.3977633],[8.4117998,47.3977426],[8.4123187,47.3976042]]}},{"type":"Feature","properties":{"layer":"road_network","edge_id":"316823041:283533533:0","source":"316823041","target":"283533533","osm_id":"149148958","highway":"tertiary","access":"","bridge":"","tunnel":"","length_m":107.64},"geometry":{"type":"LineString","coordinates":[[8.411942,47.3982354],[8.412322,47.3981384],[8.4127819,47.3980193],[8.4131508,47.3979238],[8.4132788,47.3978916]]}},{"type":"Feature","properties":{"layer":"road_network","edge_id":"316823041:10833792065:0","source":"316823041","target":"10833792065","osm_id":"149148958","highway":"tertiary","access":"","bridge":"","tunnel":"","length_m":33.02},"geometry":{"type":"LineString","coordinates":[[8.411942,47.3982354],[8.4117926,47.3982727],[8.4115322,47.3983414]]}},{"type":"Feature","properties":{"layer":"road_network","edge_id":"316823052:514390573:0","source":"316823052","target":"514390573","osm_id":"148745443;295509207","highway":"cycleway;residential","access":"","bridge":"","tunnel":"","length_m":80.78},"geometry":{"type":"LineString","coordinates":[[8.4211893,47.3960791],[8.4209351,47.3959926],[8.4202108,47.3957814]]}},{"type":"Feature","properties":{"layer":"road_network","edge_id":"316823052:1205561907:0","source":"316823052","target":"1205561907","osm_id":"148745443","highway":"residential","access":"","bridge":"","tunnel":"","length_m":29.28},"geometry":{"type":"LineString","coordinates":[[8.4211893,47.3960791],[8.4213249,47.3961354],[8.4215221,47.3962155]]}},{"type":"Feature","properties":{"layer":"road_network","edge_id":"316823053:428089316:0","source":"316823053","target":"428089316","osm_id":"28817326","highway":"tertiary","access":"","bridge":"","tunnel":"","length_m":106.95},"geometry":{"type":"LineString","coordinates":[[8.4106262,47.398591],[8.410647,47.3986242],[8.4106779,47.3986737],[8.4108562,47.399005],[8.4109871,47.3995168]]}},{"type":"Feature","properties":{"layer":"road_network","edge_id":"316823053:428089587:0","source":"316823053","target":"428089587","osm_id":"149148958","highway":"tertiary","access":"","bridge":"","tunnel":"","length_m":67.42},"geometry":{"type":"LineString","coordinates":[[8.4106262,47.398591],[8.410761,47.3985506],[8.4110529,47.3984708],[8.4111645,47.3984396],[8.4114552,47.3983614]]}},{"type":"Feature","properties":{"layer":"road_network","edge_id":"316823053:1621725179:0","source":"316823053","target":"1621725179","osm_id":"149148958","highway":"tertiary","access":"","bridge":"","tunnel":"","length_m":118.37},"geometry":{"type":"LineString","coordinates":[[8.4106262,47.398591],[8.4104723,47.3986347],[8.4101223,47.3987505],[8.4095804,47.398942],[8.4092741,47.3990585],[8.4092274,47.3990763]]}},{"type":"Feature","properties":{"layer":"road_network","edge_id":"316823056:316823057:0","source":"316823056","target":"316823057","osm_id":"28817327","highway":"residential","access":"","bridge":"","tunnel":"","length_m":52.96},"geometry":{"type":"LineString","coordinates":[[8.4089464,47.3991922],[8.4089854,47.3992366],[8.4093063,47.3996015]]}},{"type":"Feature","properties":{"layer":"road_network","edge_id":"316823056:1621725179:0","source":"316823056","target":"1621725179","osm_id":"149148958","highway":"tertiary","access":"","bridge":"","tunnel":"","length_m":24.77},"geometry":{"type":"LineString","coordinates":[[8.4089464,47.3991922],[8.4091783,47.3990966],[8.4092274,47.3990763]]}},{"type":"Feature","properties":{"layer":"road_network","edge_id":"316823056:1621725180:0","source":"316823056","target":"1621725180","osm_id":"149148958","highway":"tertiary","access":"","bridge":"","tunnel":"","length_m":21.94},"geometry":{"type":"LineString","coordinates":[[8.4089464,47.3991922],[8.4087512,47.3992789],[8.4087027,47.3993004]]}},{"type":"Feature","properties":{"layer":"road_network","edge_id":"316823057:2962678135:0","source":"316823057","target":"2962678135","osm_id":"36827359","highway":"residential","access":"","bridge":"","tunnel":"","length_m":69.1},"geometry":{"type":"LineString","coordinates":[[8.4092016,47.4002189],[8.4093063,47.3996015]]}},{"type":"Feature","properties":{"layer":"road_network","edge_id":"316823057:316823056:0","source":"316823057","target":"316823056","osm_id":"28817327","highway":"residential","access":"","bridge":"","tunnel":"","length_m":52.96},"geometry":{"type":"LineString","coordinates":[[8.4093063,47.3996015],[8.4089854,47.3992366],[8.4089464,47.3991922]]}},{"type":"Feature","properties":{"layer":"road_network","edge_id":"316823057:428089316:0","source":"316823057","target":"428089316","osm_id":"36827431","highway":"residential","access":"","bridge":"","tunnel":"","length_m":126.9},"geometry":{"type":"LineString","coordinates":[[8.4093063,47.3996015],[8.4101525,47.3995598],[8.4108753,47.3995298],[8.4109871,47.3995168]]}},{"type":"Feature","properties":{"layer":"road_network","edge_id":"316823064:9724408589:0","source":"316823064","target":"9724408589","osm_id":"28817333","highway":"residential","access":"","bridge":"","tunnel":"","length_m":7.0},"geometry":{"type":"LineString","coordinates":[[8.4175611,47.3949673],[8.4175659,47.3950302]]}},{"type":"Feature","properties":{"layer":"road_network","edge_id":"316823064:9724408605:0","source":"316823064","target":"9724408605","osm_id":"38913445","highway":"service","access":"","bridge":"","tunnel":"","length_m":39.96},"geometry":{"type":"LineString","coordinates":[[8.4175611,47.3949673],[8.4175588,47.3948415],[8.4175713,47.3947191],[8.4175794,47.3946545],[8.4175852,47.3946086]]}},{"type":"Feature","properties":{"layer":"road_network","edge_id":"316823064:9724408581:0","source":"316823064","target":"9724408581","osm_id":"1058274904","highway":"cycleway","access":"","bridge":"","tunnel":"","length_m":10.56},"geometry":{"type":"LineString","coordinates":[[8.4175611,47.3949673],[8.4175378,47.3949416],[8.4174876,47.3948864]]}},{"type":"Feature","properties":{"layer":"road_network","edge_id":"316823069:428088616:0","source":"316823069","target":"428088616","osm_id":"28817329;36827331","highway":"path;residential","access":"","bridge":"","tunnel":"","length_m":159.97},"geometry":{"type":"LineString","coordinates":[[8.4073154,47.4000128],[8.4077662,47.4003077],[8.4079723,47.4004152],[8.4081785,47.4004992],[8.4089113,47.4008303],[8.4089941,47.4008859]]}},{"type":"Feature","properties":{"layer":"road_network","edge_id":"316823069:1621725180:0","source":"316823069","target":"1621725180","osm_id":"149148958","highway":"tertiary","access":"","bridge":"","tunnel":"","length_m":131.15},"geometry":{"type":"LineString","coordinates":[[8.4073154,47.4000128],[8.4074722,47.3999222],[8.4076724,47.3998111],[8.4078602,47.3997104],[8.4081207,47.39958],[8.4083011,47.3994882],[8.408659,47.3993208],[8.4087027,47.3993004]]}},{"type":"Feature","properties":{"layer":"road_network","edge_id":"316823069:4632601600:0","source":"316823069","target":"4632601600","osm_id":"149148958","highway":"tertiary","access":"","bridge":"","tunnel":"","length_m":15.03},"geometry":{"type":"LineString","coordinates":[[8.4073154,47.4000128],[8.4072152,47.4000715],[8.407165,47.4001017]]}},{"type":"Feature","properties":{"layer":"road_network","edge_id":"316823080:316823082:0","source":"316823080","target":"316823082","osm_id":"149148958","highway":"tertiary","access":"","bridge":"","tunnel":"","length_m":38.43},"geometry":{"type":"LineString","coordinates":[[8.4150553,47.3977113],[8.4155659,47.3977072]]}},{"type":"Feature","properties":{"layer":"road_network","edge_id":"316823080:316822991:0","source":"316823080","target":"316822991","osm_id":"28817318","highway":"tertiary","access":"","bridge":"","tunnel":"","length_m":124.06},"geometry":{"type":"LineString","coordinates":[[8.4150553,47.3977113],[8.4150524,47.3977441],[8.4150359,47.3978081],[8.4150054,47.3978914],[8.4149727,47.3979336],[8.4149261,47.3979733],[8.4141612,47.398509],[8.4140813,47.3985793]]}},{"type":"Feature","properties":{"layer":"road_network","edge_id":"316823080:283533533:0","source":"316823080","target":"283533533","osm_id":"149148958","highway":"tertiary","access":"","bridge":"","tunnel":"","length_m":135.87},"geometry":{"type":"LineString","coordinates":[[8.4150553,47.3977113],[8.4148236,47.3977113],[8.4147032,47.3977131],[8.4145158,47.3977205],[8.4143227,47.3977334],[8.4140416,47.397763],[8.4138088,47.3977925],[8.4135313,47.3978421],[8.4134141,47.3978629],[8.4132788,47.3978916]]}},{"type":"Feature","properties":{"layer":"road_network","edge_id":"316823082:316823080:0","source":"316823082","target":"316823080","osm_id":"149148958","highway":"tertiary","access":"","bridge":"","tunnel":"","length_m":38.43},"geometry":{"type":"LineString","coordinates":[[8.4150553,47.3977113],[8.4155659,47.3977072]]}},{"type":"Feature","properties":{"layer":"road_network","edge_id":"316823082:2975441534:0","source":"316823082","target":"2975441534","osm_id":"38913456","highway":"residential","access":"","bridge":"","tunnel":"","length_m":19.42},"geometry":{"type":"LineString","coordinates":[[8.4155659,47.3977072],[8.4155693,47.3976682],[8.4155778,47.3976055],[8.4155954,47.3975339]]}},{"type":"Feature","properties":{"layer":"road_network","edge_id":"316823082:3949927036:0","source":"316823082","target":"3949927036","osm_id":"1183639121;149148958","highway":"tertiary","access":"","bridge":"","tunnel":"","length_m":134.79},"geometry":{"type":"LineString","coordinates":[[8.4155659,47.3977072],[8.4157666,47.3977072],[8.416371,47.3977032],[8.4167975,47.3977052],[8.4170471,47.3977069],[8.4172539,47.397706],[8.4173566,47.3977056]]}},{"type":"Feature","properties":{"layer":"road_network","edge_id":"357848879:308640531:0","source":"357848879","target":"308640531","osm_id":"31974979","highway":"track","access":"","bridge":"","tunnel":"","length_m":13.28},"geometry":{"type":"LineString","coordinates":[[8.4211842,47.399674],[8.4211965,47.3997931]]}},{"type":"Feature","properties":{"layer":"road_network","edge_id":"357848879:357848912:0","source":"357848879","target":"357848912","osm_id":"1164846366","highway":"track","access":"","bridge":"","tunnel":"","length_m":64.06},"geometry":{"type":"LineString","coordinates":[[8.4203479,47.399837],[8.4211965,47.3997931]]}},{"type":"Feature","properties":{"layer":"road_network","edge_id":"357848879:1968485731:0","source":"357848879","target":"1968485731","osm_id":"36908765","highway":"track","access":"","bridge":"","tunnel":"","length_m":37.82},"geometry":{"type":"LineString","coordinates":[[8.4211965,47.3997931],[8.421289,47.3997986],[8.4216981,47.3997842]]}},{"type":"Feature","properties":{"layer":"road_network","edge_id":"357848912:357848879:0","source":"357848912","target":"357848879","osm_id":"1164846366","highway":"track","access":"","bridge":"","tunnel":"","length_m":64.06},"geometry":{"type":"LineString","coordinates":[[8.4203479,47.399837],[8.4211965,47.3997931]]}},{"type":"Feature","properties":{"layer":"road_network","edge_id":"357848912:6894724944:0","source":"357848912","target":"6894724944","osm_id":"1164846366","highway":"track","access":"","bridge":"","tunnel":"","length_m":42.45},"geometry":{"type":"LineString","coordinates":[[8.4197845,47.3998545],[8.4203479,47.399837]]}},{"type":"Feature","properties":{"layer":"road_network","edge_id":"359476668:278006103:0","source":"359476668","target":"278006103","osm_id":"1164886966","highway":"track","access":"","bridge":"","tunnel":"","length_m":17.57},"geometry":{"type":"LineString","coordinates":[[8.4210172,47.4004777],[8.4212506,47.4004772]]}},{"type":"Feature","properties":{"layer":"road_network","edge_id":"359476668:432630718:0","source":"359476668","target":"432630718","osm_id":"672366657;672366658;1165000821","highway":"path;track","access":"","bridge":"yes","tunnel":"","length_m":130.25},"geometry":{"type":"LineString","coordinates":[[8.4210172,47.4004777],[8.4203939,47.4004907],[8.4199886,47.4005081],[8.4199289,47.4005112],[8.4197654,47.4005154],[8.4195725,47.4005174],[8.4192886,47.4005293]]}},{"type":"Feature","properties":{"layer":"road_network","edge_id":"369603346:8762790960:0","source":"369603346","target":"8762790960","osm_id":"1416303237","highway":"cycleway","access":"","bridge":"","tunnel":"","length_m":42.44},"geometry":{"type":"LineString","coordinates":[[8.4176615,47.3937565],[8.417693,47.3937422],[8.4177504,47.3935458],[8.4177873,47.3934455],[8.4178347,47.393404]]}},{"type":"Feature","properties":{"layer":"road_network","edge_id":"422690885:13203300429:0","source":"422690885","target":"13203300429","osm_id":"90128279","highway":"secondary","access":"","bridge":"","tunnel":"","length_m":3.26},"geometry":{"type":"LineString","coordinates":[[8.4193793,47.398721],[8.4194188,47.398709]]}},{"type":"Feature","properties":{"layer":"road_network","edge_id":"422690885:289986546:0","source":"422690885","target":"289986546","osm_id":"36214374","highway":"secondary","access":"","bridge":"","tunnel":"","length_m":23.54},"geometry":{"type":"LineString","coordinates":[[8.4194188,47.398709],[8.4195938,47.3986527],[8.4197022,47.3986195]]}},{"type":"Feature","properties":{"layer":"road_network","edge_id":"422690946:2962678135:0","source":"422690946","target":"2962678135","osm_id":"36827359","highway":"residential","access":"","bridge":"","tunnel":"","length_m":65.22},"geometry":{"type":"LineString","coordinates":[[8.4091891,47.4007898],[8.4091353,47.40073],[8.4091143,47.4006636],[8.4092016,47.4002189]]}},{"type":"Feature","properties":{"layer":"road_network","edge_id":"422690946:516453943:0","source":"422690946","target":"516453943","osm_id":"578634295","highway":"secondary","access":"","bridge":"","tunnel":"","length_m":97.9},"geometry":{"type":"LineString","coordinates":[[8.4091891,47.4007898],[8.4094171,47.4006836],[8.4097961,47.4005126],[8.4099742,47.4004285],[8.4101176,47.4003438],[8.4102563,47.4002884]]}},{"type":"Feature","properties":{"layer":"road_network","edge_id":"422690949:460525985:0","source":"422690949","target":"460525985","osm_id":"38819564","highway":"residential","access":"","bridge":"","tunnel":"","length_m":114.45},"geometry":{"type":"LineString","coordinates":[[8.4080215,47.401401],[8.4079114,47.4013072],[8.4074492,47.4010676],[8.4068667,47.4007356]]}},{"type":"Feature","properties":{"layer":"road_network","edge_id":"422690949:460525599:0","source":"422690949","target":"460525599","osm_id":"578634295","highway":"secondary","access":"","bridge":"","tunnel":"","length_m":41.14},"geometry":{"type":"LineString","coordinates":[[8.4080215,47.401401],[8.4081252,47.4013449],[8.4084512,47.4011723]]}},{"type":"Feature","properties":{"layer":"road_network","edge_id":"422690950:10253257595:0","source":"422690950","target":"10253257595","osm_id":"38819575","highway":"residential","access":"","bridge":"","tunnel":"","length_m":5.39},"geometry":{"type":"LineString","coordinates":[[8.407032,47.4018527],[8.4070784,47.4018896]]}},{"type":"Feature","properties":{"layer":"road_network","edge_id":"422690950:422690949:0","source":"422690950","target":"422690949","osm_id":"578634295","highway":"secondary","access":"","bridge":"","tunnel":"","length_m":89.4},"geometry":{"type":"LineString","coordinates":[[8.4070784,47.4018896],[8.4072087,47.401829],[8.4073464,47.401756],[8.4077039,47.4015684],[8.4080215,47.401401]]}},{"type":"Feature","properties":{"layer":"road_network","edge_id":"428085352:3283881268:0","source":"428085352","target":"3283881268","osm_id":"36827201","highway":"track","access":"","bridge":"","tunnel":"","length_m":140.89},"geometry":{"type":"LineString","coordinates":[[8.4096024,47.3977893],[8.4096059,47.3977673],[8.4097187,47.3975749],[8.4097749,47.3974733],[8.4098042,47.3973876],[8.4098051,47.397331],[8.409792,47.3972703],[8.4097619,47.3972208],[8.4097141,47.3971719],[8.4096578,47.3971219],[8.4096034,47.3970965],[8.4090913,47.3969158],[8.4089412,47.3968668]]}},{"type":"Feature","properties":{"layer":"road_network","edge_id":"428085352:428085469:0","source":"428085352","target":"428085469","osm_id":"1164841102","highway":"service","access":"","bridge":"","tunnel":"","length_m":59.53},"geometry":{"type":"LineString","coordinates":[[8.4096024,47.3977893],[8.4094151,47.3978347],[8.4090415,47.3979186],[8.408851,47.397956]]}},{"type":"Feature","properties":{"layer":"road_network","edge_id":"428085469:1714140778:0","source":"428085469","target":"1714140778","osm_id":"36827168","highway":"track","access":"","bridge":"","tunnel":"","length_m":136.82},"geometry":{"type":"LineString","coordinates":[[8.408851,47.397956],[8.4088297,47.3979089],[8.4081991,47.3969262],[8.4081293,47.3968271]]}},{"type":"Feature","properties":{"layer":"road_network","edge_id":"428085469:1696081686:0","source":"428085469","target":"1696081686","osm_id":"148953196;1164841101","highway":"residential;service","access":"","bridge":"","tunnel":"","length_m":113.65},"geometry":{"type":"LineString","coordinates":[[8.408851,47.397956],[8.4085428,47.3980226],[8.4083208,47.3980678],[8.407986,47.3981252],[8.4077922,47.3981605],[8.4076441,47.3981874],[8.4074503,47.3982327],[8.407404,47.3982457]]}},{"type":"Feature","properties":{"layer":"road_network","edge_id":"428085469:428085352:0","source":"428085469","target":"428085352","osm_id":"1164841102","highway":"service","access":"","bridge":"","tunnel":"","length_m":59.53},"geometry":{"type":"LineString","coordinates":[[8.408851,47.397956],[8.4090415,47.3979186],[8.4094151,47.3978347],[8.4096024,47.3977893]]}},{"type":"Feature","properties":{"layer":"road_network","edge_id":"428088143:462266952:0","source":"428088143","target":"462266952","osm_id":"36827319","highway":"residential","access":"","bridge":"","tunnel":"","length_m":33.07},"geometry":{"type":"LineString","coordinates":[[8.4062788,47.4002346],[8.4065402,47.4004736]]}},{"type":"Feature","properties":{"layer":"road_network","edge_id":"428088143:4632601600:0","source":"428088143","target":"4632601600","osm_id":"149148958","highway":"tertiary","access":"","bridge":"","tunnel":"","length_m":62.62},"geometry":{"type":"LineString","coordinates":[[8.4065402,47.4004736],[8.4068713,47.4002785],[8.407165,47.4001017]]}},{"type":"Feature","properties":{"layer":"road_network","edge_id":"428088616:422690946:0","source":"428088616","target":"422690946","osm_id":"578634295","highway":"secondary","access":"","bridge":"","tunnel":"","length_m":18.15},"geometry":{"type":"LineString","coordinates":[[8.4089941,47.4008859],[8.4091891,47.4007898]]}},{"type":"Feature","properties":{"layer":"road_network","edge_id":"428088616:316823069:0","source":"428088616","target":"316823069","osm_id":"28817329;36827331","highway":"path;residential","access":"","bridge":"","tunnel":"","length_m":159.97},"geometry":{"type":"LineString","coordinates":[[8.4089941,47.4008859],[8.4089113,47.4008303],[8.4081785,47.4004992],[8.4079723,47.4004152],[8.4077662,47.4003077],[8.4073154,47.4000128]]}},{"type":"Feature","properties":{"layer":"road_network","edge_id":"428089316:8762790821:0","source":"428089316","target":"8762790821","osm_id":"28817326","highway":"tertiary","access":"","bridge":"","tunnel":"","length_m":26.65},"geometry":{"type":"LineString","coordinates":[[8.4109871,47.3995168],[8.411039,47.3997539]]}},{"type":"Feature","properties":{"layer":"road_network","edge_id":"428089316:316823053:0","source":"428089316","target":"316823053","osm_id":"28817326","highway":"tertiary","access":"","bridge":"","tunnel":"","length_m":106.95},"geometry":{"type":"LineString","coordinates":[[8.4109871,47.3995168],[8.4108562,47.399005],[8.4106779,47.3986737],[8.410647,47.3986242],[8.4106262,47.398591]]}},{"type":"Feature","properties":{"layer":"road_network","edge_id":"428089316:316823057:0","source":"428089316","target":"316823057","osm_id":"36827431","highway":"residential","access":"","bridge":"","tunnel":"","length_m":126.9},"geometry":{"type":"LineString","coordinates":[[8.4109871,47.3995168],[8.4108753,47.3995298],[8.4101525,47.3995598],[8.4093063,47.3996015]]}},{"type":"Feature","properties":{"layer":"road_network","edge_id":"428089585:2194345187:0","source":"428089585","target":"2194345187","osm_id":"1164841097;38913541","highway":"footway;service","access":"","bridge":"","tunnel":"","length_m":111.21},"geometry":{"type":"LineString","coordinates":[[8.4115145,47.3973036],[8.4114717,47.3978416],[8.4114655,47.3982165],[8.4115092,47.3982977]]}},{"type":"Feature","properties":{"layer":"road_network","edge_id":"428089587:10833792065:0","source":"428089587","target":"10833792065","osm_id":"149148958","highway":"tertiary","access":"","bridge":"","tunnel":"","length_m":6.21},"geometry":{"type":"LineString","coordinates":[[8.4114552,47.3983614],[8.4115322,47.3983414]]}},{"type":"Feature","properties":{"layer":"road_network","edge_id":"428089587:316823053:0","source":"428089587","target":"316823053","osm_id":"149148958","highway":"tertiary","access":"","bridge":"","tunnel":"","length_m":67.42},"geometry":{"type":"LineString","coordinates":[[8.4114552,47.3983614],[8.4111645,47.3984396],[8.4110529,47.3984708],[8.410761,47.3985506],[8.4106262,47.398591]]}},{"type":"Feature","properties":{"layer":"road_network","edge_id":"428089625:316823031:0","source":"428089625","target":"316823031","osm_id":"28817322;148953207","highway":"path;residential","access":"","bridge":"","tunnel":"","length_m":405.04},"geometry":{"type":"LineString","coordinates":[[8.4120825,47.3966945],[8.4123093,47.3965535],[8.4127143,47.3963052],[8.4131599,47.3960246],[8.4134974,47.3957911],[8.4143776,47.3952622],[8.4151927,47.394806],[8.4153396,47.3947492],[8.4155167,47.3947044],[8.4159433,47.3946669],[8.4163555,47.3946568]]}},{"type":"Feature","properties":{"layer":"road_network","edge_id":"428089664:316822998:0","source":"428089664","target":"316822998","osm_id":"28817323","highway":"residential","access":"","bridge":"","tunnel":"","length_m":57.33},"geometry":{"type":"LineString","coordinates":[[8.4123187,47.3976042],[8.4130305,47.3974206]]}},{"type":"Feature","properties":{"layer":"road_network","edge_id":"428089664:316823041:0","source":"428089664","target":"316823041","osm_id":"28817323","highway":"residential","access":"","bridge":"","tunnel":"","length_m":101.83},"geometry":{"type":"LineString","coordinates":[[8.4123187,47.3976042],[8.4117998,47.3977426],[8.4117585,47.3977633],[8.4117332,47.3977881],[8.4117266,47.3978178],[8.4117307,47.3978475],[8.4119158,47.3981885],[8.411942,47.3982354]]}},{"type":"Feature","properties":{"layer":"road_network","edge_id":"429303756:1672660385:0","source":"429303756","target":"1672660385","osm_id":"36913545","highway":"track","access":"","bridge":"","tunnel":"","length_m":6.1},"geometry":{"type":"LineString","coordinates":[[8.4209539,47.4016924],[8.4209667,47.4017466]]}},{"type":"Feature","properties":{"layer":"road_network","edge_id":"429303756:854806439:0","source":"429303756","target":"854806439","osm_id":"1164894173","highway":"primary","access":"","bridge":"","tunnel":"","length_m":17.63},"geometry":{"type":"LineString","coordinates":[[8.4209667,47.4017466],[8.4211987,47.4017249]]}},{"type":"Feature","properties":{"layer":"road_network","edge_id":"429303757:432627292:0","source":"429303757","target":"432627292","osm_id":"702984780","highway":"track","access":"","bridge":"","tunnel":"","length_m":39.12},"geometry":{"type":"LineString","coordinates":[[8.4141058,47.4007499],[8.4146252,47.4007373]]}},{"type":"Feature","properties":{"layer":"road_network","edge_id":"429303757:1202225294:0","source":"429303757","target":"1202225294","osm_id":"536863998;31951358;536863999","highway":"path;track","access":"","bridge":"yes","tunnel":"","length_m":173.94},"geometry":{"type":"LineString","coordinates":[[8.4146252,47.4007373],[8.4144524,47.400949],[8.4139169,47.4013672],[8.4138803,47.4015477],[8.4139821,47.4015971],[8.414465,47.4017153],[8.4146732,47.4017786]]}},{"type":"Feature","properties":{"layer":"road_network","edge_id":"429303757:432630718:0","source":"429303757","target":"432630718","osm_id":"1165000821","highway":"track","access":"","bridge":"","tunnel":"","length_m":352.19},"geometry":{"type":"LineString","coordinates":[[8.4146252,47.4007373],[8.4146725,47.4007223],[8.4148348,47.4007005],[8.4151371,47.4006796],[8.4153728,47.4006677],[8.4164119,47.4006292],[8.4174527,47.4005875],[8.4185202,47.4005628],[8.419056,47.4005362],[8.4192886,47.4005293]]}},{"type":"Feature","properties":{"layer":"road_network","edge_id":"429303757:432630738:0","source":"429303757","target":"432630738","osm_id":"1183359779","highway":"track","access":"","bridge":"","tunnel":"","length_m":368.28},"geometry":{"type":"LineString","coordinates":[[8.4146252,47.4007373],[8.4146468,47.4007527],[8.4146833,47.4007639],[8.4148373,47.4007818],[8.4154676,47.4008471],[8.415709,47.400878],[8.4158552,47.4009086],[8.4160451,47.4010213],[8.4162255,47.4011778],[8.4167089,47.4012808],[8.4172143,47.4013775],[8.417371,47.4013955],[8.4175316,47.4014321],[8.4179375,47.4014514],[8.4183444,47.4014527],[8.4189463,47.4014507],[8.4192535,47.4014547]]}},{"type":"Feature","properties":{"layer":"road_network","edge_id":"432627292:429303757:0","source":"432627292","target":"429303757","osm_id":"702984780","highway":"track","access":"","bridge":"","tunnel":"","length_m":39.12},"geometry":{"type":"LineString","coordinates":[[8.4141058,47.4007499],[8.4146252,47.4007373]]}},{"type":"Feature","properties":{"layer":"road_network","edge_id":"432627292:432627538:1","source":"432627292","target":"432627538","osm_id":"702984780","highway":"track","access":"","bridge":"","tunnel":"","length_m":312.29},"geometry":{"type":"LineString","coordinates":[[8.4141058,47.4007499],[8.4134231,47.4007688],[8.4131459,47.4007907],[8.4126903,47.400841],[8.4122931,47.4009041],[8.4119015,47.400979],[8.4114365,47.4011036],[8.4109771,47.4012409],[8.410576,47.4013927],[8.4101983,47.4015565]]}},{"type":"Feature","properties":{"layer":"road_network","edge_id":"432627538:432627560:0","source":"432627538","target":"432627560","osm_id":"702984780","highway":"track","access":"","bridge":"","tunnel":"","length_m":9.31},"geometry":{"type":"LineString","coordinates":[[8.4100944,47.401602],[8.4101983,47.4015565]]}},{"type":"Feature","properties":{"layer":"road_network","edge_id":"432627538:432627292:1","source":"432627538","target":"432627292","osm_id":"702984780","highway":"track","access":"","bridge":"","tunnel":"","length_m":312.29},"geometry":{"type":"LineString","coordinates":[[8.4101983,47.4015565],[8.410576,47.4013927],[8.4109771,47.4012409],[8.4114365,47.4011036],[8.4119015,47.400979],[8.4122931,47.4009041],[8.4126903,47.400841],[8.4131459,47.4007907],[8.4134231,47.4007688],[8.4141058,47.4007499]]}},{"type":"Feature","properties":{"layer":"road_network","edge_id":"432627560:432627538:0","source":"432627560","target":"432627538","osm_id":"702984780","highway":"track","access":"","bridge":"","tunnel":"","length_m":9.31},"geometry":{"type":"LineString","coordinates":[[8.4100944,47.401602],[8.4101983,47.4015565]]}},{"type":"Feature","properties":{"layer":"road_network","edge_id":"432630718:432630738:0","source":"432630718","target":"432630738","osm_id":"37155921","highway":"track","access":"","bridge":"","tunnel":"","length_m":103.74},"geometry":{"type":"LineString","coordinates":[[8.4192886,47.4005293],[8.4192907,47.4007193],[8.4192755,47.4008307],[8.4192192,47.4009384],[8.4192535,47.4014547]]}},{"type":"Feature","properties":{"layer":"road_network","edge_id":"432630718:359476668:0","source":"432630718","target":"359476668","osm_id":"672366657;672366658;1165000821","highway":"track;path","access":"","bridge":"yes","tunnel":"","length_m":130.25},"geometry":{"type":"LineString","coordinates":[[8.4192886,47.4005293],[8.4195725,47.4005174],[8.4197654,47.4005154],[8.4199289,47.4005112],[8.4199886,47.4005081],[8.4203939,47.4004907],[8.4210172,47.4004777]]}},{"type":"Feature","properties":{"layer":"road_network","edge_id":"432630718:429303757:0","source":"432630718","target":"429303757","osm_id":"1165000821","highway":"track","access":"","bridge":"","tunnel":"","length_m":352.19},"geometry":{"type":"LineString","coordinates":[[8.4192886,47.4005293],[8.419056,47.4005362],[8.4185202,47.4005628],[8.4174527,47.4005875],[8.4164119,47.4006292],[8.4153728,47.4006677],[8.4151371,47.4006796],[8.4148348,47.4007005],[8.4146725,47.4007223],[8.4146252,47.4007373]]}},{"type":"Feature","properties":{"layer":"road_network","edge_id":"432630738:432630718:0","source":"432630738","target":"432630718","osm_id":"37155921","highway":"track","access":"","bridge":"","tunnel":"","length_m":103.74},"geometry":{"type":"LineString","coordinates":[[8.4192535,47.4014547],[8.4192192,47.4009384],[8.4192755,47.4008307],[8.4192907,47.4007193],[8.4192886,47.4005293]]}},{"type":"Feature","properties":{"layer":"road_network","edge_id":"432630738:429303757:0","source":"432630738","target":"429303757","osm_id":"1183359779","highway":"track","access":"","bridge":"","tunnel":"","length_m":368.28},"geometry":{"type":"LineString","coordinates":[[8.4192535,47.4014547],[8.4189463,47.4014507],[8.4183444,47.4014527],[8.4179375,47.4014514],[8.4175316,47.4014321],[8.417371,47.4013955],[8.4172143,47.4013775],[8.4167089,47.4012808],[8.4162255,47.4011778],[8.4160451,47.4010213],[8.4158552,47.4009086],[8.415709,47.400878],[8.4154676,47.4008471],[8.4148373,47.4007818],[8.4146833,47.4007639],[8.4146468,47.4007527],[8.4146252,47.4007373]]}},{"type":"Feature","properties":{"layer":"road_network","edge_id":"432630738:1672660385:0","source":"432630738","target":"1672660385","osm_id":"1183359779;1164894171","highway":"track","access":"","bridge":"","tunnel":"","length_m":143.75},"geometry":{"type":"LineString","coordinates":[[8.4192535,47.4014547],[8.4199983,47.4014595],[8.420731,47.4014754],[8.4208366,47.4014962],[8.4209019,47.4015428],[8.4209355,47.4016293],[8.4209539,47.4016924]]}},{"type":"Feature","properties":{"layer":"road_network","edge_id":"460525599:460525739:0","source":"460525599","target":"460525739","osm_id":"38819560","highway":"service","access":"","bridge":"","tunnel":"","length_m":62.86},"geometry":{"type":"LineString","coordinates":[[8.4084512,47.4011723],[8.4083702,47.401087],[8.4077733,47.400859]]}},{"type":"Feature","properties":{"layer":"road_network","edge_id":"460525599:428088616:0","source":"460525599","target":"428088616","osm_id":"578634295","highway":"secondary","access":"","bridge":"","tunnel":"","length_m":51.81},"geometry":{"type":"LineString","coordinates":[[8.4084512,47.4011723],[8.4086366,47.4010711],[8.4089941,47.4008859]]}},{"type":"Feature","properties":{"layer":"road_network","edge_id":"460525739:460525599:0","source":"460525739","target":"460525599","osm_id":"38819560","highway":"service","access":"","bridge":"","tunnel":"","length_m":62.86},"geometry":{"type":"LineString","coordinates":[[8.4077733,47.400859],[8.4083702,47.401087],[8.4084512,47.4011723]]}},{"type":"Feature","properties":{"layer":"road_network","edge_id":"460525985:422690949:0","source":"460525985","target":"422690949","osm_id":"38819564","highway":"residential","access":"","bridge":"","tunnel":"","length_m":114.45},"geometry":{"type":"LineString","coordinates":[[8.4068667,47.4007356],[8.4074492,47.4010676],[8.4079114,47.4013072],[8.4080215,47.401401]]}},{"type":"Feature","properties":{"layer":"road_network","edge_id":"460526820:10253257595:0","source":"460526820","target":"10253257595","osm_id":"38819575","highway":"residential","access":"","bridge":"","tunnel":"","length_m":70.26},"geometry":{"type":"LineString","coordinates":[[8.4064484,47.4013595],[8.407032,47.4018527]]}},{"type":"Feature","properties":{"layer":"road_network","edge_id":"462248926:4963219703:0","source":"462248926","target":"4963219703","osm_id":"38913246","highway":"residential","access":"","bridge":"","tunnel":"","length_m":42.24},"geometry":{"type":"LineString","coordinates":[[8.4200314,47.3920639],[8.4205809,47.3921409]]}},{"type":"Feature","properties":{"layer":"road_network","edge_id":"462248926:4963219705:0","source":"462248926","target":"4963219705","osm_id":"366965565","highway":"residential","access":"","bridge":"","tunnel":"","length_m":54.39},"geometry":{"type":"LineString","coordinates":[[8.4204463,47.3926215],[8.4205809,47.3921409]]}},{"type":"Feature","properties":{"layer":"road_network","edge_id":"462248926:4963220122:0","source":"462248926","target":"4963220122","osm_id":"366965565","highway":"residential","access":"","bridge":"","tunnel":"","length_m":15.08},"geometry":{"type":"LineString","coordinates":[[8.4205809,47.3921409],[8.42062,47.3920079]]}},{"type":"Feature","properties":{"layer":"road_network","edge_id":"462248930:4963219697:0","source":"462248930","target":"4963219697","osm_id":"38911793","highway":"residential","access":"","bridge":"","tunnel":"","length_m":91.94},"geometry":{"type":"LineString","coordinates":[[8.4202258,47.3933284],[8.4204549,47.3933527],[8.4208925,47.3934111],[8.4214221,47.3934937]]}},{"type":"Feature","properties":{"layer":"road_network","edge_id":"462248930:8762296580:0","source":"462248930","target":"8762296580","osm_id":"38911793","highway":"residential","access":"","bridge":"","tunnel":"","length_m":37.79},"geometry":{"type":"LineString","coordinates":[[8.4202258,47.3933284],[8.4197776,47.3932792],[8.4197304,47.3932732]]}},{"type":"Feature","properties":{"layer":"road_network","edge_id":"462248930:8119593221:0","source":"462248930","target":"8119593221","osm_id":"366965565","highway":"residential","access":"","bridge":"","tunnel":"","length_m":14.53},"geometry":{"type":"LineString","coordinates":[[8.4202258,47.3933284],[8.4202452,47.3932551],[8.4202541,47.393229],[8.4202639,47.3932003]]}},{"type":"Feature","properties":{"layer":"road_network","edge_id":"462249373:854807093:0","source":"462249373","target":"854807093","osm_id":"878127636","highway":"service","access":"","bridge":"","tunnel":"","length_m":9.37},"geometry":{"type":"LineString","coordinates":[[8.413792,47.3943163],[8.4138267,47.3942354]]}},{"type":"Feature","properties":{"layer":"road_network","edge_id":"462249373:11331790998:0","source":"462249373","target":"11331790998","osm_id":"1450018995","highway":"primary","access":"","bridge":"","tunnel":"","length_m":26.84},"geometry":{"type":"LineString","coordinates":[[8.413792,47.3943163],[8.4140821,47.3941759]]}},{"type":"Feature","properties":{"layer":"road_network","edge_id":"462249380:462249383:0","source":"462249380","target":"462249383","osm_id":"38911573","highway":"service","access":"","bridge":"","tunnel":"","length_m":98.71},"geometry":{"type":"LineString","coordinates":[[8.4148343,47.3917431],[8.4148371,47.3918451],[8.4145935,47.3925328],[8.4145563,47.3926072]]}},{"type":"Feature","properties":{"layer":"road_network","edge_id":"462249383:13844586209:0","source":"462249383","target":"13844586209","osm_id":"38911573","highway":"service","access":"","bridge":"","tunnel":"","length_m":147.57},"geometry":{"type":"LineString","coordinates":[[8.4145563,47.3926072],[8.4141749,47.3937174],[8.4141276,47.3938427],[8.4140991,47.3938974]]}},{"type":"Feature","properties":{"layer":"road_network","edge_id":"462249383:462249380:0","source":"462249383","target":"462249380","osm_id":"38911573","highway":"service","access":"","bridge":"","tunnel":"","length_m":98.71},"geometry":{"type":"LineString","coordinates":[[8.4145563,47.3926072],[8.4145935,47.3925328],[8.4148371,47.3918451],[8.4148343,47.3917431]]}},{"type":"Feature","properties":{"layer":"road_network","edge_id":"462249383:462267507:0","source":"462249383","target":"462267507","osm_id":"855450821;38932246","highway":"service","access":"","bridge":"","tunnel":"","length_m":215.65},"geometry":{"type":"LineString","coordinates":[[8.4145563,47.3926072],[8.4144432,47.3926001],[8.4131049,47.3923065],[8.4118343,47.3920091]]}},{"type":"Feature","properties":{"layer":"road_network","edge_id":"462251761:1044837278:0","source":"462251761","target":"1044837278","osm_id":"186153839","highway":"residential","access":"","bridge":"","tunnel":"","length_m":9.84},"geometry":{"type":"LineString","coordinates":[[8.4214268,47.3984338],[8.4214747,47.3985161]]}},{"type":"Feature","properties":{"layer":"road_network","edge_id":"462251761:3220515361:0","source":"462251761","target":"3220515361","osm_id":"26461552;26461553;26461506","highway":"residential","access":"","bridge":"yes","tunnel":"","length_m":78.34},"geometry":{"type":"LineString","coordinates":[[8.4214747,47.3985161],[8.4214883,47.3985438],[8.4215495,47.3987169],[8.42161,47.3989458],[8.421653,47.3991627],[8.4216607,47.3992084]]}},{"type":"Feature","properties":{"layer":"road_network","edge_id":"462251761:4626575085:0","source":"462251761","target":"4626575085","osm_id":"186153848;186153850;31951779","highway":"path;cycleway","access":"","bridge":"yes","tunnel":"","length_m":80.36},"geometry":{"type":"LineString","coordinates":[[8.4214747,47.3985161],[8.4215375,47.3985488],[8.4215912,47.39871],[8.4216632,47.3989393],[8.4217097,47.39918],[8.4217143,47.3992065]]}},{"type":"Feature","properties":{"layer":"road_network","edge_id":"462252383:9355352937:0","source":"462252383","target":"9355352937","osm_id":"720165052","highway":"residential","access":"","bridge":"","tunnel":"","length_m":22.06},"geometry":{"type":"LineString","coordinates":[[8.4181329,47.3931283],[8.4184206,47.393166]]}},{"type":"Feature","properties":{"layer":"road_network","edge_id":"462252383:8119588215:0","source":"462252383","target":"8119588215","osm_id":"85395561","highway":"secondary","access":"","bridge":"","tunnel":"","length_m":23.28},"geometry":{"type":"LineString","coordinates":[[8.4181329,47.3931283],[8.4181191,47.3930817],[8.4180915,47.3929884],[8.4181048,47.3929223]]}},{"type":"Feature","properties":{"layer":"road_network","edge_id":"462252383:5590134962:0","source":"462252383","target":"5590134962","osm_id":"1163112214","highway":"secondary","access":"","bridge":"","tunnel":"","length_m":25.13},"geometry":{"type":"LineString","coordinates":[[8.4181329,47.3931283],[8.4180594,47.3933292],[8.4180545,47.3933479]]}},{"type":"Feature","properties":{"layer":"road_network","edge_id":"462252383:9355352958:0","source":"462252383","target":"9355352958","osm_id":"1416303238","highway":"service","access":"no","bridge":"","tunnel":"","length_m":12.88},"geometry":{"type":"LineString","coordinates":[[8.4181329,47.3931283],[8.418078,47.393132],[8.4180365,47.3931579],[8.4179989,47.3931891]]}},{"type":"Feature","properties":{"layer":"road_network","edge_id":"462252436:3003599460:0","source":"462252436","target":"3003599460","osm_id":"38911767","highway":"residential","access":"","bridge":"","tunnel":"","length_m":9.31},"geometry":{"type":"LineString","coordinates":[[8.4193462,47.3938497],[8.4194154,47.3939191]]}},{"type":"Feature","properties":{"layer":"road_network","edge_id":"462252436:4963219696:0","source":"462252436","target":"4963219696","osm_id":"38911767","highway":"residential","access":"","bridge":"","tunnel":"","length_m":37.04},"geometry":{"type":"LineString","coordinates":[[8.4194154,47.3939191],[8.4195555,47.3940012],[8.41983,47.3940939]]}},{"type":"Feature","properties":{"layer":"road_network","edge_id":"462264934:10818834355:0","source":"462264934","target":"10818834355","osm_id":"38913205","highway":"residential","access":"","bridge":"","tunnel":"","length_m":5.71},"geometry":{"type":"LineString","coordinates":[[8.4183093,47.3919557],[8.4183836,47.391966]]}},{"type":"Feature","properties":{"layer":"road_network","edge_id":"462264934:173508656:0","source":"462264934","target":"173508656","osm_id":"1416303240","highway":"secondary","access":"","bridge":"","tunnel":"","length_m":17.17},"geometry":{"type":"LineString","coordinates":[[8.4183836,47.391966],[8.4184307,47.3918149]]}},{"type":"Feature","properties":{"layer":"road_network","edge_id":"462264934:13718667549:0","source":"462264934","target":"13718667549","osm_id":"1416303241","highway":"secondary","access":"","bridge":"","tunnel":"","length_m":2.91},"geometry":{"type":"LineString","coordinates":[[8.4183761,47.3919917],[8.4183836,47.391966]]}},{"type":"Feature","properties":{"layer":"road_network","edge_id":"462264965:1713288149:0","source":"462264965","target":"1713288149","osm_id":"38913205","highway":"residential","access":"","bridge":"","tunnel":"","length_m":6.42},"geometry":{"type":"LineString","coordinates":[[8.4173465,47.392432],[8.417357,47.3924893]]}},{"type":"Feature","properties":{"layer":"road_network","edge_id":"462266883:316822984:0","source":"462266883","target":"316822984","osm_id":"38913535","highway":"residential","access":"","bridge":"","tunnel":"","length_m":70.42},"geometry":{"type":"LineString","coordinates":[[8.4128373,47.3986563],[8.41311,47.3987437],[8.4136223,47.3989964]]}},{"type":"Feature","properties":{"layer":"road_network","edge_id":"462266952:428088143:0","source":"462266952","target":"428088143","osm_id":"36827319","highway":"residential","access":"","bridge":"","tunnel":"","length_m":33.07},"geometry":{"type":"LineString","coordinates":[[8.4062788,47.4002346],[8.4065402,47.4004736]]}},{"type":"Feature","properties":{"layer":"road_network","edge_id":"462267507:462267512:0","source":"462267507","target":"462267512","osm_id":"797344061;683433718","highway":"track","access":"","bridge":"","tunnel":"","length_m":433.26},"geometry":{"type":"LineString","coordinates":[[8.4118343,47.3920091],[8.409583,47.3943994],[8.4093737,47.394509],[8.4091477,47.3945923],[8.4087187,47.3946894],[8.4085352,47.3947299],[8.4081547,47.3948154]]}},{"type":"Feature","properties":{"layer":"road_network","edge_id":"462267507:462249383:0","source":"462267507","target":"462249383","osm_id":"855450821;38932246","highway":"service","access":"","bridge":"","tunnel":"","length_m":215.65},"geometry":{"type":"LineString","coordinates":[[8.4118343,47.3920091],[8.4131049,47.3923065],[8.4144432,47.3926001],[8.4145563,47.3926072]]}},{"type":"Feature","properties":{"layer":"road_network","edge_id":"462267511:731543307:0","source":"462267511","target":"731543307","osm_id":"104184121","highway":"unclassified","access":"","bridge":"","tunnel":"","length_m":8.59},"geometry":{"type":"LineString","coordinates":[[8.4071844,47.3947388],[8.4071933,47.3946618]]}},{"type":"Feature","properties":{"layer":"road_network","edge_id":"462267511:8615900312:0","source":"462267511","target":"8615900312","osm_id":"104184121","highway":"unclassified","access":"","bridge":"","tunnel":"","length_m":134.24},"geometry":{"type":"LineString","coordinates":[[8.4071933,47.3946618],[8.4071949,47.3946239],[8.406931,47.3934901],[8.4069261,47.3934688]]}},{"type":"Feature","properties":{"layer":"road_network","edge_id":"462267512:854807093:0","source":"462267512","target":"854807093","osm_id":"72071916;71913485","highway":"path;track","access":"","bridge":"","tunnel":"","length_m":445.35},"geometry":{"type":"LineString","coordinates":[[8.4081547,47.3948154],[8.4085444,47.3948627],[8.409186,47.3949333],[8.4095293,47.3949468],[8.4105716,47.3949612],[8.4108406,47.3949519],[8.4110669,47.3949267],[8.4123253,47.3947203],[8.4125491,47.3946965],[8.4128443,47.3946436],[8.4130548,47.3945837],[8.4131673,47.3945453],[8.4133214,47.3944856],[8.4136204,47.3943503],[8.4138267,47.3942354]]}},{"type":"Feature","properties":{"layer":"road_network","edge_id":"462267512:462267507:0","source":"462267512","target":"462267507","osm_id":"797344061;683433718","highway":"track","access":"","bridge":"","tunnel":"","length_m":433.26},"geometry":{"type":"LineString","coordinates":[[8.4081547,47.3948154],[8.4085352,47.3947299],[8.4087187,47.3946894],[8.4091477,47.3945923],[8.4093737,47.394509],[8.409583,47.3943994],[8.4118343,47.3920091]]}},{"type":"Feature","properties":{"layer":"road_network","edge_id":"462267527:8615900312:0","source":"462267527","target":"8615900312","osm_id":"104184121","highway":"unclassified","access":"","bridge":"","tunnel":"","length_m":131.61},"geometry":{"type":"LineString","coordinates":[[8.406653,47.3922997],[8.4069261,47.3934688]]}},{"type":"Feature","properties":{"layer":"road_network","edge_id":"462267527:673673374:0","source":"462267527","target":"673673374","osm_id":"53224999","highway":"track","access":"","bridge":"","tunnel":"","length_m":22.37},"geometry":{"type":"LineString","coordinates":[[8.406653,47.3922997],[8.4065804,47.3921954],[8.4064893,47.3921356]]}},{"type":"Feature","properties":{"layer":"road_network","edge_id":"462267527:10832320080:0","source":"462267527","target":"10832320080","osm_id":"855450816","highway":"track","access":"","bridge":"","tunnel":"","length_m":27.17},"geometry":{"type":"LineString","coordinates":[[8.406653,47.3922997],[8.4067541,47.3922412],[8.4068557,47.3921932],[8.4069463,47.3921586]]}},{"type":"Feature","properties":{"layer":"road_network","edge_id":"462683477:59488454:0","source":"462683477","target":"59488454","osm_id":"313592303","highway":"primary","access":"","bridge":"","tunnel":"","length_m":4.79},"geometry":{"type":"LineString","coordinates":[[8.4190774,47.3948809],[8.419134,47.3949006]]}},{"type":"Feature","properties":{"layer":"road_network","edge_id":"462683477:1659794381:0","source":"462683477","target":"1659794381","osm_id":"313592302","highway":"motorway_link","access":"","bridge":"","tunnel":"","length_m":22.71},"geometry":{"type":"LineString","coordinates":[[8.4190774,47.3948809],[8.4191014,47.3948136],[8.4191439,47.3947562],[8.4191852,47.3946912]]}},{"type":"Feature","properties":{"layer":"road_network","edge_id":"514389358:10570534972:0","source":"514389358","target":"10570534972","osm_id":"26461548","highway":"service","access":"","bridge":"","tunnel":"","length_m":68.14},"geometry":{"type":"LineString","coordinates":[[8.419656,47.3977671],[8.4196808,47.3983797]]}},{"type":"Feature","properties":{"layer":"road_network","edge_id":"514389358:1347092398:0","source":"514389358","target":"1347092398","osm_id":"493056263","highway":"service","access":"","bridge":"","tunnel":"","length_m":32.7},"geometry":{"type":"LineString","coordinates":[[8.4192464,47.3983838],[8.4196808,47.3983797]]}},{"type":"Feature","properties":{"layer":"road_network","edge_id":"514389358:1870531068:0","source":"514389358","target":"1870531068","osm_id":"26461548","highway":"service","access":"","bridge":"","tunnel":"","length_m":17.94},"geometry":{"type":"LineString","coordinates":[[8.4196808,47.3983797],[8.4196434,47.3985032],[8.4196499,47.3985382]]}},{"type":"Feature","properties":{"layer":"road_network","edge_id":"514390488:13252100167:0","source":"514390488","target":"13252100167","osm_id":"28817333","highway":"residential","access":"","bridge":"","tunnel":"","length_m":11.32},"geometry":{"type":"LineString","coordinates":[[8.4177593,47.3967482],[8.4177674,47.3966465]]}},{"type":"Feature","properties":{"layer":"road_network","edge_id":"514390488:9724408589:0","source":"514390488","target":"9724408589","osm_id":"28817333","highway":"residential","access":"","bridge":"","tunnel":"","length_m":180.43},"geometry":{"type":"LineString","coordinates":[[8.4177674,47.3966465],[8.4177649,47.3965108],[8.4177549,47.396393],[8.4177357,47.3962319],[8.4176785,47.3958537],[8.4176381,47.3955922],[8.4176066,47.3953661],[8.4175752,47.3951538],[8.4175659,47.3950302]]}},{"type":"Feature","properties":{"layer":"road_network","edge_id":"514390573:316823052:0","source":"514390573","target":"316823052","osm_id":"148745443;295509207","highway":"cycleway;residential","access":"","bridge":"","tunnel":"","length_m":80.78},"geometry":{"type":"LineString","coordinates":[[8.4202108,47.3957814],[8.4209351,47.3959926],[8.4211893,47.3960791]]}},{"type":"Feature","properties":{"layer":"road_network","edge_id":"514393749:13294812344:0","source":"514393749","target":"13294812344","osm_id":"292852056","highway":"service","access":"private","bridge":"","tunnel":"","length_m":31.45},"geometry":{"type":"LineString","coordinates":[[8.4172148,47.3994983],[8.4176213,47.3994328]]}},{"type":"Feature","properties":{"layer":"road_network","edge_id":"514393749:6894724945:0","source":"514393749","target":"6894724945","osm_id":"292852057","highway":"residential","access":"","bridge":"","tunnel":"","length_m":118.38},"geometry":{"type":"LineString","coordinates":[[8.4176213,47.3994328],[8.419162,47.3992187]]}},{"type":"Feature","properties":{"layer":"road_network","edge_id":"514393749:514393913:0","source":"514393749","target":"514393913","osm_id":"41756559","highway":"service","access":"private","bridge":"","tunnel":"","length_m":55.99},"geometry":{"type":"LineString","coordinates":[[8.4176213,47.3994328],[8.4176383,47.399491],[8.4177727,47.3999258]]}},{"type":"Feature","properties":{"layer":"road_network","edge_id":"514393913:514393749:0","source":"514393913","target":"514393749","osm_id":"41756559","highway":"service","access":"private","bridge":"","tunnel":"","length_m":55.99},"geometry":{"type":"LineString","coordinates":[[8.4177727,47.3999258],[8.4176383,47.399491],[8.4176213,47.3994328]]}},{"type":"Feature","properties":{"layer":"road_network","edge_id":"514393913:6894724946:0","source":"514393913","target":"6894724946","osm_id":"1164846366","highway":"track","access":"","bridge":"","tunnel":"","length_m":77.03},"geometry":{"type":"LineString","coordinates":[[8.4177727,47.3999258],[8.418398,47.3999022],[8.4187952,47.3998993]]}},{"type":"Feature","properties":{"layer":"road_network","edge_id":"514393913:13294795296:0","source":"514393913","target":"13294795296","osm_id":"1164846366","highway":"track","access":"","bridge":"","tunnel":"","length_m":176.06},"geometry":{"type":"LineString","coordinates":[[8.4177727,47.3999258],[8.4165216,47.3999731],[8.4154369,47.4000109]]}},{"type":"Feature","properties":{"layer":"road_network","edge_id":"516453943:8762790797:0","source":"516453943","target":"8762790797","osm_id":"1164846369","highway":"secondary","access":"","bridge":"","tunnel":"","length_m":58.92},"geometry":{"type":"LineString","coordinates":[[8.4102563,47.4002884],[8.4105102,47.4002016],[8.410846,47.4000821],[8.4109516,47.4000449]]}},{"type":"Feature","properties":{"layer":"road_network","edge_id":"516453950:13294795296:0","source":"516453950","target":"13294795296","osm_id":"686776064;1164846366","highway":"track","access":"","bridge":"","tunnel":"","length_m":406.02},"geometry":{"type":"LineString","coordinates":[[8.4102155,47.4007816],[8.4102964,47.4007535],[8.4104593,47.4006967],[8.4106346,47.4006402],[8.4108476,47.4005773],[8.4110584,47.4005201],[8.4112566,47.4004688],[8.4114195,47.4004303],[8.411584,47.4003947],[8.4117877,47.4003554],[8.412188,47.4002849],[8.4132504,47.4001202],[8.4133588,47.4001062],[8.4134737,47.4000938],[8.4135579,47.4000871],[8.4136592,47.4000808],[8.4137724,47.4000763],[8.4147245,47.4000358],[8.4154369,47.4000109]]}},{"type":"Feature","properties":{"layer":"road_network","edge_id":"673673374:10832320080:0","source":"673673374","target":"10832320080","osm_id":"1164720893","highway":"track","access":"","bridge":"","tunnel":"","length_m":34.5},"geometry":{"type":"LineString","coordinates":[[8.4064893,47.3921356],[8.4069463,47.3921586]]}},{"type":"Feature","properties":{"layer":"road_network","edge_id":"673673374:462267527:0","source":"673673374","target":"462267527","osm_id":"53224999","highway":"track","access":"","bridge":"","tunnel":"","length_m":22.37},"geometry":{"type":"LineString","coordinates":[[8.4064893,47.3921356],[8.4065804,47.3921954],[8.406653,47.3922997]]}},{"type":"Feature","properties":{"layer":"road_network","edge_id":"731543016:3283881268:0","source":"731543016","target":"3283881268","osm_id":"36827201","highway":"track","access":"","bridge":"","tunnel":"","length_m":36.45},"geometry":{"type":"LineString","coordinates":[[8.4084889,47.3967565],[8.4086069,47.3967684],[8.4087341,47.3967992],[8.4089412,47.3968668]]}},{"type":"Feature","properties":{"layer":"road_network","edge_id":"731543016:1714140778:0","source":"731543016","target":"1714140778","osm_id":"978512666","highway":"track","access":"","bridge":"","tunnel":"","length_m":28.46},"geometry":{"type":"LineString","coordinates":[[8.4084889,47.3967565],[8.4084063,47.3967595],[8.4083508,47.3967664],[8.4081293,47.3968271]]}},{"type":"Feature","properties":{"layer":"road_network","edge_id":"731543132:763374414:0","source":"731543132","target":"763374414","osm_id":"1164841098","highway":"track","access":"","bridge":"","tunnel":"","length_m":79.59},"geometry":{"type":"LineString","coordinates":[[8.4064943,47.3956805],[8.4065766,47.3955942],[8.4068239,47.39529],[8.4069898,47.3950491]]}},{"type":"Feature","properties":{"layer":"road_network","edge_id":"731543307:462267511:0","source":"731543307","target":"462267511","osm_id":"104184121","highway":"unclassified","access":"","bridge":"","tunnel":"","length_m":8.59},"geometry":{"type":"LineString","coordinates":[[8.4071844,47.3947388],[8.4071933,47.3946618]]}},{"type":"Feature","properties":{"layer":"road_network","edge_id":"731543307:763374414:0","source":"731543307","target":"763374414","osm_id":"1164841098;59025595","highway":"track","access":"","bridge":"","tunnel":"","length_m":37.54},"geometry":{"type":"LineString","coordinates":[[8.4071844,47.3947388],[8.4071649,47.3947862],[8.4070803,47.394917],[8.4069898,47.3950491]]}},{"type":"Feature","properties":{"layer":"road_network","edge_id":"731543307:856773411:0","source":"731543307","target":"856773411","osm_id":"1450018994;209214837","highway":"primary","access":"","bridge":"","tunnel":"","length_m":485.4},"geometry":{"type":"LineString","coordinates":[[8.4071844,47.3947388],[8.4073893,47.3947809],[8.4077375,47.39483],[8.4084695,47.394917],[8.4089548,47.394974],[8.4091792,47.3949957],[8.4093396,47.3950054],[8.4095209,47.3950103],[8.4103495,47.3950244],[8.4106039,47.3950269],[8.410714,47.3950255],[8.4108455,47.3950177],[8.4109763,47.3950072],[8.4111053,47.3949923],[8.4112508,47.3949701],[8.4116373,47.3949061],[8.4127906,47.3947125],[8.4128867,47.394693],[8.4129772,47.3946707],[8.4130687,47.3946444],[8.413154,47.3946168],[8.4132699,47.3945752],[8.4133679,47.3945361],[8.4134666,47.394496]]}},{"type":"Feature","properties":{"layer":"road_network","edge_id":"732044452:9053261276:0","source":"732044452","target":"9053261276","osm_id":"59025588;59025597;59054774","highway":"track;path;steps","access":"","bridge":"","tunnel":"","length_m":82.61},"geometry":{"type":"LineString","coordinates":[[8.40836,47.3959089],[8.4084157,47.3958738],[8.40856,47.395975],[8.4086424,47.3959927],[8.4087233,47.39601],[8.4087096,47.3961763],[8.408608,47.3964356]]}},{"type":"Feature","properties":{"layer":"road_network","edge_id":"732044452:763374422:0","source":"732044452","target":"763374422","osm_id":"978414730;60975133","highway":"path;steps","access":"","bridge":"","tunnel":"","length_m":31.57},"geometry":{"type":"LineString","coordinates":[[8.40836,47.3959089],[8.408329,47.3958925],[8.4082185,47.395833],[8.4081251,47.3956842]]}},{"type":"Feature","properties":{"layer":"road_network","edge_id":"763374414:731543132:0","source":"763374414","target":"731543132","osm_id":"1164841098","highway":"track","access":"","bridge":"","tunnel":"","length_m":79.59},"geometry":{"type":"LineString","coordinates":[[8.4069898,47.3950491],[8.4068239,47.39529],[8.4065766,47.3955942],[8.4064943,47.3956805]]}},{"type":"Feature","properties":{"layer":"road_network","edge_id":"763374414:731543307:0","source":"763374414","target":"731543307","osm_id":"1164841098;59025595","highway":"track","access":"","bridge":"","tunnel":"","length_m":37.54},"geometry":{"type":"LineString","coordinates":[[8.4069898,47.3950491],[8.4070803,47.394917],[8.4071649,47.3947862],[8.4071844,47.3947388]]}},{"type":"Feature","properties":{"layer":"road_network","edge_id":"763374422:732044452:0","source":"763374422","target":"732044452","osm_id":"978414730;60975133","highway":"path;steps","access":"","bridge":"","tunnel":"","length_m":31.57},"geometry":{"type":"LineString","coordinates":[[8.4081251,47.3956842],[8.4082185,47.395833],[8.408329,47.3958925],[8.40836,47.3959089]]}},{"type":"Feature","properties":{"layer":"road_network","edge_id":"854806439:429303756:0","source":"854806439","target":"429303756","osm_id":"1164894173","highway":"primary","access":"","bridge":"","tunnel":"","length_m":17.63},"geometry":{"type":"LineString","coordinates":[[8.4209667,47.4017466],[8.4211987,47.4017249]]}},{"type":"Feature","properties":{"layer":"road_network","edge_id":"854806485:854806561:0","source":"854806485","target":"854806561","osm_id":"1164894169;71913427;71913444","highway":"steps;footway","access":"","bridge":"yes","tunnel":"","length_m":75.37},"geometry":{"type":"LineString","coordinates":[[8.4212187,47.4016174],[8.4212245,47.4016531],[8.4212668,47.4020104],[8.4213773,47.4022351],[8.4213827,47.4022816]]}},{"type":"Feature","properties":{"layer":"road_network","edge_id":"854806561:854806564:0","source":"854806561","target":"854806564","osm_id":"1164894157","highway":"track","access":"","bridge":"","tunnel":"","length_m":3.19},"geometry":{"type":"LineString","coordinates":[[8.4213827,47.4022816],[8.4214237,47.4022887]]}},{"type":"Feature","properties":{"layer":"road_network","edge_id":"854806561:854806485:0","source":"854806561","target":"854806485","osm_id":"1164894169;71913427;71913444","highway":"steps;footway","access":"","bridge":"yes","tunnel":"","length_m":75.37},"geometry":{"type":"LineString","coordinates":[[8.4213827,47.4022816],[8.4213773,47.4022351],[8.4212668,47.4020104],[8.4212245,47.4016531],[8.4212187,47.4016174]]}},{"type":"Feature","properties":{"layer":"road_network","edge_id":"854806564:854806561:0","source":"854806564","target":"854806561","osm_id":"1164894157","highway":"track","access":"","bridge":"","tunnel":"","length_m":3.19},"geometry":{"type":"LineString","coordinates":[[8.4213827,47.4022816],[8.4214237,47.4022887]]}},{"type":"Feature","properties":{"layer":"road_network","edge_id":"854806771:13203262410:0","source":"854806771","target":"13203262410","osm_id":"28817323","highway":"residential","access":"","bridge":"","tunnel":"","length_m":20.44},"geometry":{"type":"LineString","coordinates":[[8.4134523,47.3973457],[8.4137149,47.397299]]}},{"type":"Feature","properties":{"layer":"road_network","edge_id":"854806966:3283880507:0","source":"854806966","target":"3283880507","osm_id":"321822125","highway":"service","access":"","bridge":"","tunnel":"","length_m":11.94},"geometry":{"type":"LineString","coordinates":[[8.4117357,47.3958224],[8.4117779,47.3957189]]}},{"type":"Feature","properties":{"layer":"road_network","edge_id":"854806966:3285979769:0","source":"854806966","target":"3285979769","osm_id":"321828900","highway":"service","access":"","bridge":"","tunnel":"","length_m":137.44},"geometry":{"type":"LineString","coordinates":[[8.4117357,47.3958224],[8.4115991,47.3959112],[8.4115403,47.3959436],[8.4101449,47.3964169]]}},{"type":"Feature","properties":{"layer":"road_network","edge_id":"854807093:854807094:0","source":"854807093","target":"854807094","osm_id":"1249871215","highway":"service","access":"","bridge":"","tunnel":"","length_m":19.39},"geometry":{"type":"LineString","coordinates":[[8.4138267,47.3942354],[8.4140017,47.3941074]]}},{"type":"Feature","properties":{"layer":"road_network","edge_id":"854807093:462267512:0","source":"854807093","target":"462267512","osm_id":"72071916;71913485","highway":"track;path","access":"","bridge":"","tunnel":"","length_m":445.35},"geometry":{"type":"LineString","coordinates":[[8.4138267,47.3942354],[8.4136204,47.3943503],[8.4133214,47.3944856],[8.4131673,47.3945453],[8.4130548,47.3945837],[8.4128443,47.3946436],[8.4125491,47.3946965],[8.4123253,47.3947203],[8.4110669,47.3949267],[8.4108406,47.3949519],[8.4105716,47.3949612],[8.4095293,47.3949468],[8.409186,47.3949333],[8.4085444,47.3948627],[8.4081547,47.3948154]]}},{"type":"Feature","properties":{"layer":"road_network","edge_id":"854807094:13844586209:0","source":"854807094","target":"13844586209","osm_id":"38911573","highway":"service","access":"","bridge":"","tunnel":"","length_m":24.48},"geometry":{"type":"LineString","coordinates":[[8.4140017,47.3941074],[8.4140803,47.3939332],[8.4140991,47.3938974]]}},{"type":"Feature","properties":{"layer":"road_network","edge_id":"854807094:854807158:0","source":"854807094","target":"854807158","osm_id":"1169322385;72071917;72071910","highway":"track","access":"","bridge":"","tunnel":"yes","length_m":115.56},"geometry":{"type":"LineString","coordinates":[[8.4140017,47.3941074],[8.414166,47.3940348],[8.4145317,47.3938287],[8.4145901,47.3938037],[8.4146542,47.3937811],[8.4149072,47.393718],[8.4151321,47.3936807],[8.4151898,47.3936746],[8.4152486,47.3936729],[8.4153515,47.3936796]]}},{"type":"Feature","properties":{"layer":"road_network","edge_id":"854807158:854807279:0","source":"854807158","target":"854807279","osm_id":"71913499;72071908;72071919","highway":"track","access":"","bridge":"","tunnel":"yes","length_m":43.79},"geometry":{"type":"LineString","coordinates":[[8.4153515,47.3936796],[8.4153557,47.3938038],[8.4153639,47.3939945],[8.4153606,47.3940488],[8.4153561,47.3940731]]}},{"type":"Feature","properties":{"layer":"road_network","edge_id":"854807158:854807094:0","source":"854807158","target":"854807094","osm_id":"1169322385;72071917;72071910","highway":"track","access":"","bridge":"","tunnel":"yes","length_m":115.56},"geometry":{"type":"LineString","coordinates":[[8.4153515,47.3936796],[8.4152486,47.3936729],[8.4151898,47.3936746],[8.4151321,47.3936807],[8.4149072,47.393718],[8.4146542,47.3937811],[8.4145901,47.3938037],[8.4145317,47.3938287],[8.414166,47.3940348],[8.4140017,47.3941074]]}},{"type":"Feature","properties":{"layer":"road_network","edge_id":"854807158:854807183:0","source":"854807158","target":"854807183","osm_id":"72071922;971331947","highway":"track;path","access":"","bridge":"","tunnel":"","length_m":58.11},"geometry":{"type":"LineString","coordinates":[[8.4153515,47.3936796],[8.4154091,47.3936875],[8.4154646,47.3936995],[8.4156627,47.3937609],[8.4157096,47.3937714],[8.415768,47.3937794],[8.4160879,47.3938287]]}},{"type":"Feature","properties":{"layer":"road_network","edge_id":"854807183:1659794311:0","source":"854807183","target":"1659794311","osm_id":"153273336","highway":"service","access":"","bridge":"","tunnel":"","length_m":6.68},"geometry":{"type":"LineString","coordinates":[[8.4160696,47.3938875],[8.4160879,47.3938287]]}},{"type":"Feature","properties":{"layer":"road_network","edge_id":"854807183:1659794310:0","source":"854807183","target":"1659794310","osm_id":"153273336","highway":"service","access":"","bridge":"","tunnel":"","length_m":27.78},"geometry":{"type":"LineString","coordinates":[[8.4160879,47.3938287],[8.4162114,47.3935933]]}},{"type":"Feature","properties":{"layer":"road_network","edge_id":"854807183:854807158:0","source":"854807183","target":"854807158","osm_id":"72071922;971331947","highway":"path;track","access":"","bridge":"","tunnel":"","length_m":58.11},"geometry":{"type":"LineString","coordinates":[[8.4160879,47.3938287],[8.415768,47.3937794],[8.4157096,47.3937714],[8.4156627,47.3937609],[8.4154646,47.3936995],[8.4154091,47.3936875],[8.4153515,47.3936796]]}},{"type":"Feature","properties":{"layer":"road_network","edge_id":"854807279:856773406:0","source":"854807279","target":"856773406","osm_id":"72071908","highway":"track","access":"","bridge":"","tunnel":"","length_m":30.3},"geometry":{"type":"LineString","coordinates":[[8.4153561,47.3940731],[8.4153476,47.3940925],[8.4153345,47.3941075],[8.4153152,47.3941233],[8.4152907,47.3941367],[8.415266,47.3941468],[8.4152326,47.3941569],[8.4151909,47.394163],[8.4151505,47.3941645],[8.415109,47.3941629],[8.4150157,47.3941508]]}},{"type":"Feature","properties":{"layer":"road_network","edge_id":"854807279:854807158:0","source":"854807279","target":"854807158","osm_id":"71913499;72071908;72071919","highway":"track","access":"","bridge":"","tunnel":"yes","length_m":43.79},"geometry":{"type":"LineString","coordinates":[[8.4153561,47.3940731],[8.4153606,47.3940488],[8.4153639,47.3939945],[8.4153557,47.3938038],[8.4153515,47.3936796]]}},{"type":"Feature","properties":{"layer":"road_network","edge_id":"856773406:856773419:0","source":"856773406","target":"856773419","osm_id":"71913470","highway":"track","access":"","bridge":"","tunnel":"","length_m":143.52},"geometry":{"type":"LineString","coordinates":[[8.4150157,47.3941508],[8.4149293,47.3941422],[8.4148814,47.39414],[8.4148399,47.3941421],[8.4147961,47.3941482],[8.4147207,47.3941641],[8.4146405,47.3941868],[8.4143745,47.394277],[8.4138241,47.3945065],[8.4135909,47.3945974],[8.4133272,47.3947026]]}},{"type":"Feature","properties":{"layer":"road_network","edge_id":"856773406:854807279:0","source":"856773406","target":"854807279","osm_id":"72071908","highway":"track","access":"","bridge":"","tunnel":"","length_m":30.3},"geometry":{"type":"LineString","coordinates":[[8.4150157,47.3941508],[8.415109,47.3941629],[8.4151505,47.3941645],[8.4151909,47.394163],[8.4152326,47.3941569],[8.415266,47.3941468],[8.4152907,47.3941367],[8.4153152,47.3941233],[8.4153345,47.3941075],[8.4153476,47.3940925],[8.4153561,47.3940731]]}},{"type":"Feature","properties":{"layer":"road_network","edge_id":"856773411:1659794374:0","source":"856773411","target":"1659794374","osm_id":"72071914","highway":"service","access":"","bridge":"","tunnel":"","length_m":4.51},"geometry":{"type":"LineString","coordinates":[[8.4134666,47.394496],[8.4134968,47.394531]]}},{"type":"Feature","properties":{"layer":"road_network","edge_id":"856773411:1659794358:0","source":"856773411","target":"1659794358","osm_id":"1395793841","highway":"primary","access":"","bridge":"","tunnel":"","length_m":20.81},"geometry":{"type":"LineString","coordinates":[[8.4134666,47.394496],[8.4136977,47.3943933]]}},{"type":"Feature","properties":{"layer":"road_network","edge_id":"856773411:731543307:0","source":"856773411","target":"731543307","osm_id":"1450018994;209214837","highway":"primary","access":"","bridge":"","tunnel":"","length_m":485.4},"geometry":{"type":"LineString","coordinates":[[8.4134666,47.394496],[8.4133679,47.3945361],[8.4132699,47.3945752],[8.413154,47.3946168],[8.4130687,47.3946444],[8.4129772,47.3946707],[8.4128867,47.394693],[8.4127906,47.3947125],[8.4116373,47.3949061],[8.4112508,47.3949701],[8.4111053,47.3949923],[8.4109763,47.3950072],[8.4108455,47.3950177],[8.410714,47.3950255],[8.4106039,47.3950269],[8.4103495,47.3950244],[8.4095209,47.3950103],[8.4093396,47.3950054],[8.4091792,47.3949957],[8.4089548,47.394974],[8.4084695,47.394917],[8.4077375,47.39483],[8.4073893,47.3947809],[8.4071844,47.3947388]]}},{"type":"Feature","properties":{"layer":"road_network","edge_id":"856773419:856773406:0","source":"856773419","target":"856773406","osm_id":"71913470","highway":"track","access":"","bridge":"","tunnel":"","length_m":143.52},"geometry":{"type":"LineString","coordinates":[[8.4133272,47.3947026],[8.4135909,47.3945974],[8.4138241,47.3945065],[8.4143745,47.394277],[8.4146405,47.3941868],[8.4147207,47.3941641],[8.4147961,47.3941482],[8.4148399,47.3941421],[8.4148814,47.39414],[8.4149293,47.3941422],[8.4150157,47.3941508]]}},{"type":"Feature","properties":{"layer":"road_network","edge_id":"856773419:1659794374:0","source":"856773419","target":"1659794374","osm_id":"72071914","highway":"service","access":"","bridge":"","tunnel":"","length_m":22.96},"geometry":{"type":"LineString","coordinates":[[8.4133272,47.3947026],[8.4134189,47.3946132],[8.4134968,47.394531]]}},{"type":"Feature","properties":{"layer":"road_network","edge_id":"856773419:3283880507:0","source":"856773419","target":"3283880507","osm_id":"321822125","highway":"service","access":"","bridge":"","tunnel":"","length_m":181.54},"geometry":{"type":"LineString","coordinates":[[8.4133272,47.3947026],[8.4128293,47.3948901],[8.4125209,47.394993],[8.4122883,47.3950809],[8.4121412,47.3951599],[8.4117165,47.395441],[8.4116714,47.3955024],[8.4116995,47.3955605],[8.4117917,47.3956783],[8.4117779,47.3957189]]}},{"type":"Feature","properties":{"layer":"road_network","edge_id":"1044837278:13279157946:0","source":"1044837278","target":"13279157946","osm_id":"90128262","highway":"residential","access":"","bridge":"","tunnel":"","length_m":23.18},"geometry":{"type":"LineString","coordinates":[[8.4212978,47.3982445],[8.4214268,47.3984338]]}},{"type":"Feature","properties":{"layer":"road_network","edge_id":"1044837278:1330031345:0","source":"1044837278","target":"1330031345","osm_id":"90128285","highway":"service","access":"","bridge":"","tunnel":"","length_m":5.8},"geometry":{"type":"LineString","coordinates":[[8.4213523,47.3984471],[8.4214268,47.3984338]]}},{"type":"Feature","properties":{"layer":"road_network","edge_id":"1044837278:462251761:0","source":"1044837278","target":"462251761","osm_id":"186153839","highway":"residential","access":"","bridge":"","tunnel":"","length_m":9.84},"geometry":{"type":"LineString","coordinates":[[8.4214268,47.3984338],[8.4214747,47.3985161]]}},{"type":"Feature","properties":{"layer":"road_network","edge_id":"1044837294:13203300414:0","source":"1044837294","target":"13203300414","osm_id":"1436507420","highway":"service","access":"","bridge":"","tunnel":"","length_m":25.92},"geometry":{"type":"LineString","coordinates":[[8.4193252,47.3986319],[8.4192587,47.3985337],[8.4192644,47.3984087]]}},{"type":"Feature","properties":{"layer":"road_network","edge_id":"1044837294:13203300429:0","source":"1044837294","target":"13203300429","osm_id":"1436507420","highway":"service","access":"","bridge":"","tunnel":"","length_m":10.71},"geometry":{"type":"LineString","coordinates":[[8.4193252,47.3986319],[8.4193332,47.3986437],[8.4193793,47.398721]]}},{"type":"Feature","properties":{"layer":"road_network","edge_id":"1202052524:422690950:0","source":"1202052524","target":"422690950","osm_id":"578634295","highway":"secondary","access":"","bridge":"","tunnel":"","length_m":10.06},"geometry":{"type":"LineString","coordinates":[[8.4069653,47.4019378],[8.4070784,47.4018896]]}},{"type":"Feature","properties":{"layer":"road_network","edge_id":"1202168676:1202168961:0","source":"1202168676","target":"1202168961","osm_id":"1188959546;104184124;797344070;1188959543","highway":"steps;footway","access":"","bridge":"","tunnel":"","length_m":22.9},"geometry":{"type":"LineString","coordinates":[[8.4190092,47.3950374],[8.4190011,47.3950549],[8.4190022,47.3951169],[8.4190046,47.3951376],[8.4190313,47.3951856],[8.4191009,47.395211]]}},{"type":"Feature","properties":{"layer":"road_network","edge_id":"1202168728:1202168783:0","source":"1202168728","target":"1202168783","osm_id":"1163104078;1163104080;1163104081;1163104082;1163104087;1163104088;534449851","highway":"steps;footway","access":"","bridge":"","tunnel":"","length_m":16.72},"geometry":{"type":"LineString","coordinates":[[8.4180551,47.394027],[8.4180513,47.3940014],[8.4180479,47.3939782],[8.4180452,47.3939598],[8.4180422,47.3939393],[8.4180396,47.3939216],[8.4180368,47.3939027],[8.418033,47.3938774]]}},{"type":"Feature","properties":{"layer":"road_network","edge_id":"1202168783:1202168728:0","source":"1202168783","target":"1202168728","osm_id":"1163104078;1163104080;1163104081;1163104082;1163104087;1163104088;534449851","highway":"steps;footway","access":"","bridge":"","tunnel":"","length_m":16.72},"geometry":{"type":"LineString","coordinates":[[8.418033,47.3938774],[8.4180368,47.3939027],[8.4180396,47.3939216],[8.4180422,47.3939393],[8.4180452,47.3939598],[8.4180479,47.3939782],[8.4180513,47.3940014],[8.4180551,47.394027]]}},{"type":"Feature","properties":{"layer":"road_network","edge_id":"1202168961:1202168676:0","source":"1202168961","target":"1202168676","osm_id":"1188959546;104184124;797344070;1188959543","highway":"steps;footway","access":"","bridge":"","tunnel":"","length_m":22.9},"geometry":{"type":"LineString","coordinates":[[8.4191009,47.395211],[8.4190313,47.3951856],[8.4190046,47.3951376],[8.4190022,47.3951169],[8.4190011,47.3950549],[8.4190092,47.3950374]]}},{"type":"Feature","properties":{"layer":"road_network","edge_id":"1202169421:316823035:0","source":"1202169421","target":"316823035","osm_id":"153273338;1423043517","highway":"residential;footway","access":"","bridge":"","tunnel":"","length_m":27.44},"geometry":{"type":"LineString","coordinates":[[8.4166041,47.3941825],[8.4164786,47.3943689],[8.4165287,47.3943936]]}},{"type":"Feature","properties":{"layer":"road_network","edge_id":"1202225294:429303757:0","source":"1202225294","target":"429303757","osm_id":"31951358;536863998;536863999","highway":"track;path","access":"","bridge":"yes","tunnel":"","length_m":173.94},"geometry":{"type":"LineString","coordinates":[[8.4146732,47.4017786],[8.414465,47.4017153],[8.4139821,47.4015971],[8.4138803,47.4015477],[8.4139169,47.4013672],[8.4144524,47.400949],[8.4146252,47.4007373]]}},{"type":"Feature","properties":{"layer":"road_network","edge_id":"1205561907:316823052:0","source":"1205561907","target":"316823052","osm_id":"148745443","highway":"residential","access":"","bridge":"","tunnel":"","length_m":29.28},"geometry":{"type":"LineString","coordinates":[[8.4215221,47.3962155],[8.4213249,47.3961354],[8.4211893,47.3960791]]}},{"type":"Feature","properties":{"layer":"road_network","edge_id":"1221309284:13294812314:0","source":"1221309284","target":"13294812314","osm_id":"292852056","highway":"service","access":"private","bridge":"","tunnel":"","length_m":35.79},"geometry":{"type":"LineString","coordinates":[[8.4159659,47.3997098],[8.416427,47.3996313]]}},{"type":"Feature","properties":{"layer":"road_network","edge_id":"1221309284:13294795285:0","source":"1221309284","target":"13294795285","osm_id":"292852056","highway":"service","access":"private","bridge":"","tunnel":"","length_m":32.41},"geometry":{"type":"LineString","coordinates":[[8.4159659,47.3997098],[8.4156751,47.3997622],[8.4156187,47.3997883],[8.4155736,47.3998164]]}},{"type":"Feature","properties":{"layer":"road_network","edge_id":"1221319467:1299376279:0","source":"1221319467","target":"1299376279","osm_id":"106075024;106075052","highway":"steps;footway","access":"","bridge":"","tunnel":"","length_m":15.3},"geometry":{"type":"LineString","coordinates":[[8.421225,47.3986171],[8.4213965,47.3985851],[8.4214209,47.3985803]]}},{"type":"Feature","properties":{"layer":"road_network","edge_id":"1221319490:1299376277:0","source":"1221319490","target":"1299376277","osm_id":"114790560;106075033","highway":"steps;footway","access":"","bridge":"yes","tunnel":"","length_m":15.61},"geometry":{"type":"LineString","coordinates":[[8.4212642,47.3987446],[8.421443,47.3987116],[8.4214643,47.3987076]]}},{"type":"Feature","properties":{"layer":"road_network","edge_id":"1221319496:1299376263:0","source":"1221319496","target":"1299376263","osm_id":"90128285","highway":"service","access":"","bridge":"","tunnel":"","length_m":37.52},"geometry":{"type":"LineString","coordinates":[[8.419917,47.3986967],[8.4204029,47.3986214]]}},{"type":"Feature","properties":{"layer":"road_network","edge_id":"1299376223:13279157946:0","source":"1299376223","target":"13279157946","osm_id":"90128262","highway":"residential","access":"","bridge":"","tunnel":"","length_m":8.01},"geometry":{"type":"LineString","coordinates":[[8.4212532,47.3981791],[8.4212978,47.3982445]]}},{"type":"Feature","properties":{"layer":"road_network","edge_id":"1299376223:289986665:0","source":"1299376223","target":"289986665","osm_id":"708056267","highway":"residential","access":"","bridge":"","tunnel":"","length_m":14.76},"geometry":{"type":"LineString","coordinates":[[8.4212532,47.3981791],[8.4212141,47.3981216],[8.4211711,47.3980586]]}},{"type":"Feature","properties":{"layer":"road_network","edge_id":"1299376263:12803734541:0","source":"1299376263","target":"12803734541","osm_id":"833788322;90128285","highway":"service","access":"","bridge":"","tunnel":"","length_m":30.26},"geometry":{"type":"LineString","coordinates":[[8.419917,47.3986967],[8.4195936,47.3987468],[8.419554,47.3987529],[8.4195244,47.3987531]]}},{"type":"Feature","properties":{"layer":"road_network","edge_id":"1299376277:1221319490:0","source":"1299376277","target":"1221319490","osm_id":"114790560;106075033","highway":"steps;footway","access":"","bridge":"yes","tunnel":"","length_m":15.61},"geometry":{"type":"LineString","coordinates":[[8.4214643,47.3987076],[8.421443,47.3987116],[8.4212642,47.3987446]]}},{"type":"Feature","properties":{"layer":"road_network","edge_id":"1299376279:1221319467:0","source":"1299376279","target":"1221319467","osm_id":"106075024;106075052","highway":"steps;footway","access":"","bridge":"","tunnel":"","length_m":15.3},"geometry":{"type":"LineString","coordinates":[[8.4214209,47.3985803],[8.4213965,47.3985851],[8.421225,47.3986171]]}},{"type":"Feature","properties":{"layer":"road_network","edge_id":"1299376296:289986665:0","source":"1299376296","target":"289986665","osm_id":"104665376","highway":"secondary","access":"","bridge":"","tunnel":"","length_m":15.59},"geometry":{"type":"LineString","coordinates":[[8.4211711,47.3980586],[8.4213525,47.3979909]]}},{"type":"Feature","properties":{"layer":"road_network","edge_id":"1299376296:13279157936:0","source":"1299376296","target":"13279157936","osm_id":"104665376","highway":"secondary","access":"","bridge":"","tunnel":"","length_m":23.31},"geometry":{"type":"LineString","coordinates":[[8.4213525,47.3979909],[8.4216257,47.3978921]]}},{"type":"Feature","properties":{"layer":"road_network","edge_id":"1299376332:1299376350:0","source":"1299376332","target":"1299376350","osm_id":"26462519","highway":"residential","access":"","bridge":"","tunnel":"","length_m":47.95},"geometry":{"type":"LineString","coordinates":[[8.4206978,47.3975598],[8.4212655,47.3973641]]}},{"type":"Feature","properties":{"layer":"road_network","edge_id":"1299376332:289986487:0","source":"1299376332","target":"289986487","osm_id":"26462519","highway":"residential","access":"","bridge":"","tunnel":"","length_m":80.43},"geometry":{"type":"LineString","coordinates":[[8.4206978,47.3975598],[8.4205283,47.3975989],[8.4200517,47.397676],[8.4196529,47.3976913]]}},{"type":"Feature","properties":{"layer":"road_network","edge_id":"1299376350:1628190621:0","source":"1299376350","target":"1628190621","osm_id":"26462519","highway":"residential","access":"","bridge":"","tunnel":"","length_m":61.04},"geometry":{"type":"LineString","coordinates":[[8.4212655,47.3973641],[8.4219735,47.3970965]]}},{"type":"Feature","properties":{"layer":"road_network","edge_id":"1299376350:1299376332:0","source":"1299376350","target":"1299376332","osm_id":"26462519","highway":"residential","access":"","bridge":"","tunnel":"","length_m":47.95},"geometry":{"type":"LineString","coordinates":[[8.4206978,47.3975598],[8.4212655,47.3973641]]}},{"type":"Feature","properties":{"layer":"road_network","edge_id":"1330031345:1221319496:0","source":"1330031345","target":"1221319496","osm_id":"90128285","highway":"service","access":"","bridge":"","tunnel":"","length_m":74.04},"geometry":{"type":"LineString","coordinates":[[8.4204029,47.3986214],[8.4213523,47.3984471]]}},{"type":"Feature","properties":{"layer":"road_network","edge_id":"1347092338:1347092386:0","source":"1347092338","target":"1347092386","osm_id":"41756209","highway":"service","access":"","bridge":"","tunnel":"","length_m":89.0},"geometry":{"type":"LineString","coordinates":[[8.4191665,47.3984482],[8.4187411,47.3984437],[8.4185612,47.3984996],[8.4180028,47.3984805]]}},{"type":"Feature","properties":{"layer":"road_network","edge_id":"1347092386:1347092338:0","source":"1347092386","target":"1347092338","osm_id":"41756209","highway":"service","access":"","bridge":"","tunnel":"","length_m":89.0},"geometry":{"type":"LineString","coordinates":[[8.4180028,47.3984805],[8.4185612,47.3984996],[8.4187411,47.3984437],[8.4191665,47.3984482]]}},{"type":"Feature","properties":{"layer":"road_network","edge_id":"1347092386:316822997:0","source":"1347092386","target":"316822997","osm_id":"41756209","highway":"service","access":"","bridge":"","tunnel":"","length_m":30.42},"geometry":{"type":"LineString","coordinates":[[8.4180028,47.3984805],[8.4176409,47.398432],[8.4176063,47.3984274]]}},{"type":"Feature","properties":{"layer":"road_network","edge_id":"1347092386:10570534964:0","source":"1347092386","target":"10570534964","osm_id":"1133810042;1133810043","highway":"footway;service","access":"","bridge":"","tunnel":"","length_m":117.95},"geometry":{"type":"LineString","coordinates":[[8.4180028,47.3984805],[8.4180022,47.3981678],[8.4182694,47.3980405],[8.4184155,47.3980398],[8.4185706,47.3981432],[8.4189851,47.3981425]]}},{"type":"Feature","properties":{"layer":"road_network","edge_id":"1347092398:514389358:0","source":"1347092398","target":"514389358","osm_id":"493056263","highway":"service","access":"","bridge":"","tunnel":"","length_m":32.7},"geometry":{"type":"LineString","coordinates":[[8.4192464,47.3983838],[8.4196808,47.3983797]]}},{"type":"Feature","properties":{"layer":"road_network","edge_id":"1511932526:4362719011:0","source":"1511932526","target":"4362719011","osm_id":"313592307","highway":"primary","access":"","bridge":"","tunnel":"","length_m":14.19},"geometry":{"type":"LineString","coordinates":[[8.4148698,47.3938835],[8.4150534,47.3938546]]}},{"type":"Feature","properties":{"layer":"road_network","edge_id":"1511932526:1659794323:0","source":"1511932526","target":"1659794323","osm_id":"313592300","highway":"motorway_link","access":"","bridge":"","tunnel":"","length_m":11.75},"geometry":{"type":"LineString","coordinates":[[8.4148698,47.3938835],[8.4148862,47.393939],[8.4148848,47.3939644],[8.4148701,47.3939859]]}},{"type":"Feature","properties":{"layer":"road_network","edge_id":"1511932527:1511932526:0","source":"1511932527","target":"1511932526","osm_id":"1221847837","highway":"primary","access":"","bridge":"","tunnel":"","length_m":7.71},"geometry":{"type":"LineString","coordinates":[[8.4147734,47.3939068],[8.4148698,47.3938835]]}},{"type":"Feature","properties":{"layer":"road_network","edge_id":"1511932527:13235448583:0","source":"1511932527","target":"13235448583","osm_id":"1202048995","highway":"motorway_link","access":"","bridge":"","tunnel":"","length_m":16.94},"geometry":{"type":"LineString","coordinates":[[8.4147734,47.3939068],[8.4147384,47.3938213],[8.4147152,47.3937596]]}},{"type":"Feature","properties":{"layer":"road_network","edge_id":"1621725179:316823053:0","source":"1621725179","target":"316823053","osm_id":"149148958","highway":"tertiary","access":"","bridge":"","tunnel":"","length_m":118.37},"geometry":{"type":"LineString","coordinates":[[8.4092274,47.3990763],[8.4092741,47.3990585],[8.4095804,47.398942],[8.4101223,47.3987505],[8.4104723,47.3986347],[8.4106262,47.398591]]}},{"type":"Feature","properties":{"layer":"road_network","edge_id":"1621725179:316823056:0","source":"1621725179","target":"316823056","osm_id":"149148958","highway":"tertiary","access":"","bridge":"","tunnel":"","length_m":24.77},"geometry":{"type":"LineString","coordinates":[[8.4092274,47.3990763],[8.4091783,47.3990966],[8.4089464,47.3991922]]}},{"type":"Feature","properties":{"layer":"road_network","edge_id":"1621725180:316823056:0","source":"1621725180","target":"316823056","osm_id":"149148958","highway":"tertiary","access":"","bridge":"","tunnel":"","length_m":21.94},"geometry":{"type":"LineString","coordinates":[[8.4087027,47.3993004],[8.4087512,47.3992789],[8.4089464,47.3991922]]}},{"type":"Feature","properties":{"layer":"road_network","edge_id":"1621725180:316823069:0","source":"1621725180","target":"316823069","osm_id":"149148958","highway":"tertiary","access":"","bridge":"","tunnel":"","length_m":131.15},"geometry":{"type":"LineString","coordinates":[[8.4087027,47.3993004],[8.408659,47.3993208],[8.4083011,47.3994882],[8.4081207,47.39958],[8.4078602,47.3997104],[8.4076724,47.3998111],[8.4074722,47.3999222],[8.4073154,47.4000128]]}},{"type":"Feature","properties":{"layer":"road_network","edge_id":"1621725180:4628154166:0","source":"1621725180","target":"4628154166","osm_id":"468466820;468997267;468997268","highway":"steps;footway","access":"","bridge":"","tunnel":"","length_m":59.39},"geometry":{"type":"LineString","coordinates":[[8.4087027,47.3993004],[8.4086712,47.3992588],[8.4086417,47.3992198],[8.4085737,47.3991298],[8.4085605,47.3991114],[8.4084464,47.3989444],[8.4084747,47.3988893],[8.4085443,47.398825]]}},{"type":"Feature","properties":{"layer":"road_network","edge_id":"1628190621:1299376350:0","source":"1628190621","target":"1299376350","osm_id":"26462519","highway":"residential","access":"","bridge":"","tunnel":"","length_m":61.04},"geometry":{"type":"LineString","coordinates":[[8.4212655,47.3973641],[8.4219735,47.3970965]]}},{"type":"Feature","properties":{"layer":"road_network","edge_id":"1659794310:854807183:0","source":"1659794310","target":"854807183","osm_id":"153273336","highway":"service","access":"","bridge":"","tunnel":"","length_m":27.78},"geometry":{"type":"LineString","coordinates":[[8.4160879,47.3938287],[8.4162114,47.3935933]]}},{"type":"Feature","properties":{"layer":"road_network","edge_id":"1659794311:854807183:0","source":"1659794311","target":"854807183","osm_id":"153273336","highway":"service","access":"","bridge":"","tunnel":"","length_m":6.68},"geometry":{"type":"LineString","coordinates":[[8.4160696,47.3938875],[8.4160879,47.3938287]]}},{"type":"Feature","properties":{"layer":"road_network","edge_id":"1659794311:1659794315:0","source":"1659794311","target":"1659794315","osm_id":"1450018991","highway":"service","access":"","bridge":"","tunnel":"","length_m":9.86},"geometry":{"type":"LineString","coordinates":[[8.4160445,47.3939745],[8.4160696,47.3938875]]}},{"type":"Feature","properties":{"layer":"road_network","edge_id":"1659794311:10816954869:0","source":"1659794311","target":"10816954869","osm_id":"584876043;534449866;1163112218","highway":"primary","access":"","bridge":"yes","tunnel":"","length_m":103.34},"geometry":{"type":"LineString","coordinates":[[8.4160696,47.3938875],[8.4161826,47.3939064],[8.4163942,47.3939535],[8.4164694,47.3939739],[8.4165906,47.394012],[8.4169005,47.3941223],[8.4171925,47.3942218],[8.4173198,47.3942644]]}},{"type":"Feature","properties":{"layer":"road_network","edge_id":"1659794315:1659794311:0","source":"1659794315","target":"1659794311","osm_id":"1450018991","highway":"service","access":"","bridge":"","tunnel":"","length_m":9.86},"geometry":{"type":"LineString","coordinates":[[8.4160445,47.3939745],[8.4160696,47.3938875]]}},{"type":"Feature","properties":{"layer":"road_network","edge_id":"1659794315:1659794323:0","source":"1659794315","target":"1659794323","osm_id":"534449864","highway":"primary","access":"","bridge":"","tunnel":"","length_m":89.38},"geometry":{"type":"LineString","coordinates":[[8.4160445,47.3939745],[8.4159132,47.3939577],[8.4157035,47.3939349],[8.415497,47.3939276],[8.4154076,47.3939283],[8.4153013,47.3939332],[8.4151739,47.3939435],[8.4150423,47.3939588],[8.4148701,47.3939859]]}},{"type":"Feature","properties":{"layer":"road_network","edge_id":"1659794323:1511932527:0","source":"1659794323","target":"1511932527","osm_id":"24888027","highway":"motorway_link","access":"","bridge":"","tunnel":"","length_m":11.99},"geometry":{"type":"LineString","coordinates":[[8.4148701,47.3939859],[8.4148274,47.3939725],[8.4147963,47.3939456],[8.4147734,47.3939068]]}},{"type":"Feature","properties":{"layer":"road_network","edge_id":"1659794323:1659794358:0","source":"1659794323","target":"1659794358","osm_id":"313592306;1221846220","highway":"primary","access":"","bridge":"","tunnel":"","length_m":99.58},"geometry":{"type":"LineString","coordinates":[[8.4148701,47.3939859],[8.4147238,47.3940223],[8.4145687,47.3940666],[8.4144221,47.3941125],[8.4142905,47.3941664],[8.4141396,47.3942283],[8.4138823,47.3943411],[8.4137994,47.3943688],[8.4137485,47.394382],[8.4136977,47.3943933]]}},{"type":"Feature","properties":{"layer":"road_network","edge_id":"1659794331:1659794334:0","source":"1659794331","target":"1659794334","osm_id":"153273335","highway":"service","access":"","bridge":"","tunnel":"","length_m":6.51},"geometry":{"type":"LineString","coordinates":[[8.4161646,47.3940592],[8.4161973,47.394005]]}},{"type":"Feature","properties":{"layer":"road_network","edge_id":"1659794331:1659794315:0","source":"1659794331","target":"1659794315","osm_id":"1450018992","highway":"primary","access":"","bridge":"","tunnel":"","length_m":12.0},"geometry":{"type":"LineString","coordinates":[[8.4161973,47.394005],[8.4161339,47.39399],[8.4160445,47.3939745]]}},{"type":"Feature","properties":{"layer":"road_network","edge_id":"1659794334:1659794331:0","source":"1659794334","target":"1659794331","osm_id":"153273335","highway":"service","access":"","bridge":"","tunnel":"","length_m":6.51},"geometry":{"type":"LineString","coordinates":[[8.4161646,47.3940592],[8.4161973,47.394005]]}},{"type":"Feature","properties":{"layer":"road_network","edge_id":"1659794334:1659794336:0","source":"1659794334","target":"1659794336","osm_id":"153273335","highway":"service","access":"","bridge":"","tunnel":"","length_m":6.56},"geometry":{"type":"LineString","coordinates":[[8.4161298,47.3941133],[8.4161646,47.3940592]]}},{"type":"Feature","properties":{"layer":"road_network","edge_id":"1659794336:1659794334:0","source":"1659794336","target":"1659794334","osm_id":"153273335","highway":"service","access":"","bridge":"","tunnel":"","length_m":6.56},"geometry":{"type":"LineString","coordinates":[[8.4161298,47.3941133],[8.4161646,47.3940592]]}},{"type":"Feature","properties":{"layer":"road_network","edge_id":"1659794348:1659794331:0","source":"1659794348","target":"1659794331","osm_id":"534449855;584876039","highway":"primary","access":"","bridge":"","tunnel":"","length_m":64.89},"geometry":{"type":"LineString","coordinates":[[8.4169724,47.3942572],[8.4166139,47.3941216],[8.4163786,47.3940479],[8.4161973,47.394005]]}},{"type":"Feature","properties":{"layer":"road_network","edge_id":"1659794350:1659794348:0","source":"1659794350","target":"1659794348","osm_id":"153273337","highway":"service","access":"","bridge":"","tunnel":"","length_m":7.57},"geometry":{"type":"LineString","coordinates":[[8.4169724,47.3942572],[8.4169736,47.3943253]]}},{"type":"Feature","properties":{"layer":"road_network","edge_id":"1659794358:856773411:0","source":"1659794358","target":"856773411","osm_id":"1395793841","highway":"primary","access":"","bridge":"","tunnel":"","length_m":20.81},"geometry":{"type":"LineString","coordinates":[[8.4134666,47.394496],[8.4136977,47.3943933]]}},{"type":"Feature","properties":{"layer":"road_network","edge_id":"1659794358:462249373:0","source":"1659794358","target":"462249373","osm_id":"1221847838","highway":"primary","access":"","bridge":"","tunnel":"","length_m":11.13},"geometry":{"type":"LineString","coordinates":[[8.4136977,47.3943933],[8.4137502,47.3943475],[8.413792,47.3943163]]}},{"type":"Feature","properties":{"layer":"road_network","edge_id":"1659794362:1659794364:0","source":"1659794362","target":"1659794364","osm_id":"153273337","highway":"service","access":"","bridge":"","tunnel":"","length_m":17.07},"geometry":{"type":"LineString","coordinates":[[8.417436,47.3944189],[8.4173675,47.3944453],[8.4172715,47.3944094],[8.417235,47.3944172]]}},{"type":"Feature","properties":{"layer":"road_network","edge_id":"1659794362:1659794348:0","source":"1659794362","target":"1659794348","osm_id":"1450018987;584876039","highway":"primary","access":"","bridge":"yes","tunnel":"","length_m":39.26},"geometry":{"type":"LineString","coordinates":[[8.417436,47.3944189],[8.4173791,47.3944001],[8.4169724,47.3942572]]}},{"type":"Feature","properties":{"layer":"road_network","edge_id":"1659794364:1659794350:1","source":"1659794364","target":"1659794350","osm_id":"153273337","highway":"service","access":"","bridge":"","tunnel":"","length_m":25.0},"geometry":{"type":"LineString","coordinates":[[8.417235,47.3944172],[8.4171917,47.394429],[8.4169784,47.394357],[8.4169736,47.3943253]]}},{"type":"Feature","properties":{"layer":"road_network","edge_id":"1659794372:10816954870:0","source":"1659794372","target":"10816954870","osm_id":"27009602","highway":"primary","access":"","bridge":"yes","tunnel":"","length_m":12.44},"geometry":{"type":"LineString","coordinates":[[8.4177684,47.3944195],[8.4177731,47.3945313]]}},{"type":"Feature","properties":{"layer":"road_network","edge_id":"1659794372:10816954876:0","source":"1659794372","target":"10816954876","osm_id":"153273331","highway":"primary","access":"","bridge":"yes","tunnel":"","length_m":13.3},"geometry":{"type":"LineString","coordinates":[[8.4177731,47.3945313],[8.417637,47.3944846],[8.4176155,47.3944772]]}},{"type":"Feature","properties":{"layer":"road_network","edge_id":"1659794374:856773411:0","source":"1659794374","target":"856773411","osm_id":"72071914","highway":"service","access":"","bridge":"","tunnel":"","length_m":4.51},"geometry":{"type":"LineString","coordinates":[[8.4134666,47.394496],[8.4134968,47.394531]]}},{"type":"Feature","properties":{"layer":"road_network","edge_id":"1659794374:856773419:0","source":"1659794374","target":"856773419","osm_id":"72071914","highway":"service","access":"","bridge":"","tunnel":"","length_m":22.96},"geometry":{"type":"LineString","coordinates":[[8.4134968,47.394531],[8.4134189,47.3946132],[8.4133272,47.3947026]]}},{"type":"Feature","properties":{"layer":"road_network","edge_id":"1659794381:59488147:0","source":"1659794381","target":"59488147","osm_id":"313592302","highway":"motorway_link","access":"","bridge":"","tunnel":"","length_m":311.56},"geometry":{"type":"LineString","coordinates":[[8.4191852,47.3946912],[8.419218,47.3946547],[8.4192714,47.3945772],[8.4192931,47.3945028],[8.4193041,47.3944166],[8.4192864,47.3943499],[8.419255,47.3942886],[8.4191842,47.3942182],[8.4191068,47.3941744],[8.4190011,47.3941355],[8.4189137,47.3941171],[8.4188251,47.3941087],[8.418728,47.3941173],[8.4186379,47.3941338],[8.4185584,47.3941626],[8.4184802,47.394203],[8.4184335,47.3942341],[8.418386,47.3942776],[8.4183566,47.3943205],[8.4183337,47.3943615],[8.4183095,47.3944134],[8.4182875,47.3944921],[8.4182844,47.3945489],[8.418285,47.3946197],[8.4182918,47.3946714],[8.4183102,47.3947318],[8.4183385,47.3947869],[8.4183878,47.394851],[8.4185016,47.3949714],[8.4187383,47.3952097],[8.4188588,47.3953378],[8.4189741,47.3954606],[8.4191057,47.3956152],[8.4191811,47.3957693]]}},{"type":"Feature","properties":{"layer":"road_network","edge_id":"1659794405:462683477:0","source":"1659794405","target":"462683477","osm_id":"15805300","highway":"motorway_link","access":"","bridge":"","tunnel":"","length_m":10.7},"geometry":{"type":"LineString","coordinates":[[8.4190478,47.394975],[8.4190774,47.3948809]]}},{"type":"Feature","properties":{"layer":"road_network","edge_id":"1659794405:1659794372:0","source":"1659794405","target":"1659794372","osm_id":"313592304;153273332","highway":"primary","access":"","bridge":"yes","tunnel":"","length_m":107.89},"geometry":{"type":"LineString","coordinates":[[8.4190478,47.394975],[8.4184578,47.3947704],[8.4177731,47.3945313]]}},{"type":"Feature","properties":{"layer":"road_network","edge_id":"1672660385:429303756:0","source":"1672660385","target":"429303756","osm_id":"36913545","highway":"track","access":"","bridge":"","tunnel":"","length_m":6.1},"geometry":{"type":"LineString","coordinates":[[8.4209539,47.4016924],[8.4209667,47.4017466]]}},{"type":"Feature","properties":{"layer":"road_network","edge_id":"1672660385:432630738:0","source":"1672660385","target":"432630738","osm_id":"1183359779;1164894171","highway":"track","access":"","bridge":"","tunnel":"","length_m":143.75},"geometry":{"type":"LineString","coordinates":[[8.4209539,47.4016924],[8.4209355,47.4016293],[8.4209019,47.4015428],[8.4208366,47.4014962],[8.420731,47.4014754],[8.4199983,47.4014595],[8.4192535,47.4014547]]}},{"type":"Feature","properties":{"layer":"road_network","edge_id":"1695860065:5068166943:0","source":"1695860065","target":"5068166943","osm_id":"38913456","highway":"residential","access":"","bridge":"","tunnel":"","length_m":93.32},"geometry":{"type":"LineString","coordinates":[[8.4159056,47.3965697],[8.4160932,47.3957401]]}},{"type":"Feature","properties":{"layer":"road_network","edge_id":"1695860065:2975441534:0","source":"1695860065","target":"2975441534","osm_id":"38913456","highway":"residential","access":"","bridge":"","tunnel":"","length_m":109.82},"geometry":{"type":"LineString","coordinates":[[8.4159056,47.3965697],[8.4157891,47.3970213],[8.4156572,47.3973894],[8.4155954,47.3975339]]}},{"type":"Feature","properties":{"layer":"road_network","edge_id":"1696081686:1696081690:0","source":"1696081686","target":"1696081690","osm_id":"157386250","highway":"service","access":"","bridge":"","tunnel":"","length_m":14.53},"geometry":{"type":"LineString","coordinates":[[8.4073632,47.398118],[8.407404,47.3982457]]}},{"type":"Feature","properties":{"layer":"road_network","edge_id":"1696081686:1696090173:0","source":"1696081686","target":"1696090173","osm_id":"148953196","highway":"residential","access":"","bridge":"","tunnel":"","length_m":44.68},"geometry":{"type":"LineString","coordinates":[[8.407404,47.3982457],[8.4070208,47.3983531],[8.4068617,47.3984084]]}},{"type":"Feature","properties":{"layer":"road_network","edge_id":"1696081686:428085469:0","source":"1696081686","target":"428085469","osm_id":"148953196;1164841101","highway":"residential;service","access":"","bridge":"","tunnel":"","length_m":113.65},"geometry":{"type":"LineString","coordinates":[[8.407404,47.3982457],[8.4074503,47.3982327],[8.4076441,47.3981874],[8.4077922,47.3981605],[8.407986,47.3981252],[8.4083208,47.3980678],[8.4085428,47.3980226],[8.408851,47.397956]]}},{"type":"Feature","properties":{"layer":"road_network","edge_id":"1696081690:1696081686:0","source":"1696081690","target":"1696081686","osm_id":"157386250","highway":"service","access":"","bridge":"","tunnel":"","length_m":14.53},"geometry":{"type":"LineString","coordinates":[[8.4073632,47.398118],[8.407404,47.3982457]]}},{"type":"Feature","properties":{"layer":"road_network","edge_id":"1696081690:1719669005:0","source":"1696081690","target":"1719669005","osm_id":"159890281","highway":"service","access":"","bridge":"","tunnel":"","length_m":34.95},"geometry":{"type":"LineString","coordinates":[[8.4073632,47.398118],[8.4077929,47.3979988]]}},{"type":"Feature","properties":{"layer":"road_network","edge_id":"1696090171:1696090173:0","source":"1696090171","target":"1696090173","osm_id":"148953196","highway":"residential","access":"","bridge":"","tunnel":"","length_m":53.64},"geometry":{"type":"LineString","coordinates":[[8.4062311,47.3986332],[8.4066747,47.3984734],[8.4068425,47.3984151],[8.4068617,47.3984084]]}},{"type":"Feature","properties":{"layer":"road_network","edge_id":"1696090173:1696090171:0","source":"1696090173","target":"1696090171","osm_id":"148953196","highway":"residential","access":"","bridge":"","tunnel":"","length_m":53.64},"geometry":{"type":"LineString","coordinates":[[8.4068617,47.3984084],[8.4068425,47.3984151],[8.4066747,47.3984734],[8.4062311,47.3986332]]}},{"type":"Feature","properties":{"layer":"road_network","edge_id":"1696090173:1696081686:0","source":"1696090173","target":"1696081686","osm_id":"148953196","highway":"residential","access":"","bridge":"","tunnel":"","length_m":44.68},"geometry":{"type":"LineString","coordinates":[[8.4068617,47.3984084],[8.4070208,47.3983531],[8.407404,47.3982457]]}},{"type":"Feature","properties":{"layer":"road_network","edge_id":"1713288140:1713288149:0","source":"1713288140","target":"1713288149","osm_id":"38913205","highway":"residential","access":"","bridge":"","tunnel":"","length_m":27.3},"geometry":{"type":"LineString","coordinates":[[8.4173016,47.3921884],[8.4173465,47.392432]]}},{"type":"Feature","properties":{"layer":"road_network","edge_id":"1713288140:4963219711:0","source":"1713288140","target":"4963219711","osm_id":"38913205","highway":"residential","access":"","bridge":"","tunnel":"","length_m":30.93},"geometry":{"type":"LineString","coordinates":[[8.4173016,47.3921884],[8.417269,47.3920226],[8.4174318,47.3920102]]}},{"type":"Feature","properties":{"layer":"road_network","edge_id":"1713288142:10818834361:0","source":"1713288142","target":"10818834361","osm_id":"159235874","highway":"service","access":"","bridge":"","tunnel":"","length_m":5.36},"geometry":{"type":"LineString","coordinates":[[8.4182144,47.392299],[8.4182846,47.3923073]]}},{"type":"Feature","properties":{"layer":"road_network","edge_id":"1713288142:13718667549:0","source":"1713288142","target":"13718667549","osm_id":"1416303241","highway":"secondary","access":"","bridge":"","tunnel":"","length_m":35.76},"geometry":{"type":"LineString","coordinates":[[8.4182846,47.3923073],[8.4183761,47.3919917]]}},{"type":"Feature","properties":{"layer":"road_network","edge_id":"1713288142:4963219716:0","source":"1713288142","target":"4963219716","osm_id":"1416303241","highway":"secondary","access":"","bridge":"","tunnel":"","length_m":9.8},"geometry":{"type":"LineString","coordinates":[[8.4182588,47.3923937],[8.4182846,47.3923073]]}},{"type":"Feature","properties":{"layer":"road_network","edge_id":"1713288149:462264965:0","source":"1713288149","target":"462264965","osm_id":"38913205","highway":"residential","access":"","bridge":"","tunnel":"","length_m":6.42},"geometry":{"type":"LineString","coordinates":[[8.4173465,47.392432],[8.417357,47.3924893]]}},{"type":"Feature","properties":{"layer":"road_network","edge_id":"1713288149:1713288140:0","source":"1713288149","target":"1713288140","osm_id":"38913205","highway":"residential","access":"","bridge":"","tunnel":"","length_m":27.3},"geometry":{"type":"LineString","coordinates":[[8.4173016,47.3921884],[8.4173465,47.392432]]}},{"type":"Feature","properties":{"layer":"road_network","edge_id":"1713288149:10818834361:0","source":"1713288149","target":"10818834361","osm_id":"159235874","highway":"service","access":"","bridge":"","tunnel":"","length_m":67.12},"geometry":{"type":"LineString","coordinates":[[8.4173465,47.392432],[8.4181418,47.3922995],[8.4182144,47.392299]]}},{"type":"Feature","properties":{"layer":"road_network","edge_id":"1713288154:3203345867:0","source":"1713288154","target":"3203345867","osm_id":"159235872","highway":"service","access":"","bridge":"","tunnel":"","length_m":5.67},"geometry":{"type":"LineString","coordinates":[[8.4180404,47.3928798],[8.4181155,47.3928763]]}},{"type":"Feature","properties":{"layer":"road_network","edge_id":"1713288154:4963219716:0","source":"1713288154","target":"4963219716","osm_id":"85395561;1416303241","highway":"secondary","access":"","bridge":"","tunnel":"","length_m":54.74},"geometry":{"type":"LineString","coordinates":[[8.4181155,47.3928763],[8.4182196,47.3925201],[8.4182588,47.3923937]]}},{"type":"Feature","properties":{"layer":"road_network","edge_id":"1713288154:8119588215:0","source":"1713288154","target":"8119588215","osm_id":"85395561","highway":"secondary","access":"","bridge":"","tunnel":"","length_m":5.18},"geometry":{"type":"LineString","coordinates":[[8.4181155,47.3928763],[8.418112,47.3928913],[8.4181048,47.3929223]]}},{"type":"Feature","properties":{"layer":"road_network","edge_id":"1713288155:3203345867:0","source":"1713288155","target":"3203345867","osm_id":"159235872","highway":"service","access":"","bridge":"","tunnel":"","length_m":87.24},"geometry":{"type":"LineString","coordinates":[[8.4169123,47.3930596],[8.4180404,47.3928798]]}},{"type":"Feature","properties":{"layer":"road_network","edge_id":"1714140778:428085469:0","source":"1714140778","target":"428085469","osm_id":"36827168","highway":"track","access":"","bridge":"","tunnel":"","length_m":136.82},"geometry":{"type":"LineString","coordinates":[[8.4081293,47.3968271],[8.4081991,47.3969262],[8.4088297,47.3979089],[8.408851,47.397956]]}},{"type":"Feature","properties":{"layer":"road_network","edge_id":"1714140778:731543016:0","source":"1714140778","target":"731543016","osm_id":"978512666","highway":"track","access":"","bridge":"","tunnel":"","length_m":28.46},"geometry":{"type":"LineString","coordinates":[[8.4081293,47.3968271],[8.4083508,47.3967664],[8.4084063,47.3967595],[8.4084889,47.3967565]]}},{"type":"Feature","properties":{"layer":"road_network","edge_id":"1714140778:9053369243:0","source":"1714140778","target":"9053369243","osm_id":"978512669","highway":"track","access":"","bridge":"","tunnel":"","length_m":80.96},"geometry":{"type":"LineString","coordinates":[[8.4081293,47.3968271],[8.4080237,47.3968439],[8.4076628,47.3969557],[8.4071229,47.3970799]]}},{"type":"Feature","properties":{"layer":"road_network","edge_id":"1719669005:1696081690:0","source":"1719669005","target":"1696081690","osm_id":"159890281","highway":"service","access":"","bridge":"","tunnel":"","length_m":34.95},"geometry":{"type":"LineString","coordinates":[[8.4073632,47.398118],[8.4077929,47.3979988]]}},{"type":"Feature","properties":{"layer":"road_network","edge_id":"1870531068:289986546:0","source":"1870531068","target":"289986546","osm_id":"26461548","highway":"service","access":"","bridge":"","tunnel":"","length_m":9.86},"geometry":{"type":"LineString","coordinates":[[8.4196499,47.3985382],[8.4197022,47.3986195]]}},{"type":"Feature","properties":{"layer":"road_network","edge_id":"1870531068:514389358:0","source":"1870531068","target":"514389358","osm_id":"26461548","highway":"service","access":"","bridge":"","tunnel":"","length_m":17.94},"geometry":{"type":"LineString","coordinates":[[8.4196499,47.3985382],[8.4196434,47.3985032],[8.4196808,47.3983797]]}},{"type":"Feature","properties":{"layer":"road_network","edge_id":"1968485731:357848879:0","source":"1968485731","target":"357848879","osm_id":"36908765","highway":"track","access":"","bridge":"","tunnel":"","length_m":37.82},"geometry":{"type":"LineString","coordinates":[[8.4216981,47.3997842],[8.421289,47.3997986],[8.4211965,47.3997931]]}},{"type":"Feature","properties":{"layer":"road_network","edge_id":"1968485731:289985889:0","source":"1968485731","target":"289985889","osm_id":"36908765;843992461","highway":"track;path","access":"","bridge":"","tunnel":"","length_m":51.0},"geometry":{"type":"LineString","coordinates":[[8.4216981,47.3997842],[8.4219772,47.3997748],[8.4218083,47.3996115],[8.4217738,47.3995453]]}},{"type":"Feature","properties":{"layer":"road_network","edge_id":"2194345187:10833792065:0","source":"2194345187","target":"10833792065","osm_id":"1164841103","highway":"service","access":"","bridge":"","tunnel":"","length_m":5.16},"geometry":{"type":"LineString","coordinates":[[8.4115092,47.3982977],[8.4115322,47.3983414]]}},{"type":"Feature","properties":{"layer":"road_network","edge_id":"2194345187:428089585:0","source":"2194345187","target":"428089585","osm_id":"1164841097;38913541","highway":"footway;service","access":"","bridge":"","tunnel":"","length_m":111.21},"geometry":{"type":"LineString","coordinates":[[8.4115092,47.3982977],[8.4114655,47.3982165],[8.4114717,47.3978416],[8.4115145,47.3973036]]}},{"type":"Feature","properties":{"layer":"road_network","edge_id":"2595125676:9724554633:0","source":"2595125676","target":"9724554633","osm_id":"28944022","highway":"tertiary","access":"","bridge":"","tunnel":"","length_m":8.69},"geometry":{"type":"LineString","coordinates":[[8.4062657,47.4022199],[8.4063399,47.4022798]]}},{"type":"Feature","properties":{"layer":"road_network","edge_id":"2962678135:316823057:0","source":"2962678135","target":"316823057","osm_id":"36827359","highway":"residential","access":"","bridge":"","tunnel":"","length_m":69.1},"geometry":{"type":"LineString","coordinates":[[8.4092016,47.4002189],[8.4093063,47.3996015]]}},{"type":"Feature","properties":{"layer":"road_network","edge_id":"2962678135:422690946:0","source":"2962678135","target":"422690946","osm_id":"36827359","highway":"residential","access":"","bridge":"","tunnel":"","length_m":65.22},"geometry":{"type":"LineString","coordinates":[[8.4092016,47.4002189],[8.4091143,47.4006636],[8.4091353,47.40073],[8.4091891,47.4007898]]}},{"type":"Feature","properties":{"layer":"road_network","edge_id":"2962678135:2962678439:0","source":"2962678135","target":"2962678439","osm_id":"292737034","highway":"service","access":"","bridge":"","tunnel":"","length_m":74.92},"geometry":{"type":"LineString","coordinates":[[8.4092016,47.4002189],[8.4088994,47.4001179],[8.4086756,47.4000443],[8.4085278,47.3999927],[8.4084695,47.399953],[8.4084795,47.3999061],[8.4084971,47.399846]]}},{"type":"Feature","properties":{"layer":"road_network","edge_id":"2962678439:2962678135:0","source":"2962678439","target":"2962678135","osm_id":"292737034","highway":"service","access":"","bridge":"","tunnel":"","length_m":74.92},"geometry":{"type":"LineString","coordinates":[[8.4084971,47.399846],[8.4084795,47.3999061],[8.4084695,47.399953],[8.4085278,47.3999927],[8.4086756,47.4000443],[8.4088994,47.4001179],[8.4092016,47.4002189]]}},{"type":"Feature","properties":{"layer":"road_network","edge_id":"2964170532:7641100285:0","source":"2964170532","target":"7641100285","osm_id":"292854426","highway":"service","access":"","bridge":"","tunnel":"","length_m":86.88},"geometry":{"type":"LineString","coordinates":[[8.4120583,47.3990549],[8.4119273,47.3991199],[8.411987,47.3992106],[8.4124473,47.399616],[8.4124762,47.3996736]]}},{"type":"Feature","properties":{"layer":"road_network","edge_id":"2964171745:316822984:0","source":"2964171745","target":"316822984","osm_id":"28817318","highway":"tertiary","access":"","bridge":"","tunnel":"","length_m":56.68},"geometry":{"type":"LineString","coordinates":[[8.4131821,47.3994098],[8.4132149,47.3993793],[8.4133315,47.3992605],[8.4136223,47.3989964]]}},{"type":"Feature","properties":{"layer":"road_network","edge_id":"2964171745:316822983:0","source":"2964171745","target":"316822983","osm_id":"1058274901","highway":"tertiary","access":"","bridge":"","tunnel":"","length_m":10.07},"geometry":{"type":"LineString","coordinates":[[8.4131821,47.3994098],[8.413189,47.3994619],[8.413196,47.3994999]]}},{"type":"Feature","properties":{"layer":"road_network","edge_id":"2964171771:8762790819:0","source":"2964171771","target":"8762790819","osm_id":"1244177534","highway":"tertiary","access":"","bridge":"","tunnel":"","length_m":11.14},"geometry":{"type":"LineString","coordinates":[[8.4111307,47.3998674],[8.4111679,47.3999067],[8.4112289,47.3999408]]}},{"type":"Feature","properties":{"layer":"road_network","edge_id":"2975440936:12803734558:0","source":"2975440936","target":"12803734558","osm_id":"293967634","highway":"service","access":"","bridge":"","tunnel":"","length_m":35.1},"geometry":{"type":"LineString","coordinates":[[8.4180556,47.3986239],[8.4181798,47.3989282]]}},{"type":"Feature","properties":{"layer":"road_network","edge_id":"2975441042:296055257:0","source":"2975441042","target":"296055257","osm_id":"90128279","highway":"secondary","access":"","bridge":"","tunnel":"","length_m":32.91},"geometry":{"type":"LineString","coordinates":[[8.41779,47.3990846],[8.4182131,47.3990098]]}},{"type":"Feature","properties":{"layer":"road_network","edge_id":"2975441042:12803734558:0","source":"2975441042","target":"12803734558","osm_id":"293967634","highway":"service","access":"","bridge":"","tunnel":"","length_m":9.41},"geometry":{"type":"LineString","coordinates":[[8.4181798,47.3989282],[8.4182131,47.3990098]]}},{"type":"Feature","properties":{"layer":"road_network","edge_id":"2975441042:5543504263:0","source":"2975441042","target":"5543504263","osm_id":"90128279","highway":"secondary","access":"","bridge":"","tunnel":"","length_m":53.7},"geometry":{"type":"LineString","coordinates":[[8.4182131,47.3990098],[8.4183626,47.3989808],[8.4187634,47.3988898],[8.4188906,47.3988588]]}},{"type":"Feature","properties":{"layer":"road_network","edge_id":"2975441239:2975441534:0","source":"2975441239","target":"2975441534","osm_id":"293967635","highway":"service","access":"","bridge":"","tunnel":"","length_m":47.95},"geometry":{"type":"LineString","coordinates":[[8.4150155,47.3973676],[8.4151164,47.3974187],[8.4152365,47.3974621],[8.4154916,47.3975198],[8.4155954,47.3975339]]}},{"type":"Feature","properties":{"layer":"road_network","edge_id":"2975441534:316823082:0","source":"2975441534","target":"316823082","osm_id":"38913456","highway":"residential","access":"","bridge":"","tunnel":"","length_m":19.42},"geometry":{"type":"LineString","coordinates":[[8.4155954,47.3975339],[8.4155778,47.3976055],[8.4155693,47.3976682],[8.4155659,47.3977072]]}},{"type":"Feature","properties":{"layer":"road_network","edge_id":"2975441534:1695860065:0","source":"2975441534","target":"1695860065","osm_id":"38913456","highway":"residential","access":"","bridge":"","tunnel":"","length_m":109.82},"geometry":{"type":"LineString","coordinates":[[8.4155954,47.3975339],[8.4156572,47.3973894],[8.4157891,47.3970213],[8.4159056,47.3965697]]}},{"type":"Feature","properties":{"layer":"road_network","edge_id":"2975441534:2975441239:0","source":"2975441534","target":"2975441239","osm_id":"293967635","highway":"service","access":"","bridge":"","tunnel":"","length_m":47.95},"geometry":{"type":"LineString","coordinates":[[8.4155954,47.3975339],[8.4154916,47.3975198],[8.4152365,47.3974621],[8.4151164,47.3974187],[8.4150155,47.3973676]]}},{"type":"Feature","properties":{"layer":"road_network","edge_id":"3003599460:462252436:0","source":"3003599460","target":"462252436","osm_id":"38911767","highway":"residential","access":"","bridge":"","tunnel":"","length_m":9.31},"geometry":{"type":"LineString","coordinates":[[8.4193462,47.3938497],[8.4194154,47.3939191]]}},{"type":"Feature","properties":{"layer":"road_network","edge_id":"3003599460:4963219673:0","source":"3003599460","target":"4963219673","osm_id":"38911767","highway":"residential","access":"","bridge":"","tunnel":"","length_m":65.85},"geometry":{"type":"LineString","coordinates":[[8.4193462,47.3938497],[8.4193208,47.3938102],[8.4192826,47.3937342],[8.4192579,47.3936141],[8.4192669,47.3935153],[8.4192787,47.3934801],[8.4193122,47.393372],[8.4193208,47.3933043],[8.4193023,47.3932726]]}},{"type":"Feature","properties":{"layer":"road_network","edge_id":"3003599460:3003599461:0","source":"3003599460","target":"3003599461","osm_id":"296565441","highway":"service","access":"","bridge":"","tunnel":"","length_m":23.12},"geometry":{"type":"LineString","coordinates":[[8.4193462,47.3938497],[8.4192088,47.3938687],[8.4190462,47.3938433]]}},{"type":"Feature","properties":{"layer":"road_network","edge_id":"3003599461:3003599460:0","source":"3003599461","target":"3003599460","osm_id":"296565441","highway":"service","access":"","bridge":"","tunnel":"","length_m":23.12},"geometry":{"type":"LineString","coordinates":[[8.4190462,47.3938433],[8.4192088,47.3938687],[8.4193462,47.3938497]]}},{"type":"Feature","properties":{"layer":"road_network","edge_id":"3055694137:3055694139:0","source":"3055694137","target":"3055694139","osm_id":"301503241","highway":"service","access":"","bridge":"","tunnel":"","length_m":51.4},"geometry":{"type":"LineString","coordinates":[[8.4188483,47.3931842],[8.4188246,47.393292],[8.4187691,47.393314],[8.4183123,47.393297]]}},{"type":"Feature","properties":{"layer":"road_network","edge_id":"3055694137:8762296563:0","source":"3055694137","target":"8762296563","osm_id":"506619574","highway":"service","access":"","bridge":"","tunnel":"","length_m":13.64},"geometry":{"type":"LineString","coordinates":[[8.4188483,47.3931842],[8.4188599,47.3931224],[8.4188645,47.3930955],[8.4188656,47.3930622]]}},{"type":"Feature","properties":{"layer":"road_network","edge_id":"3055694137:4963219673:0","source":"3055694137","target":"4963219673","osm_id":"720165052","highway":"residential","access":"","bridge":"","tunnel":"","length_m":36.56},"geometry":{"type":"LineString","coordinates":[[8.4188483,47.3931842],[8.419064,47.3932082],[8.4192061,47.3932234],[8.4192551,47.3932377],[8.4193023,47.3932726]]}},{"type":"Feature","properties":{"layer":"road_network","edge_id":"3055694137:9355352937:0","source":"3055694137","target":"9355352937","osm_id":"720165052","highway":"residential","access":"","bridge":"","tunnel":"","length_m":32.29},"geometry":{"type":"LineString","coordinates":[[8.4188483,47.3931842],[8.4187273,47.3931733],[8.4184642,47.393167],[8.4184206,47.393166]]}},{"type":"Feature","properties":{"layer":"road_network","edge_id":"3055694139:3055694137:0","source":"3055694139","target":"3055694137","osm_id":"301503241","highway":"service","access":"","bridge":"","tunnel":"","length_m":51.4},"geometry":{"type":"LineString","coordinates":[[8.4183123,47.393297],[8.4187691,47.393314],[8.4188246,47.393292],[8.4188483,47.3931842]]}},{"type":"Feature","properties":{"layer":"road_network","edge_id":"3077004817:4963219692:0","source":"3077004817","target":"4963219692","osm_id":"38911767","highway":"residential","access":"","bridge":"","tunnel":"","length_m":85.69},"geometry":{"type":"LineString","coordinates":[[8.420541,47.3943298],[8.4215587,47.3946752]]}},{"type":"Feature","properties":{"layer":"road_network","edge_id":"3077004817:5225305757:0","source":"3077004817","target":"5225305757","osm_id":"540059248","highway":"service","access":"","bridge":"","tunnel":"","length_m":6.47},"geometry":{"type":"LineString","coordinates":[[8.4215587,47.3946752],[8.4215947,47.3946224]]}},{"type":"Feature","properties":{"layer":"road_network","edge_id":"3203345799:6587362940:0","source":"3203345799","target":"6587362940","osm_id":"506619572","highway":"service","access":"","bridge":"","tunnel":"","length_m":5.48},"geometry":{"type":"LineString","coordinates":[[8.4184186,47.3915469],[8.4184908,47.3915535]]}},{"type":"Feature","properties":{"layer":"road_network","edge_id":"3203345799:173508656:0","source":"3203345799","target":"173508656","osm_id":"1416303240;1163112213","highway":"secondary","access":"","bridge":"","tunnel":"","length_m":29.44},"geometry":{"type":"LineString","coordinates":[[8.4184908,47.3915535],[8.4184769,47.3916433],[8.4184307,47.3918149]]}},{"type":"Feature","properties":{"layer":"road_network","edge_id":"3203345867:1713288154:0","source":"3203345867","target":"1713288154","osm_id":"159235872","highway":"service","access":"","bridge":"","tunnel":"","length_m":5.67},"geometry":{"type":"LineString","coordinates":[[8.4180404,47.3928798],[8.4181155,47.3928763]]}},{"type":"Feature","properties":{"layer":"road_network","edge_id":"3203345867:1713288155:0","source":"3203345867","target":"1713288155","osm_id":"159235872","highway":"service","access":"","bridge":"","tunnel":"","length_m":87.24},"geometry":{"type":"LineString","coordinates":[[8.4169123,47.3930596],[8.4180404,47.3928798]]}},{"type":"Feature","properties":{"layer":"road_network","edge_id":"3220515361:308640531:0","source":"3220515361","target":"308640531","osm_id":"26461553;28097495","highway":"residential;unclassified","access":"","bridge":"","tunnel":"","length_m":79.69},"geometry":{"type":"LineString","coordinates":[[8.4216607,47.3992084],[8.4217012,47.3994438],[8.4216977,47.3994916],[8.4216725,47.3995468],[8.4216125,47.3995957],[8.4215416,47.3996332],[8.4214632,47.3996619],[8.4211842,47.399674]]}},{"type":"Feature","properties":{"layer":"road_network","edge_id":"3220515361:462251761:0","source":"3220515361","target":"462251761","osm_id":"26461552;26461553;26461506","highway":"residential","access":"","bridge":"yes","tunnel":"","length_m":78.34},"geometry":{"type":"LineString","coordinates":[[8.4216607,47.3992084],[8.421653,47.3991627],[8.42161,47.3989458],[8.4215495,47.3987169],[8.4214883,47.3985438],[8.4214747,47.3985161]]}},{"type":"Feature","properties":{"layer":"road_network","edge_id":"3283880507:854806966:0","source":"3283880507","target":"854806966","osm_id":"321822125","highway":"service","access":"","bridge":"","tunnel":"","length_m":11.94},"geometry":{"type":"LineString","coordinates":[[8.4117357,47.3958224],[8.4117779,47.3957189]]}},{"type":"Feature","properties":{"layer":"road_network","edge_id":"3283880507:3283881268:0","source":"3283880507","target":"3283881268","osm_id":"321638189","highway":"service","access":"","bridge":"","tunnel":"","length_m":252.08},"geometry":{"type":"LineString","coordinates":[[8.4117779,47.3957189],[8.4115055,47.3958007],[8.4099092,47.3963396],[8.4098047,47.3964115],[8.4090682,47.3967219],[8.409008,47.3967721],[8.4089412,47.3968668]]}},{"type":"Feature","properties":{"layer":"road_network","edge_id":"3283880507:856773419:0","source":"3283880507","target":"856773419","osm_id":"321822125","highway":"service","access":"","bridge":"","tunnel":"","length_m":181.54},"geometry":{"type":"LineString","coordinates":[[8.4117779,47.3957189],[8.4117917,47.3956783],[8.4116995,47.3955605],[8.4116714,47.3955024],[8.4117165,47.395441],[8.4121412,47.3951599],[8.4122883,47.3950809],[8.4125209,47.394993],[8.4128293,47.3948901],[8.4133272,47.3947026]]}},{"type":"Feature","properties":{"layer":"road_network","edge_id":"3283881268:428085352:0","source":"3283881268","target":"428085352","osm_id":"36827201","highway":"track","access":"","bridge":"","tunnel":"","length_m":140.89},"geometry":{"type":"LineString","coordinates":[[8.4089412,47.3968668],[8.4090913,47.3969158],[8.4096034,47.3970965],[8.4096578,47.3971219],[8.4097141,47.3971719],[8.4097619,47.3972208],[8.409792,47.3972703],[8.4098051,47.397331],[8.4098042,47.3973876],[8.4097749,47.3974733],[8.4097187,47.3975749],[8.4096059,47.3977673],[8.4096024,47.3977893]]}},{"type":"Feature","properties":{"layer":"road_network","edge_id":"3283881268:731543016:0","source":"3283881268","target":"731543016","osm_id":"36827201","highway":"track","access":"","bridge":"","tunnel":"","length_m":36.45},"geometry":{"type":"LineString","coordinates":[[8.4089412,47.3968668],[8.4087341,47.3967992],[8.4086069,47.3967684],[8.4084889,47.3967565]]}},{"type":"Feature","properties":{"layer":"road_network","edge_id":"3283881268:3283880507:0","source":"3283881268","target":"3283880507","osm_id":"321638189","highway":"service","access":"","bridge":"","tunnel":"","length_m":252.08},"geometry":{"type":"LineString","coordinates":[[8.4089412,47.3968668],[8.409008,47.3967721],[8.4090682,47.3967219],[8.4098047,47.3964115],[8.4099092,47.3963396],[8.4115055,47.3958007],[8.4117779,47.3957189]]}},{"type":"Feature","properties":{"layer":"road_network","edge_id":"3285979769:854806966:0","source":"3285979769","target":"854806966","osm_id":"321828900","highway":"service","access":"","bridge":"","tunnel":"","length_m":137.44},"geometry":{"type":"LineString","coordinates":[[8.4101449,47.3964169],[8.4115403,47.3959436],[8.4115991,47.3959112],[8.4117357,47.3958224]]}},{"type":"Feature","properties":{"layer":"road_network","edge_id":"3310761978:6022374887:1","source":"3310761978","target":"6022374887","osm_id":"1229987282;639078275;637079454","highway":"steps;footway","access":"","bridge":"","tunnel":"yes","length_m":30.14},"geometry":{"type":"LineString","coordinates":[[8.4193063,47.3989098],[8.419297,47.3988824],[8.4194795,47.3988549],[8.4196472,47.3988292]]}},{"type":"Feature","properties":{"layer":"road_network","edge_id":"3949927035:9724408555:0","source":"3949927035","target":"9724408555","osm_id":"28817333","highway":"residential","access":"","bridge":"","tunnel":"","length_m":15.28},"geometry":{"type":"LineString","coordinates":[[8.4176036,47.3975696],[8.4175906,47.3976337],[8.4175795,47.397706]]}},{"type":"Feature","properties":{"layer":"road_network","edge_id":"3949927035:13252100167:0","source":"3949927035","target":"13252100167","osm_id":"28817333","highway":"residential","access":"","bridge":"","tunnel":"","length_m":92.11},"geometry":{"type":"LineString","coordinates":[[8.4176036,47.3975696],[8.4177069,47.3970622],[8.417735,47.3969253],[8.4177556,47.3967955],[8.4177593,47.3967482]]}},{"type":"Feature","properties":{"layer":"road_network","edge_id":"3949927036:9724408555:0","source":"3949927036","target":"9724408555","osm_id":"1183639121","highway":"tertiary","access":"","bridge":"","tunnel":"","length_m":16.78},"geometry":{"type":"LineString","coordinates":[[8.4173566,47.3977056],[8.4175147,47.397706],[8.4175517,47.397706],[8.4175795,47.397706]]}},{"type":"Feature","properties":{"layer":"road_network","edge_id":"3949927036:316823082:0","source":"3949927036","target":"316823082","osm_id":"1183639121;149148958","highway":"tertiary","access":"","bridge":"","tunnel":"","length_m":134.79},"geometry":{"type":"LineString","coordinates":[[8.4173566,47.3977056],[8.4172539,47.397706],[8.4170471,47.3977069],[8.4167975,47.3977052],[8.416371,47.3977032],[8.4157666,47.3977072],[8.4155659,47.3977072]]}},{"type":"Feature","properties":{"layer":"road_network","edge_id":"3949927039:296055257:0","source":"3949927039","target":"296055257","osm_id":"1133810045","highway":"tertiary","access":"","bridge":"","tunnel":"","length_m":17.07},"geometry":{"type":"LineString","coordinates":[[8.4177183,47.398939],[8.41779,47.3990846]]}},{"type":"Feature","properties":{"layer":"road_network","edge_id":"3949927039:316822997:0","source":"3949927039","target":"316822997","osm_id":"1133810045","highway":"tertiary","access":"","bridge":"","tunnel":"","length_m":57.52},"geometry":{"type":"LineString","coordinates":[[8.4177183,47.398939],[8.4177144,47.3989253],[8.4176984,47.3988698],[8.4176338,47.3985707],[8.4176063,47.3984274]]}},{"type":"Feature","properties":{"layer":"road_network","edge_id":"4362719002:1511932526:0","source":"4362719002","target":"1511932526","osm_id":"438533293","highway":"motorway_link","access":"","bridge":"","tunnel":"","length_m":35.6},"geometry":{"type":"LineString","coordinates":[[8.4147968,47.3935699],[8.4147902,47.393643],[8.4148005,47.3937041],[8.4148206,47.3937561],[8.414842,47.3938055],[8.4148698,47.3938835]]}},{"type":"Feature","properties":{"layer":"road_network","edge_id":"4362719002:4362719011:0","source":"4362719002","target":"4362719011","osm_id":"438533294","highway":"motorway_link","access":"","bridge":"","tunnel":"","length_m":38.75},"geometry":{"type":"LineString","coordinates":[[8.4147968,47.3935699],[8.4148448,47.3936582],[8.4148686,47.3937145],[8.4149067,47.3937736],[8.414944,47.3938105],[8.414991,47.3938348],[8.4150534,47.3938546]]}},{"type":"Feature","properties":{"layer":"road_network","edge_id":"4362719011:1659794311:0","source":"4362719011","target":"1659794311","osm_id":"313592307","highway":"primary","access":"","bridge":"","tunnel":"","length_m":77.03},"geometry":{"type":"LineString","coordinates":[[8.4150534,47.3938546],[8.415197,47.3938449],[8.4153273,47.3938379],[8.4154489,47.3938364],[8.4155721,47.39384],[8.415703,47.3938452],[8.4158032,47.3938524],[8.4159498,47.3938695],[8.4160696,47.3938875]]}},{"type":"Feature","properties":{"layer":"road_network","edge_id":"4626575081:12741957474:0","source":"4626575081","target":"12741957474","osm_id":"41756680","highway":"track","access":"","bridge":"","tunnel":"","length_m":48.03},"geometry":{"type":"LineString","coordinates":[[8.4208806,47.398968],[8.421502,47.3988699]]}},{"type":"Feature","properties":{"layer":"road_network","edge_id":"4626575081:4626575086:0","source":"4626575081","target":"4626575086","osm_id":"292852057","highway":"residential","access":"","bridge":"","tunnel":"","length_m":11.79},"geometry":{"type":"LineString","coordinates":[[8.4207289,47.3989946],[8.4208806,47.398968]]}},{"type":"Feature","properties":{"layer":"road_network","edge_id":"4626575081:4626575088:0","source":"4626575081","target":"4626575088","osm_id":"468102785","highway":"service","access":"","bridge":"","tunnel":"","length_m":32.12},"geometry":{"type":"LineString","coordinates":[[8.4208806,47.398968],[8.4209397,47.3992541]]}},{"type":"Feature","properties":{"layer":"road_network","edge_id":"4626575082:4626575087:0","source":"4626575082","target":"4626575087","osm_id":"28097495","highway":"unclassified","access":"","bridge":"","tunnel":"","length_m":28.86},"geometry":{"type":"LineString","coordinates":[[8.4204676,47.3990346],[8.4205345,47.3992902]]}},{"type":"Feature","properties":{"layer":"road_network","edge_id":"4626575082:4626575086:0","source":"4626575082","target":"4626575086","osm_id":"292852057","highway":"residential","access":"","bridge":"","tunnel":"","length_m":20.16},"geometry":{"type":"LineString","coordinates":[[8.4204676,47.3990346],[8.4207289,47.3989946]]}},{"type":"Feature","properties":{"layer":"road_network","edge_id":"4626575082:6894724942:0","source":"4626575082","target":"6894724942","osm_id":"292852057","highway":"residential","access":"","bridge":"","tunnel":"","length_m":23.47},"geometry":{"type":"LineString","coordinates":[[8.4201635,47.3990812],[8.4204676,47.3990346]]}},{"type":"Feature","properties":{"layer":"road_network","edge_id":"4626575083:308640535:0","source":"4626575083","target":"308640535","osm_id":"28097495","highway":"unclassified","access":"","bridge":"","tunnel":"","length_m":12.18},"geometry":{"type":"LineString","coordinates":[[8.4208657,47.3996978],[8.4210266,47.3996858]]}},{"type":"Feature","properties":{"layer":"road_network","edge_id":"4626575083:4626575084:0","source":"4626575083","target":"4626575084","osm_id":"468102787","highway":"service","access":"","bridge":"","tunnel":"","length_m":48.19},"geometry":{"type":"LineString","coordinates":[[8.4207815,47.3992682],[8.4208657,47.3996978]]}},{"type":"Feature","properties":{"layer":"road_network","edge_id":"4626575083:4626575087:0","source":"4626575083","target":"4626575087","osm_id":"28097495","highway":"unclassified","access":"","bridge":"","tunnel":"","length_m":64.79},"geometry":{"type":"LineString","coordinates":[[8.4208657,47.3996978],[8.4206421,47.3997144],[8.4205345,47.3992902]]}},{"type":"Feature","properties":{"layer":"road_network","edge_id":"4626575084:4626575083:0","source":"4626575084","target":"4626575083","osm_id":"468102787","highway":"service","access":"","bridge":"","tunnel":"","length_m":48.19},"geometry":{"type":"LineString","coordinates":[[8.4207815,47.3992682],[8.4208657,47.3996978]]}},{"type":"Feature","properties":{"layer":"road_network","edge_id":"4626575084:4626575086:0","source":"4626575084","target":"4626575086","osm_id":"468102787","highway":"service","access":"","bridge":"","tunnel":"","length_m":30.68},"geometry":{"type":"LineString","coordinates":[[8.4207289,47.3989946],[8.4207815,47.3992682]]}},{"type":"Feature","properties":{"layer":"road_network","edge_id":"4626575085:462251761:0","source":"4626575085","target":"462251761","osm_id":"186153848;186153850;31951779","highway":"path;cycleway","access":"","bridge":"yes","tunnel":"","length_m":80.36},"geometry":{"type":"LineString","coordinates":[[8.4217143,47.3992065],[8.4217097,47.39918],[8.4216632,47.3989393],[8.4215912,47.39871],[8.4215375,47.3985488],[8.4214747,47.3985161]]}},{"type":"Feature","properties":{"layer":"road_network","edge_id":"4626575086:4626575081:0","source":"4626575086","target":"4626575081","osm_id":"292852057","highway":"residential","access":"","bridge":"","tunnel":"","length_m":11.79},"geometry":{"type":"LineString","coordinates":[[8.4207289,47.3989946],[8.4208806,47.398968]]}},{"type":"Feature","properties":{"layer":"road_network","edge_id":"4626575086:4626575082:0","source":"4626575086","target":"4626575082","osm_id":"292852057","highway":"residential","access":"","bridge":"","tunnel":"","length_m":20.16},"geometry":{"type":"LineString","coordinates":[[8.4204676,47.3990346],[8.4207289,47.3989946]]}},{"type":"Feature","properties":{"layer":"road_network","edge_id":"4626575086:4626575084:0","source":"4626575086","target":"4626575084","osm_id":"468102787","highway":"service","access":"","bridge":"","tunnel":"","length_m":30.68},"geometry":{"type":"LineString","coordinates":[[8.4207289,47.3989946],[8.4207815,47.3992682]]}},{"type":"Feature","properties":{"layer":"road_network","edge_id":"4626575087:4626575082:0","source":"4626575087","target":"4626575082","osm_id":"28097495","highway":"unclassified","access":"","bridge":"","tunnel":"","length_m":28.86},"geometry":{"type":"LineString","coordinates":[[8.4204676,47.3990346],[8.4205345,47.3992902]]}},{"type":"Feature","properties":{"layer":"road_network","edge_id":"4626575087:4626575083:0","source":"4626575087","target":"4626575083","osm_id":"28097495","highway":"unclassified","access":"","bridge":"","tunnel":"","length_m":64.79},"geometry":{"type":"LineString","coordinates":[[8.4205345,47.3992902],[8.4206421,47.3997144],[8.4208657,47.3996978]]}},{"type":"Feature","properties":{"layer":"road_network","edge_id":"4626575088:308640535:0","source":"4626575088","target":"308640535","osm_id":"468102785","highway":"service","access":"","bridge":"","tunnel":"","length_m":48.45},"geometry":{"type":"LineString","coordinates":[[8.4209397,47.3992541],[8.4210266,47.3996858]]}},{"type":"Feature","properties":{"layer":"road_network","edge_id":"4626575088:4626575081:0","source":"4626575088","target":"4626575081","osm_id":"468102785","highway":"service","access":"","bridge":"","tunnel":"","length_m":32.12},"geometry":{"type":"LineString","coordinates":[[8.4208806,47.398968],[8.4209397,47.3992541]]}},{"type":"Feature","properties":{"layer":"road_network","edge_id":"4626575088:12741957465:0","source":"4626575088","target":"12741957465","osm_id":"1376173700;1376173701;315928494","highway":"path;steps;footway","access":"","bridge":"","tunnel":"","length_m":42.88},"geometry":{"type":"LineString","coordinates":[[8.4209397,47.3992541],[8.4214402,47.399215],[8.4214895,47.399211],[8.4215056,47.3992097]]}},{"type":"Feature","properties":{"layer":"road_network","edge_id":"4628154166:1621725180:0","source":"4628154166","target":"1621725180","osm_id":"468997268;468997267;468466820","highway":"steps;footway","access":"","bridge":"","tunnel":"","length_m":59.39},"geometry":{"type":"LineString","coordinates":[[8.4085443,47.398825],[8.4084747,47.3988893],[8.4084464,47.3989444],[8.4085605,47.3991114],[8.4085737,47.3991298],[8.4086417,47.3992198],[8.4086712,47.3992588],[8.4087027,47.3993004]]}},{"type":"Feature","properties":{"layer":"road_network","edge_id":"4632601600:316823069:0","source":"4632601600","target":"316823069","osm_id":"149148958","highway":"tertiary","access":"","bridge":"","tunnel":"","length_m":15.03},"geometry":{"type":"LineString","coordinates":[[8.407165,47.4001017],[8.4072152,47.4000715],[8.4073154,47.4000128]]}},{"type":"Feature","properties":{"layer":"road_network","edge_id":"4632601600:428088143:0","source":"4632601600","target":"428088143","osm_id":"149148958","highway":"tertiary","access":"","bridge":"","tunnel":"","length_m":62.62},"geometry":{"type":"LineString","coordinates":[[8.407165,47.4001017],[8.4068713,47.4002785],[8.4065402,47.4004736]]}},{"type":"Feature","properties":{"layer":"road_network","edge_id":"4963219673:8762296564:0","source":"4963219673","target":"8762296564","osm_id":"38911793","highway":"residential","access":"","bridge":"","tunnel":"","length_m":7.43},"geometry":{"type":"LineString","coordinates":[[8.4193023,47.3932726],[8.4193968,47.3932532]]}},{"type":"Feature","properties":{"layer":"road_network","edge_id":"4963219673:3003599460:0","source":"4963219673","target":"3003599460","osm_id":"38911767","highway":"residential","access":"","bridge":"","tunnel":"","length_m":65.85},"geometry":{"type":"LineString","coordinates":[[8.4193023,47.3932726],[8.4193208,47.3933043],[8.4193122,47.393372],[8.4192787,47.3934801],[8.4192669,47.3935153],[8.4192579,47.3936141],[8.4192826,47.3937342],[8.4193208,47.3938102],[8.4193462,47.3938497]]}},{"type":"Feature","properties":{"layer":"road_network","edge_id":"4963219673:3055694137:0","source":"4963219673","target":"3055694137","osm_id":"720165052","highway":"residential","access":"","bridge":"","tunnel":"","length_m":36.56},"geometry":{"type":"LineString","coordinates":[[8.4193023,47.3932726],[8.4192551,47.3932377],[8.4192061,47.3932234],[8.419064,47.3932082],[8.4188483,47.3931842]]}},{"type":"Feature","properties":{"layer":"road_network","edge_id":"4963219692:4963219696:0","source":"4963219692","target":"4963219696","osm_id":"38911767","highway":"residential","access":"","bridge":"","tunnel":"","length_m":59.6},"geometry":{"type":"LineString","coordinates":[[8.41983,47.3940939],[8.420541,47.3943298]]}},{"type":"Feature","properties":{"layer":"road_network","edge_id":"4963219692:4963219696:1","source":"4963219692","target":"4963219696","osm_id":"506619565","highway":"service","access":"","bridge":"","tunnel":"","length_m":212.94},"geometry":{"type":"LineString","coordinates":[[8.420541,47.3943298],[8.4209815,47.3936687],[8.4203381,47.3934937],[8.4202158,47.3935153],[8.41983,47.3940939]]}},{"type":"Feature","properties":{"layer":"road_network","edge_id":"4963219692:3077004817:0","source":"4963219692","target":"3077004817","osm_id":"38911767","highway":"residential","access":"","bridge":"","tunnel":"","length_m":85.69},"geometry":{"type":"LineString","coordinates":[[8.420541,47.3943298],[8.4215587,47.3946752]]}},{"type":"Feature","properties":{"layer":"road_network","edge_id":"4963219696:4963219692:0","source":"4963219696","target":"4963219692","osm_id":"38911767","highway":"residential","access":"","bridge":"","tunnel":"","length_m":59.6},"geometry":{"type":"LineString","coordinates":[[8.41983,47.3940939],[8.420541,47.3943298]]}},{"type":"Feature","properties":{"layer":"road_network","edge_id":"4963219696:462252436:0","source":"4963219696","target":"462252436","osm_id":"38911767","highway":"residential","access":"","bridge":"","tunnel":"","length_m":37.04},"geometry":{"type":"LineString","coordinates":[[8.41983,47.3940939],[8.4195555,47.3940012],[8.4194154,47.3939191]]}},{"type":"Feature","properties":{"layer":"road_network","edge_id":"4963219697:462248930:0","source":"4963219697","target":"462248930","osm_id":"38911793","highway":"residential","access":"","bridge":"","tunnel":"","length_m":91.94},"geometry":{"type":"LineString","coordinates":[[8.4214221,47.3934937],[8.4208925,47.3934111],[8.4204549,47.3933527],[8.4202258,47.3933284]]}},{"type":"Feature","properties":{"layer":"road_network","edge_id":"4963219701:4963219706:0","source":"4963219701","target":"4963219706","osm_id":"38913246","highway":"residential","access":"","bridge":"","tunnel":"","length_m":41.43},"geometry":{"type":"LineString","coordinates":[[8.4193693,47.3919711],[8.4199082,47.3920466]]}},{"type":"Feature","properties":{"layer":"road_network","edge_id":"4963219701:4963219703:0","source":"4963219701","target":"4963219703","osm_id":"38913246","highway":"residential","access":"","bridge":"","tunnel":"","length_m":9.47},"geometry":{"type":"LineString","coordinates":[[8.4199082,47.3920466],[8.4200314,47.3920639]]}},{"type":"Feature","properties":{"layer":"road_network","edge_id":"4963219701:4963219702:0","source":"4963219701","target":"4963219702","osm_id":"506619568","highway":"service","access":"","bridge":"","tunnel":"","length_m":57.27},"geometry":{"type":"LineString","coordinates":[[8.4197535,47.3925509],[8.4199082,47.3920466]]}},{"type":"Feature","properties":{"layer":"road_network","edge_id":"4963219702:4963219701:0","source":"4963219702","target":"4963219701","osm_id":"506619568","highway":"service","access":"","bridge":"","tunnel":"","length_m":57.27},"geometry":{"type":"LineString","coordinates":[[8.4197535,47.3925509],[8.4199082,47.3920466]]}},{"type":"Feature","properties":{"layer":"road_network","edge_id":"4963219703:4963219701:0","source":"4963219703","target":"4963219701","osm_id":"38913246","highway":"residential","access":"","bridge":"","tunnel":"","length_m":9.47},"geometry":{"type":"LineString","coordinates":[[8.4199082,47.3920466],[8.4200314,47.3920639]]}},{"type":"Feature","properties":{"layer":"road_network","edge_id":"4963219703:462248926:0","source":"4963219703","target":"462248926","osm_id":"38913246","highway":"residential","access":"","bridge":"","tunnel":"","length_m":42.24},"geometry":{"type":"LineString","coordinates":[[8.4200314,47.3920639],[8.4205809,47.3921409]]}},{"type":"Feature","properties":{"layer":"road_network","edge_id":"4963219703:4963219705:0","source":"4963219703","target":"4963219705","osm_id":"506619570","highway":"service","access":"","bridge":"","tunnel":"","length_m":97.76},"geometry":{"type":"LineString","coordinates":[[8.4200314,47.3920639],[8.4198882,47.3925487],[8.4204463,47.3926215]]}},{"type":"Feature","properties":{"layer":"road_network","edge_id":"4963219705:8119593221:0","source":"4963219705","target":"8119593221","osm_id":"366965565","highway":"residential","access":"","bridge":"","tunnel":"","length_m":65.81},"geometry":{"type":"LineString","coordinates":[[8.4202639,47.3932003],[8.4204463,47.3926215]]}},{"type":"Feature","properties":{"layer":"road_network","edge_id":"4963219705:462248926:0","source":"4963219705","target":"462248926","osm_id":"366965565","highway":"residential","access":"","bridge":"","tunnel":"","length_m":54.39},"geometry":{"type":"LineString","coordinates":[[8.4204463,47.3926215],[8.4205809,47.3921409]]}},{"type":"Feature","properties":{"layer":"road_network","edge_id":"4963219705:4963219703:0","source":"4963219705","target":"4963219703","osm_id":"506619570","highway":"service","access":"","bridge":"","tunnel":"","length_m":97.76},"geometry":{"type":"LineString","coordinates":[[8.4204463,47.3926215],[8.4198882,47.3925487],[8.4200314,47.3920639]]}},{"type":"Feature","properties":{"layer":"road_network","edge_id":"4963219706:4963219701:0","source":"4963219706","target":"4963219701","osm_id":"38913246","highway":"residential","access":"","bridge":"","tunnel":"","length_m":41.43},"geometry":{"type":"LineString","coordinates":[[8.4193693,47.3919711],[8.4199082,47.3920466]]}},{"type":"Feature","properties":{"layer":"road_network","edge_id":"4963219706:4963219710:0","source":"4963219706","target":"4963219710","osm_id":"506619571","highway":"service","access":"","bridge":"","tunnel":"","length_m":101.61},"geometry":{"type":"LineString","coordinates":[[8.4193693,47.3919711],[8.4192309,47.3924705],[8.4195191,47.392508],[8.4195445,47.3924286],[8.4193623,47.392404]]}},{"type":"Feature","properties":{"layer":"road_network","edge_id":"4963219710:4963219706:0","source":"4963219710","target":"4963219706","osm_id":"506619571","highway":"service","access":"","bridge":"","tunnel":"","length_m":101.61},"geometry":{"type":"LineString","coordinates":[[8.4193623,47.392404],[8.4195445,47.3924286],[8.4195191,47.392508],[8.4192309,47.3924705],[8.4193693,47.3919711]]}},{"type":"Feature","properties":{"layer":"road_network","edge_id":"4963219711:1713288140:0","source":"4963219711","target":"1713288140","osm_id":"38913205","highway":"residential","access":"","bridge":"","tunnel":"","length_m":30.93},"geometry":{"type":"LineString","coordinates":[[8.4174318,47.3920102],[8.417269,47.3920226],[8.4173016,47.3921884]]}},{"type":"Feature","properties":{"layer":"road_network","edge_id":"4963219711:10818834355:0","source":"4963219711","target":"10818834355","osm_id":"38913205","highway":"residential","access":"","bridge":"","tunnel":"","length_m":66.54},"geometry":{"type":"LineString","coordinates":[[8.4174318,47.3920102],[8.4182501,47.3919475],[8.4183093,47.3919557]]}},{"type":"Feature","properties":{"layer":"road_network","edge_id":"4963219716:10818834348:0","source":"4963219716","target":"10818834348","osm_id":"506619574","highway":"service","access":"","bridge":"","tunnel":"","length_m":5.44},"geometry":{"type":"LineString","coordinates":[[8.4182588,47.3923937],[8.4183299,47.3924024]]}},{"type":"Feature","properties":{"layer":"road_network","edge_id":"4963219716:1713288142:0","source":"4963219716","target":"1713288142","osm_id":"1416303241","highway":"secondary","access":"","bridge":"","tunnel":"","length_m":9.8},"geometry":{"type":"LineString","coordinates":[[8.4182588,47.3923937],[8.4182846,47.3923073]]}},{"type":"Feature","properties":{"layer":"road_network","edge_id":"4963219716:1713288154:0","source":"4963219716","target":"1713288154","osm_id":"85395561;1416303241","highway":"secondary","access":"","bridge":"","tunnel":"","length_m":54.74},"geometry":{"type":"LineString","coordinates":[[8.4182588,47.3923937],[8.4182196,47.3925201],[8.4181155,47.3928763]]}},{"type":"Feature","properties":{"layer":"road_network","edge_id":"4963220122:462248926:0","source":"4963220122","target":"462248926","osm_id":"366965565","highway":"residential","access":"","bridge":"","tunnel":"","length_m":15.08},"geometry":{"type":"LineString","coordinates":[[8.4205809,47.3921409],[8.42062,47.3920079]]}},{"type":"Feature","properties":{"layer":"road_network","edge_id":"4963220122:4963220123:0","source":"4963220122","target":"4963220123","osm_id":"506619577","highway":"service","access":"","bridge":"","tunnel":"","length_m":22.36},"geometry":{"type":"LineString","coordinates":[[8.42062,47.3920079],[8.4207141,47.3920219],[8.4209102,47.392051]]}},{"type":"Feature","properties":{"layer":"road_network","edge_id":"4963220123:6026927342:0","source":"4963220123","target":"6026927342","osm_id":"639643101","highway":"service","access":"","bridge":"","tunnel":"","length_m":50.2},"geometry":{"type":"LineString","coordinates":[[8.4209102,47.392051],[8.4210379,47.3916079]]}},{"type":"Feature","properties":{"layer":"road_network","edge_id":"4963220123:4963220122:0","source":"4963220123","target":"4963220122","osm_id":"506619577","highway":"service","access":"","bridge":"","tunnel":"","length_m":22.36},"geometry":{"type":"LineString","coordinates":[[8.4209102,47.392051],[8.4207141,47.3920219],[8.42062,47.3920079]]}},{"type":"Feature","properties":{"layer":"road_network","edge_id":"5068166943:1695860065:0","source":"5068166943","target":"1695860065","osm_id":"38913456","highway":"residential","access":"","bridge":"","tunnel":"","length_m":93.32},"geometry":{"type":"LineString","coordinates":[[8.4159056,47.3965697],[8.4160932,47.3957401]]}},{"type":"Feature","properties":{"layer":"road_network","edge_id":"5068166943:316823020:0","source":"5068166943","target":"316823020","osm_id":"38913456","highway":"residential","access":"","bridge":"","tunnel":"","length_m":28.22},"geometry":{"type":"LineString","coordinates":[[8.4160932,47.3957401],[8.4161519,47.3954894]]}},{"type":"Feature","properties":{"layer":"road_network","edge_id":"5183127380:9724408622:0","source":"5183127380","target":"9724408622","osm_id":"1058274920;1163104083;1163104084;1163104085;1163104086;534449853;1058274910","highway":"steps;footway","access":"","bridge":"","tunnel":"","length_m":19.52},"geometry":{"type":"LineString","coordinates":[[8.4175874,47.3939413],[8.4176035,47.3939197],[8.4176272,47.3938927],[8.4176363,47.3938823],[8.4176585,47.393857],[8.4176692,47.3938448],[8.4176933,47.3938174],[8.4177291,47.3937959]]}},{"type":"Feature","properties":{"layer":"road_network","edge_id":"5225305757:3077004817:0","source":"5225305757","target":"3077004817","osm_id":"540059248","highway":"service","access":"","bridge":"","tunnel":"","length_m":6.47},"geometry":{"type":"LineString","coordinates":[[8.4215587,47.3946752],[8.4215947,47.3946224]]}},{"type":"Feature","properties":{"layer":"road_network","edge_id":"5543504263:2975441042:0","source":"5543504263","target":"2975441042","osm_id":"90128279","highway":"secondary","access":"","bridge":"","tunnel":"","length_m":53.7},"geometry":{"type":"LineString","coordinates":[[8.4188906,47.3988588],[8.4187634,47.3988898],[8.4183626,47.3989808],[8.4182131,47.3990098]]}},{"type":"Feature","properties":{"layer":"road_network","edge_id":"5543504263:13203300429:0","source":"5543504263","target":"13203300429","osm_id":"90128279","highway":"secondary","access":"","bridge":"","tunnel":"","length_m":39.86},"geometry":{"type":"LineString","coordinates":[[8.4188906,47.3988588],[8.4190271,47.3988238],[8.4190851,47.3988089],[8.4193404,47.3987325],[8.4193793,47.398721]]}},{"type":"Feature","properties":{"layer":"road_network","edge_id":"5590134962:9724408640:0","source":"5590134962","target":"9724408640","osm_id":"1125787360;1125787359","highway":"path;footway","access":"","bridge":"","tunnel":"","length_m":14.62},"geometry":{"type":"LineString","coordinates":[[8.4180545,47.3933479],[8.4179845,47.393341],[8.4179595,47.3934229]]}},{"type":"Feature","properties":{"layer":"road_network","edge_id":"5590134962:462252383:0","source":"5590134962","target":"462252383","osm_id":"1163112214","highway":"secondary","access":"","bridge":"","tunnel":"","length_m":25.13},"geometry":{"type":"LineString","coordinates":[[8.4180545,47.3933479],[8.4180594,47.3933292],[8.4181329,47.3931283]]}},{"type":"Feature","properties":{"layer":"road_network","edge_id":"5590134962:10816954871:0","source":"5590134962","target":"10816954871","osm_id":"25512274;1163112219;1163112214","highway":"secondary","access":"","bridge":"yes","tunnel":"","length_m":92.19},"geometry":{"type":"LineString","coordinates":[[8.4180545,47.3933479],[8.4180466,47.3933797],[8.4180232,47.3934732],[8.4179338,47.3938309],[8.4178912,47.3940012],[8.4178487,47.3941652]]}},{"type":"Feature","properties":{"layer":"road_network","edge_id":"5590134963:10816954871:0","source":"5590134963","target":"10816954871","osm_id":"1163112215","highway":"secondary","access":"","bridge":"yes","tunnel":"","length_m":9.85},"geometry":{"type":"LineString","coordinates":[[8.4178251,47.3942523],[8.4178487,47.3941652]]}},{"type":"Feature","properties":{"layer":"road_network","edge_id":"5590134963:10816954870:0","source":"5590134963","target":"10816954870","osm_id":"16776070","highway":"secondary","access":"","bridge":"yes","tunnel":"","length_m":19.08},"geometry":{"type":"LineString","coordinates":[[8.4178251,47.3942523],[8.4177978,47.3943327],[8.4177684,47.3944195]]}},{"type":"Feature","properties":{"layer":"road_network","edge_id":"5590134963:6734053462:0","source":"5590134963","target":"6734053462","osm_id":"716996266","highway":"secondary","access":"","bridge":"yes","tunnel":"","length_m":30.7},"geometry":{"type":"LineString","coordinates":[[8.4178251,47.3942523],[8.4178528,47.3943404],[8.4179095,47.3944303],[8.41799,47.3944997]]}},{"type":"Feature","properties":{"layer":"road_network","edge_id":"6022374887:3310761978:1","source":"6022374887","target":"3310761978","osm_id":"1229987282;639078275;637079454","highway":"steps;footway","access":"","bridge":"","tunnel":"yes","length_m":30.14},"geometry":{"type":"LineString","coordinates":[[8.4196472,47.3988292],[8.4194795,47.3988549],[8.419297,47.3988824],[8.4193063,47.3989098]]}},{"type":"Feature","properties":{"layer":"road_network","edge_id":"6026927342:4963220123:0","source":"6026927342","target":"4963220123","osm_id":"639643101","highway":"service","access":"","bridge":"","tunnel":"","length_m":50.2},"geometry":{"type":"LineString","coordinates":[[8.4209102,47.392051],[8.4210379,47.3916079]]}},{"type":"Feature","properties":{"layer":"road_network","edge_id":"6587362940:3203345799:0","source":"6587362940","target":"3203345799","osm_id":"506619572","highway":"service","access":"","bridge":"","tunnel":"","length_m":5.48},"geometry":{"type":"LineString","coordinates":[[8.4184186,47.3915469],[8.4184908,47.3915535]]}},{"type":"Feature","properties":{"layer":"road_network","edge_id":"6734053462:158726870:0","source":"6734053462","target":"158726870","osm_id":"25512275;1450018990","highway":"primary","access":"","bridge":"yes","tunnel":"","length_m":57.23},"geometry":{"type":"LineString","coordinates":[[8.41799,47.3944997],[8.4184102,47.3946465],[8.4186642,47.3947375]]}},{"type":"Feature","properties":{"layer":"road_network","edge_id":"6894724942:4626575082:0","source":"6894724942","target":"4626575082","osm_id":"292852057","highway":"residential","access":"","bridge":"","tunnel":"","length_m":23.47},"geometry":{"type":"LineString","coordinates":[[8.4201635,47.3990812],[8.4204676,47.3990346]]}},{"type":"Feature","properties":{"layer":"road_network","edge_id":"6894724942:6894724943:0","source":"6894724942","target":"6894724943","osm_id":"292852057","highway":"residential","access":"","bridge":"","tunnel":"","length_m":66.62},"geometry":{"type":"LineString","coordinates":[[8.4192962,47.3992006],[8.4201635,47.3990812]]}},{"type":"Feature","properties":{"layer":"road_network","edge_id":"6894724943:6894724942:0","source":"6894724943","target":"6894724942","osm_id":"292852057","highway":"residential","access":"","bridge":"","tunnel":"","length_m":66.62},"geometry":{"type":"LineString","coordinates":[[8.4192962,47.3992006],[8.4201635,47.3990812]]}},{"type":"Feature","properties":{"layer":"road_network","edge_id":"6894724943:6894724945:0","source":"6894724943","target":"6894724945","osm_id":"292852057","highway":"residential","access":"","bridge":"","tunnel":"","length_m":10.3},"geometry":{"type":"LineString","coordinates":[[8.419162,47.3992187],[8.4192962,47.3992006]]}},{"type":"Feature","properties":{"layer":"road_network","edge_id":"6894724944:357848912:0","source":"6894724944","target":"357848912","osm_id":"1164846366","highway":"track","access":"","bridge":"","tunnel":"","length_m":42.45},"geometry":{"type":"LineString","coordinates":[[8.4197845,47.3998545],[8.4203479,47.399837]]}},{"type":"Feature","properties":{"layer":"road_network","edge_id":"6894724944:6894724946:0","source":"6894724944","target":"6894724946","osm_id":"1164846366","highway":"track","access":"","bridge":"","tunnel":"","length_m":74.63},"geometry":{"type":"LineString","coordinates":[[8.4197845,47.3998545],[8.4191988,47.3998833],[8.4187952,47.3998993]]}},{"type":"Feature","properties":{"layer":"road_network","edge_id":"6894724945:6894724943:0","source":"6894724945","target":"6894724943","osm_id":"292852057","highway":"residential","access":"","bridge":"","tunnel":"","length_m":10.3},"geometry":{"type":"LineString","coordinates":[[8.419162,47.3992187],[8.4192962,47.3992006]]}},{"type":"Feature","properties":{"layer":"road_network","edge_id":"6894724945:514393749:0","source":"6894724945","target":"514393749","osm_id":"292852057","highway":"residential","access":"","bridge":"","tunnel":"","length_m":118.38},"geometry":{"type":"LineString","coordinates":[[8.4176213,47.3994328],[8.419162,47.3992187]]}},{"type":"Feature","properties":{"layer":"road_network","edge_id":"6894724946:6894724944:0","source":"6894724946","target":"6894724944","osm_id":"1164846366","highway":"track","access":"","bridge":"","tunnel":"","length_m":74.63},"geometry":{"type":"LineString","coordinates":[[8.4187952,47.3998993],[8.4191988,47.3998833],[8.4197845,47.3998545]]}},{"type":"Feature","properties":{"layer":"road_network","edge_id":"6894724946:514393913:0","source":"6894724946","target":"514393913","osm_id":"1164846366","highway":"track","access":"","bridge":"","tunnel":"","length_m":77.03},"geometry":{"type":"LineString","coordinates":[[8.4187952,47.3998993],[8.418398,47.3999022],[8.4177727,47.3999258]]}},{"type":"Feature","properties":{"layer":"road_network","edge_id":"7641100223:8762790793:0","source":"7641100223","target":"8762790793","osm_id":"818160611","highway":"secondary","access":"","bridge":"","tunnel":"","length_m":11.83},"geometry":{"type":"LineString","coordinates":[[8.4111867,47.4001219],[8.4111068,47.4001555],[8.4110532,47.4001781]]}},{"type":"Feature","properties":{"layer":"road_network","edge_id":"7641100223:7641100228:0","source":"7641100223","target":"7641100228","osm_id":"946638085","highway":"secondary","access":"","bridge":"","tunnel":"","length_m":16.57},"geometry":{"type":"LineString","coordinates":[[8.4111867,47.4001219],[8.4111366,47.4001069],[8.4111075,47.4000856],[8.4110993,47.4000796],[8.4110898,47.4000614],[8.411081,47.4000444],[8.4110849,47.4000071]]}},{"type":"Feature","properties":{"layer":"road_network","edge_id":"7641100228:8762790815:0","source":"7641100228","target":"8762790815","osm_id":"946638085","highway":"secondary","access":"","bridge":"","tunnel":"","length_m":1.56},"geometry":{"type":"LineString","coordinates":[[8.4110849,47.4000071],[8.4110921,47.3999939]]}},{"type":"Feature","properties":{"layer":"road_network","edge_id":"7641100229:7641100283:0","source":"7641100229","target":"7641100283","osm_id":"818160614","highway":"secondary","access":"","bridge":"","tunnel":"","length_m":69.67},"geometry":{"type":"LineString","coordinates":[[8.4112544,47.3999442],[8.4113732,47.3999118],[8.4114669,47.3998878],[8.411614,47.3998428],[8.4117435,47.3998109],[8.4119276,47.3997689],[8.4121234,47.3997305]]}},{"type":"Feature","properties":{"layer":"road_network","edge_id":"7641100229:7641100254:0","source":"7641100229","target":"7641100254","osm_id":"946638085","highway":"secondary","access":"","bridge":"","tunnel":"","length_m":16.8},"geometry":{"type":"LineString","coordinates":[[8.4112544,47.3999442],[8.4112966,47.3999586],[8.4113168,47.3999711],[8.4113229,47.399978],[8.4113425,47.4],[8.4113431,47.4000025],[8.4113511,47.400033],[8.4113418,47.4000657]]}},{"type":"Feature","properties":{"layer":"road_network","edge_id":"7641100254:7968312896:0","source":"7641100254","target":"7968312896","osm_id":"946638085","highway":"secondary","access":"","bridge":"","tunnel":"","length_m":7.22},"geometry":{"type":"LineString","coordinates":[[8.4113418,47.4000657],[8.4113096,47.4000983],[8.4112789,47.4001134]]}},{"type":"Feature","properties":{"layer":"road_network","edge_id":"7641100283:7641100285:0","source":"7641100283","target":"7641100285","osm_id":"1164846371","highway":"secondary","access":"","bridge":"","tunnel":"","length_m":27.3},"geometry":{"type":"LineString","coordinates":[[8.4121234,47.3997305],[8.4122919,47.3997026],[8.4124762,47.3996736]]}},{"type":"Feature","properties":{"layer":"road_network","edge_id":"7641100285:2964170532:0","source":"7641100285","target":"2964170532","osm_id":"292854426","highway":"service","access":"","bridge":"","tunnel":"","length_m":86.88},"geometry":{"type":"LineString","coordinates":[[8.4124762,47.3996736],[8.4124473,47.399616],[8.411987,47.3992106],[8.4119273,47.3991199],[8.4120583,47.3990549]]}},{"type":"Feature","properties":{"layer":"road_network","edge_id":"7641100285:8762790833:0","source":"7641100285","target":"8762790833","osm_id":"1164846371","highway":"secondary","access":"","bridge":"","tunnel":"","length_m":37.83},"geometry":{"type":"LineString","coordinates":[[8.4124762,47.3996736],[8.4125799,47.3996585],[8.4127624,47.3996226],[8.4129657,47.3995981]]}},{"type":"Feature","properties":{"layer":"road_network","edge_id":"7641100287:7641100307:0","source":"7641100287","target":"7641100307","osm_id":"854453621","highway":"tertiary","access":"","bridge":"","tunnel":"","length_m":14.96},"geometry":{"type":"LineString","coordinates":[[8.4132061,47.399579],[8.4132078,47.3995976],[8.4131931,47.3996273],[8.4131736,47.399656],[8.4131413,47.3997043]]}},{"type":"Feature","properties":{"layer":"road_network","edge_id":"7641100287:296055257:0","source":"7641100287","target":"296055257","osm_id":"1058274899","highway":"secondary","access":"","bridge":"","tunnel":"","length_m":351.49},"geometry":{"type":"LineString","coordinates":[[8.4132061,47.399579],[8.4135268,47.3995704],[8.4138965,47.3995508],[8.41442,47.3995088],[8.4150376,47.3994473],[8.4155482,47.3993914],[8.4160361,47.3993278],[8.4166193,47.3992445],[8.416895,47.3992024],[8.4171394,47.3991601],[8.4173401,47.3991139],[8.417577,47.3990745],[8.4176609,47.3990606],[8.4176934,47.3990552],[8.41779,47.3990846]]}},{"type":"Feature","properties":{"layer":"road_network","edge_id":"7641100307:8762790786:0","source":"7641100307","target":"8762790786","osm_id":"1382935286","highway":"secondary","access":"","bridge":"","tunnel":"","length_m":11.31},"geometry":{"type":"LineString","coordinates":[[8.4129927,47.3997194],[8.4131413,47.3997043]]}},{"type":"Feature","properties":{"layer":"road_network","edge_id":"7873002685:12741957465:0","source":"7873002685","target":"12741957465","osm_id":"315928515;315928493;1376173701","highway":"path;steps;footway","access":"","bridge":"","tunnel":"","length_m":6.99},"geometry":{"type":"LineString","coordinates":[[8.4215978,47.399202],[8.4215644,47.399205],[8.4215145,47.399209],[8.4215056,47.3992097]]}},{"type":"Feature","properties":{"layer":"road_network","edge_id":"7968312896:7968312903:0","source":"7968312896","target":"7968312903","osm_id":"854453620","highway":"service","access":"","bridge":"","tunnel":"","length_m":52.25},"geometry":{"type":"LineString","coordinates":[[8.4112789,47.4001134],[8.4113096,47.4001266],[8.4113789,47.4001492],[8.4114183,47.4001543],[8.4115638,47.4001215],[8.4117128,47.4000816],[8.4116986,47.3999813],[8.4116676,47.3999326]]}},{"type":"Feature","properties":{"layer":"road_network","edge_id":"7968312896:7641100223:0","source":"7968312896","target":"7641100223","osm_id":"946638085","highway":"secondary","access":"","bridge":"","tunnel":"","length_m":7.11},"geometry":{"type":"LineString","coordinates":[[8.4112789,47.4001134],[8.4112239,47.4001238],[8.4111867,47.4001219]]}},{"type":"Feature","properties":{"layer":"road_network","edge_id":"7968312903:7968312896:0","source":"7968312903","target":"7968312896","osm_id":"854453620","highway":"service","access":"","bridge":"","tunnel":"","length_m":52.25},"geometry":{"type":"LineString","coordinates":[[8.4116676,47.3999326],[8.4116986,47.3999813],[8.4117128,47.4000816],[8.4115638,47.4001215],[8.4114183,47.4001543],[8.4113789,47.4001492],[8.4113096,47.4001266],[8.4112789,47.4001134]]}},{"type":"Feature","properties":{"layer":"road_network","edge_id":"7968312903:7641100254:0","source":"7968312903","target":"7641100254","osm_id":"1382935286","highway":"secondary","access":"","bridge":"","tunnel":"","length_m":28.81},"geometry":{"type":"LineString","coordinates":[[8.4116676,47.3999326],[8.4114114,47.4000234],[8.4113418,47.4000657]]}},{"type":"Feature","properties":{"layer":"road_network","edge_id":"8119588215:1713288154:0","source":"8119588215","target":"1713288154","osm_id":"85395561","highway":"secondary","access":"","bridge":"","tunnel":"","length_m":5.18},"geometry":{"type":"LineString","coordinates":[[8.4181048,47.3929223],[8.418112,47.3928913],[8.4181155,47.3928763]]}},{"type":"Feature","properties":{"layer":"road_network","edge_id":"8119588215:462252383:0","source":"8119588215","target":"462252383","osm_id":"85395561","highway":"secondary","access":"","bridge":"","tunnel":"","length_m":23.28},"geometry":{"type":"LineString","coordinates":[[8.4181048,47.3929223],[8.4180915,47.3929884],[8.4181191,47.3930817],[8.4181329,47.3931283]]}},{"type":"Feature","properties":{"layer":"road_network","edge_id":"8119593221:4963219705:0","source":"8119593221","target":"4963219705","osm_id":"366965565","highway":"residential","access":"","bridge":"","tunnel":"","length_m":65.81},"geometry":{"type":"LineString","coordinates":[[8.4202639,47.3932003],[8.4204463,47.3926215]]}},{"type":"Feature","properties":{"layer":"road_network","edge_id":"8119593221:462248930:0","source":"8119593221","target":"462248930","osm_id":"366965565","highway":"residential","access":"","bridge":"","tunnel":"","length_m":14.53},"geometry":{"type":"LineString","coordinates":[[8.4202639,47.3932003],[8.4202541,47.393229],[8.4202452,47.3932551],[8.4202258,47.3933284]]}},{"type":"Feature","properties":{"layer":"road_network","edge_id":"8615900309:12981671541:0","source":"8615900309","target":"12981671541","osm_id":"928988448","highway":"service","access":"","bridge":"","tunnel":"","length_m":90.95},"geometry":{"type":"LineString","coordinates":[[8.4083125,47.3929865],[8.4076874,47.3932062],[8.4073303,47.3933257],[8.4072347,47.3933559]]}},{"type":"Feature","properties":{"layer":"road_network","edge_id":"8615900312:462267527:0","source":"8615900312","target":"462267527","osm_id":"104184121","highway":"unclassified","access":"","bridge":"","tunnel":"","length_m":131.61},"geometry":{"type":"LineString","coordinates":[[8.406653,47.3922997],[8.4069261,47.3934688]]}},{"type":"Feature","properties":{"layer":"road_network","edge_id":"8615900312:462267511:0","source":"8615900312","target":"462267511","osm_id":"104184121","highway":"unclassified","access":"","bridge":"","tunnel":"","length_m":134.24},"geometry":{"type":"LineString","coordinates":[[8.4069261,47.3934688],[8.406931,47.3934901],[8.4071949,47.3946239],[8.4071933,47.3946618]]}},{"type":"Feature","properties":{"layer":"road_network","edge_id":"8615900312:12981671541:0","source":"8615900312","target":"12981671541","osm_id":"928988448","highway":"service","access":"","bridge":"","tunnel":"","length_m":26.5},"geometry":{"type":"LineString","coordinates":[[8.4069261,47.3934688],[8.4070072,47.3934289],[8.4070816,47.3934043],[8.4072347,47.3933559]]}},{"type":"Feature","properties":{"layer":"road_network","edge_id":"8762296549:8762296551:0","source":"8762296549","target":"8762296551","osm_id":"818160618;1058274909;837661118","highway":"steps;footway","access":"","bridge":"","tunnel":"","length_m":14.88},"geometry":{"type":"LineString","coordinates":[[8.4168072,47.3939898],[8.4168412,47.3940004],[8.416918,47.3940299],[8.4169765,47.3940582]]}},{"type":"Feature","properties":{"layer":"road_network","edge_id":"8762296551:8762296549:0","source":"8762296551","target":"8762296549","osm_id":"818160618;1058274909;837661118","highway":"steps;footway","access":"","bridge":"","tunnel":"","length_m":14.88},"geometry":{"type":"LineString","coordinates":[[8.4169765,47.3940582],[8.416918,47.3940299],[8.4168412,47.3940004],[8.4168072,47.3939898]]}},{"type":"Feature","properties":{"layer":"road_network","edge_id":"8762296563:13718667535:0","source":"8762296563","target":"13718667535","osm_id":"506619574","highway":"service","access":"","bridge":"","tunnel":"","length_m":111.2},"geometry":{"type":"LineString","coordinates":[[8.4188656,47.3930622],[8.4189391,47.3928516],[8.418794,47.3928322],[8.4189121,47.3924789],[8.4184462,47.3924177]]}},{"type":"Feature","properties":{"layer":"road_network","edge_id":"8762296563:3055694137:0","source":"8762296563","target":"3055694137","osm_id":"506619574","highway":"service","access":"","bridge":"","tunnel":"","length_m":13.64},"geometry":{"type":"LineString","coordinates":[[8.4188656,47.3930622],[8.4188645,47.3930955],[8.4188599,47.3931224],[8.4188483,47.3931842]]}},{"type":"Feature","properties":{"layer":"road_network","edge_id":"8762296564:4963219673:0","source":"8762296564","target":"4963219673","osm_id":"38911793","highway":"residential","access":"","bridge":"","tunnel":"","length_m":7.43},"geometry":{"type":"LineString","coordinates":[[8.4193023,47.3932726],[8.4193968,47.3932532]]}},{"type":"Feature","properties":{"layer":"road_network","edge_id":"8762296564:8762296572:0","source":"8762296564","target":"8762296572","osm_id":"38911793","highway":"residential","access":"","bridge":"","tunnel":"","length_m":12.28},"geometry":{"type":"LineString","coordinates":[[8.4193968,47.3932532],[8.4194458,47.3932471],[8.4195155,47.3932456],[8.4195583,47.3932511]]}},{"type":"Feature","properties":{"layer":"road_network","edge_id":"8762296572:8762296580:0","source":"8762296572","target":"8762296580","osm_id":"38911793","highway":"residential","access":"","bridge":"","tunnel":"","length_m":13.19},"geometry":{"type":"LineString","coordinates":[[8.4195583,47.3932511],[8.4197304,47.3932732]]}},{"type":"Feature","properties":{"layer":"road_network","edge_id":"8762296572:8762296564:0","source":"8762296572","target":"8762296564","osm_id":"38911793","highway":"residential","access":"","bridge":"","tunnel":"","length_m":12.28},"geometry":{"type":"LineString","coordinates":[[8.4195583,47.3932511],[8.4195155,47.3932456],[8.4194458,47.3932471],[8.4193968,47.3932532]]}},{"type":"Feature","properties":{"layer":"road_network","edge_id":"8762296572:8762296576:0","source":"8762296572","target":"8762296576","osm_id":"946579692","highway":"service","access":"","bridge":"","tunnel":"","length_m":15.63},"geometry":{"type":"LineString","coordinates":[[8.4195583,47.3932511],[8.4196074,47.3932112],[8.4196352,47.3931919],[8.4196593,47.3931676],[8.4196902,47.3931429]]}},{"type":"Feature","properties":{"layer":"road_network","edge_id":"8762296573:8762296576:0","source":"8762296573","target":"8762296576","osm_id":"946579691","highway":"service","access":"","bridge":"","tunnel":"","length_m":12.79},"geometry":{"type":"LineString","coordinates":[[8.4196747,47.393045],[8.4197074,47.3930527],[8.4197097,47.3930763],[8.4196902,47.3931429]]}},{"type":"Feature","properties":{"layer":"road_network","edge_id":"8762296576:8762296573:0","source":"8762296576","target":"8762296573","osm_id":"946579691","highway":"service","access":"","bridge":"","tunnel":"","length_m":12.79},"geometry":{"type":"LineString","coordinates":[[8.4196902,47.3931429],[8.4197097,47.3930763],[8.4197074,47.3930527],[8.4196747,47.393045]]}},{"type":"Feature","properties":{"layer":"road_network","edge_id":"8762296576:8762296580:0","source":"8762296576","target":"8762296580","osm_id":"946579693","highway":"service","access":"","bridge":"","tunnel":"","length_m":15.03},"geometry":{"type":"LineString","coordinates":[[8.4196902,47.3931429],[8.4197057,47.3931719],[8.41972,47.3932],[8.4197348,47.3932375],[8.4197304,47.3932732]]}},{"type":"Feature","properties":{"layer":"road_network","edge_id":"8762296580:8762296572:0","source":"8762296580","target":"8762296572","osm_id":"38911793","highway":"residential","access":"","bridge":"","tunnel":"","length_m":13.19},"geometry":{"type":"LineString","coordinates":[[8.4195583,47.3932511],[8.4197304,47.3932732]]}},{"type":"Feature","properties":{"layer":"road_network","edge_id":"8762296580:462248930:0","source":"8762296580","target":"462248930","osm_id":"38911793","highway":"residential","access":"","bridge":"","tunnel":"","length_m":37.79},"geometry":{"type":"LineString","coordinates":[[8.4197304,47.3932732],[8.4197776,47.3932792],[8.4202258,47.3933284]]}},{"type":"Feature","properties":{"layer":"road_network","edge_id":"8762790775:9724405707:0","source":"8762790775","target":"9724405707","osm_id":"758173889","highway":"service","access":"","bridge":"","tunnel":"","length_m":42.34},"geometry":{"type":"LineString","coordinates":[[8.4078084,47.4016392],[8.4077987,47.4016935],[8.4076707,47.4017934],[8.4074642,47.4019277]]}},{"type":"Feature","properties":{"layer":"road_network","edge_id":"8762790775:8762790776:0","source":"8762790775","target":"8762790776","osm_id":"1164846370","highway":"secondary","access":"","bridge":"","tunnel":"","length_m":70.39},"geometry":{"type":"LineString","coordinates":[[8.4078084,47.4016392],[8.4075307,47.4017841],[8.4073371,47.4018858],[8.4072725,47.4019278],[8.4071444,47.4020131],[8.4070908,47.4020438]]}},{"type":"Feature","properties":{"layer":"road_network","edge_id":"8762790776:9724554634:0","source":"8762790776","target":"9724554634","osm_id":"1164846370","highway":"secondary","access":"","bridge":"","tunnel":"","length_m":60.68},"geometry":{"type":"LineString","coordinates":[[8.4070908,47.4020438],[8.4069906,47.4020955],[8.4068919,47.4021502],[8.4065984,47.4023032],[8.4064529,47.4023774]]}},{"type":"Feature","properties":{"layer":"road_network","edge_id":"8762790786:14072402371:0","source":"8762790786","target":"14072402371","osm_id":"1382935286","highway":"secondary","access":"","bridge":"","tunnel":"","length_m":72.49},"geometry":{"type":"LineString","coordinates":[[8.4129927,47.3997194],[8.412911,47.3997295],[8.4125755,47.3997543],[8.4121429,47.3998284],[8.4120506,47.3998472]]}},{"type":"Feature","properties":{"layer":"road_network","edge_id":"8762790793:8762790802:0","source":"8762790793","target":"8762790802","osm_id":"818160611","highway":"secondary","access":"","bridge":"","tunnel":"","length_m":58.84},"geometry":{"type":"LineString","coordinates":[[8.4110532,47.4001781],[8.4109462,47.4002197],[8.410631,47.4003335],[8.4103618,47.4004248]]}},{"type":"Feature","properties":{"layer":"road_network","edge_id":"8762790797:7641100228:0","source":"8762790797","target":"7641100228","osm_id":"1164846369","highway":"secondary","access":"","bridge":"","tunnel":"","length_m":11.02},"geometry":{"type":"LineString","coordinates":[[8.4109516,47.4000449],[8.4110224,47.4000162],[8.4110849,47.4000071]]}},{"type":"Feature","properties":{"layer":"road_network","edge_id":"8762790802:8762790775:0","source":"8762790802","target":"8762790775","osm_id":"1164846370","highway":"secondary","access":"","bridge":"","tunnel":"","length_m":235.55},"geometry":{"type":"LineString","coordinates":[[8.4103618,47.4004248],[8.410288,47.4004476],[8.4101101,47.4005034],[8.4099904,47.4005432],[8.4098787,47.40059],[8.4098035,47.400623],[8.4095302,47.4007426],[8.409213,47.4008989],[8.4088919,47.4010655],[8.4084718,47.401293],[8.4080875,47.4014954],[8.4078084,47.4016392]]}},{"type":"Feature","properties":{"layer":"road_network","edge_id":"8762790815:8762790819:0","source":"8762790815","target":"8762790819","osm_id":"946638085","highway":"secondary","access":"","bridge":"","tunnel":"","length_m":12.61},"geometry":{"type":"LineString","coordinates":[[8.4110921,47.3999939],[8.4111152,47.3999703],[8.4111478,47.3999526],[8.4111871,47.3999424],[8.4112289,47.3999408]]}},{"type":"Feature","properties":{"layer":"road_network","edge_id":"8762790815:8762790817:0","source":"8762790815","target":"8762790817","osm_id":"946638086","highway":"tertiary","access":"","bridge":"","tunnel":"","length_m":11.77},"geometry":{"type":"LineString","coordinates":[[8.4110921,47.3999939],[8.4110671,47.3999453],[8.4110497,47.3998922]]}},{"type":"Feature","properties":{"layer":"road_network","edge_id":"8762790817:8762790821:0","source":"8762790817","target":"8762790821","osm_id":"946638086","highway":"tertiary","access":"","bridge":"","tunnel":"","length_m":15.48},"geometry":{"type":"LineString","coordinates":[[8.4110497,47.3998922],[8.4110359,47.3998457],[8.411039,47.3997539]]}},{"type":"Feature","properties":{"layer":"road_network","edge_id":"8762790819:7641100229:0","source":"8762790819","target":"7641100229","osm_id":"946638085","highway":"secondary","access":"","bridge":"","tunnel":"","length_m":1.96},"geometry":{"type":"LineString","coordinates":[[8.4112289,47.3999408],[8.4112544,47.3999442]]}},{"type":"Feature","properties":{"layer":"road_network","edge_id":"8762790821:428089316:0","source":"8762790821","target":"428089316","osm_id":"28817326","highway":"tertiary","access":"","bridge":"","tunnel":"","length_m":26.65},"geometry":{"type":"LineString","coordinates":[[8.4109871,47.3995168],[8.411039,47.3997539]]}},{"type":"Feature","properties":{"layer":"road_network","edge_id":"8762790821:2964171771:0","source":"8762790821","target":"2964171771","osm_id":"1244177534","highway":"tertiary","access":"","bridge":"","tunnel":"","length_m":14.39},"geometry":{"type":"LineString","coordinates":[[8.411039,47.3997539],[8.4111078,47.3998365],[8.4111307,47.3998674]]}},{"type":"Feature","properties":{"layer":"road_network","edge_id":"8762790831:2964171745:0","source":"8762790831","target":"2964171745","osm_id":"1058274900","highway":"tertiary","access":"","bridge":"","tunnel":"","length_m":13.74},"geometry":{"type":"LineString","coordinates":[[8.4130926,47.3995106],[8.413117,47.3994465],[8.4131821,47.3994098]]}},{"type":"Feature","properties":{"layer":"road_network","edge_id":"8762790833:9724408545:0","source":"8762790833","target":"9724408545","osm_id":"1164846371","highway":"secondary","access":"","bridge":"","tunnel":"","length_m":8.02},"geometry":{"type":"LineString","coordinates":[[8.4129657,47.3995981],[8.4130712,47.3995878]]}},{"type":"Feature","properties":{"layer":"road_network","edge_id":"8762790959:8762790960:0","source":"8762790959","target":"8762790960","osm_id":"1416303237","highway":"cycleway","access":"","bridge":"","tunnel":"","length_m":24.79},"geometry":{"type":"LineString","coordinates":[[8.4179114,47.3931875],[8.4178781,47.3932587],[8.4178347,47.393404]]}},{"type":"Feature","properties":{"layer":"road_network","edge_id":"8762790959:9355352958:0","source":"8762790959","target":"9355352958","osm_id":"1416303239","highway":"cycleway","access":"","bridge":"","tunnel":"","length_m":6.59},"geometry":{"type":"LineString","coordinates":[[8.4179114,47.3931875],[8.4179311,47.3931881],[8.4179379,47.3931882],[8.4179708,47.3931887],[8.4179989,47.3931891]]}},{"type":"Feature","properties":{"layer":"road_network","edge_id":"8762790960:8762790959:0","source":"8762790960","target":"8762790959","osm_id":"1416303237","highway":"cycleway","access":"","bridge":"","tunnel":"","length_m":24.79},"geometry":{"type":"LineString","coordinates":[[8.4178347,47.393404],[8.4178781,47.3932587],[8.4179114,47.3931875]]}},{"type":"Feature","properties":{"layer":"road_network","edge_id":"8762790960:369603346:0","source":"8762790960","target":"369603346","osm_id":"1416303237","highway":"cycleway","access":"","bridge":"","tunnel":"","length_m":42.44},"geometry":{"type":"LineString","coordinates":[[8.4178347,47.393404],[8.4177873,47.3934455],[8.4177504,47.3935458],[8.417693,47.3937422],[8.4176615,47.3937565]]}},{"type":"Feature","properties":{"layer":"road_network","edge_id":"9053261276:732044452:0","source":"9053261276","target":"732044452","osm_id":"59025588;59025597;59054774","highway":"path;steps;track","access":"","bridge":"","tunnel":"","length_m":82.61},"geometry":{"type":"LineString","coordinates":[[8.408608,47.3964356],[8.4087096,47.3961763],[8.4087233,47.39601],[8.4086424,47.3959927],[8.40856,47.395975],[8.4084157,47.3958738],[8.40836,47.3959089]]}},{"type":"Feature","properties":{"layer":"road_network","edge_id":"9053369243:1714140778:0","source":"9053369243","target":"1714140778","osm_id":"978512669","highway":"track","access":"","bridge":"","tunnel":"","length_m":80.96},"geometry":{"type":"LineString","coordinates":[[8.4071229,47.3970799],[8.4076628,47.3969557],[8.4080237,47.3968439],[8.4081293,47.3968271]]}},{"type":"Feature","properties":{"layer":"road_network","edge_id":"9355352937:462252383:0","source":"9355352937","target":"462252383","osm_id":"720165052","highway":"residential","access":"","bridge":"","tunnel":"","length_m":22.06},"geometry":{"type":"LineString","coordinates":[[8.4181329,47.3931283],[8.4184206,47.393166]]}},{"type":"Feature","properties":{"layer":"road_network","edge_id":"9355352937:3055694137:0","source":"9355352937","target":"3055694137","osm_id":"720165052","highway":"residential","access":"","bridge":"","tunnel":"","length_m":32.29},"geometry":{"type":"LineString","coordinates":[[8.4184206,47.393166],[8.4184642,47.393167],[8.4187273,47.3931733],[8.4188483,47.3931842]]}},{"type":"Feature","properties":{"layer":"road_network","edge_id":"9355352958:9724408628:0","source":"9355352958","target":"9724408628","osm_id":"946638092","highway":"service","access":"no","bridge":"","tunnel":"","length_m":26.2},"geometry":{"type":"LineString","coordinates":[[8.4179989,47.3931891],[8.4179671,47.3932349],[8.4179471,47.3932683],[8.4179257,47.3933224],[8.4178996,47.3934137]]}},{"type":"Feature","properties":{"layer":"road_network","edge_id":"9355352958:462252383:0","source":"9355352958","target":"462252383","osm_id":"1416303238","highway":"service","access":"no","bridge":"","tunnel":"","length_m":12.88},"geometry":{"type":"LineString","coordinates":[[8.4179989,47.3931891],[8.4180365,47.3931579],[8.418078,47.393132],[8.4181329,47.3931283]]}},{"type":"Feature","properties":{"layer":"road_network","edge_id":"9355352958:8762790959:0","source":"9355352958","target":"8762790959","osm_id":"1416303239","highway":"cycleway","access":"","bridge":"","tunnel":"","length_m":6.59},"geometry":{"type":"LineString","coordinates":[[8.4179989,47.3931891],[8.4179708,47.3931887],[8.4179379,47.3931882],[8.4179311,47.3931881],[8.4179114,47.3931875]]}},{"type":"Feature","properties":{"layer":"road_network","edge_id":"9724405707:7080320657:0","source":"9724405707","target":"7080320657","osm_id":"758173889","highway":"service","access":"","bridge":"","tunnel":"","length_m":36.66},"geometry":{"type":"LineString","coordinates":[[8.4074642,47.4019277],[8.4074261,47.4019892],[8.407194,47.4022001]]}},{"type":"Feature","properties":{"layer":"road_network","edge_id":"9724405707:7080320657:1","source":"9724405707","target":"7080320657","osm_id":"1058274889","highway":"service","access":"","bridge":"","tunnel":"","length_m":43.31},"geometry":{"type":"LineString","coordinates":[[8.4074642,47.4019277],[8.4073154,47.4019887],[8.4071938,47.402089],[8.4071351,47.4021232],[8.4071366,47.402147],[8.407194,47.4022001]]}},{"type":"Feature","properties":{"layer":"road_network","edge_id":"9724408545:7641100287:0","source":"9724408545","target":"7641100287","osm_id":"1164846371","highway":"secondary","access":"","bridge":"","tunnel":"","length_m":10.2},"geometry":{"type":"LineString","coordinates":[[8.4130712,47.3995878],[8.4132061,47.399579]]}},{"type":"Feature","properties":{"layer":"road_network","edge_id":"9724408545:8762790831:0","source":"9724408545","target":"8762790831","osm_id":"1058274900","highway":"tertiary","access":"","bridge":"","tunnel":"","length_m":8.89},"geometry":{"type":"LineString","coordinates":[[8.4130712,47.3995878],[8.413067,47.3995677],[8.4130926,47.3995106]]}},{"type":"Feature","properties":{"layer":"road_network","edge_id":"9724408555:3949927035:0","source":"9724408555","target":"3949927035","osm_id":"28817333","highway":"residential","access":"","bridge":"","tunnel":"","length_m":15.28},"geometry":{"type":"LineString","coordinates":[[8.4175795,47.397706],[8.4175906,47.3976337],[8.4176036,47.3975696]]}},{"type":"Feature","properties":{"layer":"road_network","edge_id":"9724408555:10991748652:0","source":"9724408555","target":"10991748652","osm_id":"28817337","highway":"residential","access":"","bridge":"","tunnel":"","length_m":129.05},"geometry":{"type":"LineString","coordinates":[[8.4175795,47.397706],[8.4176155,47.3977057],[8.4176835,47.3977052],[8.4178262,47.3977032],[8.4186956,47.3977079],[8.4192939,47.397704]]}},{"type":"Feature","properties":{"layer":"road_network","edge_id":"9724408555:316822997:0","source":"9724408555","target":"316822997","osm_id":"28817339","highway":"tertiary","access":"","bridge":"","tunnel":"","length_m":80.26},"geometry":{"type":"LineString","coordinates":[[8.4175795,47.397706],[8.4175765,47.39778],[8.4175772,47.3978484],[8.4175915,47.3981751],[8.4176063,47.3984274]]}},{"type":"Feature","properties":{"layer":"road_network","edge_id":"9724408555:3949927036:0","source":"9724408555","target":"3949927036","osm_id":"1183639121","highway":"tertiary","access":"","bridge":"","tunnel":"","length_m":16.78},"geometry":{"type":"LineString","coordinates":[[8.4175795,47.397706],[8.4175517,47.397706],[8.4175147,47.397706],[8.4173566,47.3977056]]}},{"type":"Feature","properties":{"layer":"road_network","edge_id":"9724408582:9724408588:0","source":"9724408582","target":"9724408588","osm_id":"1058274905","highway":"service","access":"","bridge":"","tunnel":"","length_m":17.97},"geometry":{"type":"LineString","coordinates":[[8.4178576,47.3950931],[8.4178502,47.3950749],[8.4178344,47.3950523],[8.4178038,47.3950404],[8.4177676,47.3950309],[8.4177231,47.3950278],[8.4176681,47.3950284]]}},{"type":"Feature","properties":{"layer":"road_network","edge_id":"9724408588:9724408582:0","source":"9724408588","target":"9724408582","osm_id":"1058274905","highway":"service","access":"","bridge":"","tunnel":"","length_m":17.97},"geometry":{"type":"LineString","coordinates":[[8.4176681,47.3950284],[8.4177231,47.3950278],[8.4177676,47.3950309],[8.4178038,47.3950404],[8.4178344,47.3950523],[8.4178502,47.3950749],[8.4178576,47.3950931]]}},{"type":"Feature","properties":{"layer":"road_network","edge_id":"9724408588:9724408589:0","source":"9724408588","target":"9724408589","osm_id":"1058274905","highway":"service","access":"","bridge":"","tunnel":"","length_m":7.7},"geometry":{"type":"LineString","coordinates":[[8.4176681,47.3950284],[8.4175836,47.3950299],[8.4175659,47.3950302]]}},{"type":"Feature","properties":{"layer":"road_network","edge_id":"9724408589:316823064:0","source":"9724408589","target":"316823064","osm_id":"28817333","highway":"residential","access":"","bridge":"","tunnel":"","length_m":7.0},"geometry":{"type":"LineString","coordinates":[[8.4175611,47.3949673],[8.4175659,47.3950302]]}},{"type":"Feature","properties":{"layer":"road_network","edge_id":"9724408589:514390488:0","source":"9724408589","target":"514390488","osm_id":"28817333","highway":"residential","access":"","bridge":"","tunnel":"","length_m":180.43},"geometry":{"type":"LineString","coordinates":[[8.4175659,47.3950302],[8.4175752,47.3951538],[8.4176066,47.3953661],[8.4176381,47.3955922],[8.4176785,47.3958537],[8.4177357,47.3962319],[8.4177549,47.396393],[8.4177649,47.3965108],[8.4177674,47.3966465]]}},{"type":"Feature","properties":{"layer":"road_network","edge_id":"9724408589:9724408588:0","source":"9724408589","target":"9724408588","osm_id":"1058274905","highway":"service","access":"","bridge":"","tunnel":"","length_m":7.7},"geometry":{"type":"LineString","coordinates":[[8.4175659,47.3950302],[8.4175836,47.3950299],[8.4176681,47.3950284]]}},{"type":"Feature","properties":{"layer":"road_network","edge_id":"9724408605:316823064:0","source":"9724408605","target":"316823064","osm_id":"38913445","highway":"service","access":"","bridge":"","tunnel":"","length_m":39.96},"geometry":{"type":"LineString","coordinates":[[8.4175852,47.3946086],[8.4175794,47.3946545],[8.4175713,47.3947191],[8.4175588,47.3948415],[8.4175611,47.3949673]]}},{"type":"Feature","properties":{"layer":"road_network","edge_id":"9724408605:10816954876:0","source":"9724408605","target":"10816954876","osm_id":"1450018986;38913445","highway":"service","access":"no","bridge":"yes","tunnel":"","length_m":14.79},"geometry":{"type":"LineString","coordinates":[[8.4175852,47.3946086],[8.4175877,47.3945956],[8.4176062,47.3945208],[8.4176155,47.3944772]]}},{"type":"Feature","properties":{"layer":"road_network","edge_id":"9724408622:5183127380:0","source":"9724408622","target":"5183127380","osm_id":"1058274920;1163104083;1163104084;1163104085;1163104086;534449853;1058274910","highway":"steps;footway","access":"","bridge":"","tunnel":"","length_m":19.52},"geometry":{"type":"LineString","coordinates":[[8.4177291,47.3937959],[8.4176933,47.3938174],[8.4176692,47.3938448],[8.4176585,47.393857],[8.4176363,47.3938823],[8.4176272,47.3938927],[8.4176035,47.3939197],[8.4175874,47.3939413]]}},{"type":"Feature","properties":{"layer":"road_network","edge_id":"9724408628:9724408638:0","source":"9724408628","target":"9724408638","osm_id":"946638092","highway":"service","access":"no","bridge":"","tunnel":"","length_m":59.13},"geometry":{"type":"LineString","coordinates":[[8.4178996,47.3934137],[8.4178254,47.3936737],[8.4178169,47.3937058],[8.4177561,47.3939365]]}},{"type":"Feature","properties":{"layer":"road_network","edge_id":"9724408628:9355352958:0","source":"9724408628","target":"9355352958","osm_id":"946638092","highway":"service","access":"no","bridge":"","tunnel":"","length_m":26.2},"geometry":{"type":"LineString","coordinates":[[8.4178996,47.3934137],[8.4179257,47.3933224],[8.4179471,47.3932683],[8.4179671,47.3932349],[8.4179989,47.3931891]]}},{"type":"Feature","properties":{"layer":"road_network","edge_id":"9724408638:10816954868:0","source":"9724408638","target":"10816954868","osm_id":"946638091;946638092","highway":"service","access":"no","bridge":"yes","tunnel":"","length_m":35.38},"geometry":{"type":"LineString","coordinates":[[8.4177561,47.3939365],[8.4177497,47.3939609],[8.4176868,47.3941905],[8.4176707,47.3942494]]}},{"type":"Feature","properties":{"layer":"road_network","edge_id":"9724408638:9724408628:0","source":"9724408638","target":"9724408628","osm_id":"946638092","highway":"service","access":"no","bridge":"","tunnel":"","length_m":59.13},"geometry":{"type":"LineString","coordinates":[[8.4177561,47.3939365],[8.4178169,47.3937058],[8.4178254,47.3936737],[8.4178996,47.3934137]]}},{"type":"Feature","properties":{"layer":"road_network","edge_id":"9724408640:5590134962:0","source":"9724408640","target":"5590134962","osm_id":"1125787360;1125787359","highway":"path;footway","access":"","bridge":"","tunnel":"","length_m":14.62},"geometry":{"type":"LineString","coordinates":[[8.4179595,47.3934229],[8.4179845,47.393341],[8.4180545,47.3933479]]}},{"type":"Feature","properties":{"layer":"road_network","edge_id":"9724554632:9724554633:0","source":"9724554632","target":"9724554633","osm_id":"708056273","highway":"secondary","access":"","bridge":"","tunnel":"","length_m":13.49},"geometry":{"type":"LineString","coordinates":[[8.406196,47.4023522],[8.4063399,47.4022798]]}},{"type":"Feature","properties":{"layer":"road_network","edge_id":"9724554633:2595125676:0","source":"9724554633","target":"2595125676","osm_id":"28944022","highway":"tertiary","access":"","bridge":"","tunnel":"","length_m":8.69},"geometry":{"type":"LineString","coordinates":[[8.4062657,47.4022199],[8.4063399,47.4022798]]}},{"type":"Feature","properties":{"layer":"road_network","edge_id":"9724554633:1202052524:0","source":"9724554633","target":"1202052524","osm_id":"578634295","highway":"secondary","access":"","bridge":"","tunnel":"","length_m":60.56},"geometry":{"type":"LineString","coordinates":[[8.4063399,47.4022798],[8.4067576,47.4020634],[8.4069131,47.401967],[8.4069653,47.4019378]]}},{"type":"Feature","properties":{"layer":"road_network","edge_id":"9724554633:9724554634:0","source":"9724554633","target":"9724554634","osm_id":"1058294359","highway":"secondary_link","access":"","bridge":"","tunnel":"","length_m":13.79},"geometry":{"type":"LineString","coordinates":[[8.4063399,47.4022798],[8.4063792,47.4023137],[8.4064044,47.4023356],[8.4064529,47.4023774]]}},{"type":"Feature","properties":{"layer":"road_network","edge_id":"9724554634:2595125679:0","source":"9724554634","target":"2595125679","osm_id":"1058294352","highway":"secondary","access":"","bridge":"","tunnel":"","length_m":13.95},"geometry":{"type":"LineString","coordinates":[[8.4063067,47.4024545],[8.4064529,47.4023774]]}},{"type":"Feature","properties":{"layer":"road_network","edge_id":"9724554634:9724554633:0","source":"9724554634","target":"9724554633","osm_id":"1058294359","highway":"secondary_link","access":"","bridge":"","tunnel":"","length_m":13.79},"geometry":{"type":"LineString","coordinates":[[8.4064529,47.4023774],[8.4064044,47.4023356],[8.4063792,47.4023137],[8.4063399,47.4022798]]}},{"type":"Feature","properties":{"layer":"road_network","edge_id":"9810496383:9810496389:0","source":"9810496383","target":"9810496389","osm_id":"1068737499","highway":"service","access":"","bridge":"","tunnel":"","length_m":30.64},"geometry":{"type":"LineString","coordinates":[[8.4153137,47.3952164],[8.4153742,47.3949439]]}},{"type":"Feature","properties":{"layer":"road_network","edge_id":"9810496384:9810496389:0","source":"9810496384","target":"9810496389","osm_id":"1068737500","highway":"service","access":"","bridge":"","tunnel":"","length_m":7.18},"geometry":{"type":"LineString","coordinates":[[8.4152196,47.3952059],[8.4153137,47.3952164]]}},{"type":"Feature","properties":{"layer":"road_network","edge_id":"9810496388:13329889665:0","source":"9810496388","target":"13329889665","osm_id":"28817319","highway":"residential","access":"","bridge":"","tunnel":"","length_m":87.66},"geometry":{"type":"LineString","coordinates":[[8.415311,47.3954511],[8.4152742,47.395454],[8.4151126,47.3954806],[8.4149114,47.3955425],[8.4147205,47.3956146],[8.4146016,47.3956705],[8.4145026,47.395734],[8.4143459,47.3958575]]}},{"type":"Feature","properties":{"layer":"road_network","edge_id":"9810496388:13329889665:1","source":"9810496388","target":"13329889665","osm_id":"1453517943","highway":"service","access":"","bridge":"","tunnel":"","length_m":124.38},"geometry":{"type":"LineString","coordinates":[[8.415311,47.3954511],[8.4152696,47.3956958],[8.4152092,47.3958836],[8.4151442,47.3959638],[8.415056,47.3960008],[8.4149654,47.3960165],[8.414869,47.3960196],[8.4147889,47.396],[8.4146357,47.3959528],[8.4143459,47.3958575]]}},{"type":"Feature","properties":{"layer":"road_network","edge_id":"9810496388:316823020:0","source":"9810496388","target":"316823020","osm_id":"28817319","highway":"residential","access":"","bridge":"","tunnel":"","length_m":63.74},"geometry":{"type":"LineString","coordinates":[[8.415311,47.3954511],[8.4154416,47.3954407],[8.4156423,47.3954408],[8.4158479,47.3954602],[8.4161519,47.3954894]]}},{"type":"Feature","properties":{"layer":"road_network","edge_id":"9810496388:9810496389:0","source":"9810496388","target":"9810496389","osm_id":"1068737500","highway":"service","access":"","bridge":"","tunnel":"","length_m":34.23},"geometry":{"type":"LineString","coordinates":[[8.415311,47.3954511],[8.4153438,47.3953806],[8.4153998,47.3952924],[8.4154192,47.3952282],[8.4153137,47.3952164]]}},{"type":"Feature","properties":{"layer":"road_network","edge_id":"9810496389:9810496383:0","source":"9810496389","target":"9810496383","osm_id":"1068737499","highway":"service","access":"","bridge":"","tunnel":"","length_m":30.64},"geometry":{"type":"LineString","coordinates":[[8.4153137,47.3952164],[8.4153742,47.3949439]]}},{"type":"Feature","properties":{"layer":"road_network","edge_id":"9810496389:9810496384:0","source":"9810496389","target":"9810496384","osm_id":"1068737500","highway":"service","access":"","bridge":"","tunnel":"","length_m":7.18},"geometry":{"type":"LineString","coordinates":[[8.4152196,47.3952059],[8.4153137,47.3952164]]}},{"type":"Feature","properties":{"layer":"road_network","edge_id":"9810496389:9810496388:0","source":"9810496389","target":"9810496388","osm_id":"1068737500","highway":"service","access":"","bridge":"","tunnel":"","length_m":34.23},"geometry":{"type":"LineString","coordinates":[[8.4153137,47.3952164],[8.4154192,47.3952282],[8.4153998,47.3952924],[8.4153438,47.3953806],[8.415311,47.3954511]]}},{"type":"Feature","properties":{"layer":"road_network","edge_id":"9810502628:9810502635:0","source":"9810502628","target":"9810502635","osm_id":"38913456","highway":"residential","access":"","bridge":"","tunnel":"","length_m":32.15},"geometry":{"type":"LineString","coordinates":[[8.4161892,47.3953135],[8.4162499,47.3950273]]}},{"type":"Feature","properties":{"layer":"road_network","edge_id":"9810502628:9810502632:0","source":"9810502628","target":"9810502632","osm_id":"38913456","highway":"residential","access":"","bridge":"","tunnel":"","length_m":32.93},"geometry":{"type":"LineString","coordinates":[[8.4162499,47.3950273],[8.4162673,47.3949451],[8.4163311,47.3947364]]}},{"type":"Feature","properties":{"layer":"road_network","edge_id":"9810502632:316823031:0","source":"9810502632","target":"316823031","osm_id":"38913456","highway":"residential","access":"","bridge":"","tunnel":"","length_m":9.04},"geometry":{"type":"LineString","coordinates":[[8.4163311,47.3947364],[8.4163555,47.3946568]]}},{"type":"Feature","properties":{"layer":"road_network","edge_id":"9810502632:9810502628:0","source":"9810502632","target":"9810502628","osm_id":"38913456","highway":"residential","access":"","bridge":"","tunnel":"","length_m":32.93},"geometry":{"type":"LineString","coordinates":[[8.4163311,47.3947364],[8.4162673,47.3949451],[8.4162499,47.3950273]]}},{"type":"Feature","properties":{"layer":"road_network","edge_id":"9810502635:316823020:0","source":"9810502635","target":"316823020","osm_id":"38913456","highway":"residential","access":"","bridge":"","tunnel":"","length_m":19.76},"geometry":{"type":"LineString","coordinates":[[8.4161519,47.3954894],[8.4161892,47.3953135]]}},{"type":"Feature","properties":{"layer":"road_network","edge_id":"9810502635:9810502628:0","source":"9810502635","target":"9810502628","osm_id":"38913456","highway":"residential","access":"","bridge":"","tunnel":"","length_m":32.15},"geometry":{"type":"LineString","coordinates":[[8.4161892,47.3953135],[8.4162499,47.3950273]]}},{"type":"Feature","properties":{"layer":"road_network","edge_id":"10253257595:460526820:0","source":"10253257595","target":"460526820","osm_id":"38819575","highway":"residential","access":"","bridge":"","tunnel":"","length_m":70.26},"geometry":{"type":"LineString","coordinates":[[8.4064484,47.4013595],[8.407032,47.4018527]]}},{"type":"Feature","properties":{"layer":"road_network","edge_id":"10253257595:422690950:0","source":"10253257595","target":"422690950","osm_id":"38819575","highway":"residential","access":"","bridge":"","tunnel":"","length_m":5.39},"geometry":{"type":"LineString","coordinates":[[8.407032,47.4018527],[8.4070784,47.4018896]]}},{"type":"Feature","properties":{"layer":"road_network","edge_id":"10570534964:1347092386:0","source":"10570534964","target":"1347092386","osm_id":"1133810042;1133810043","highway":"footway;service","access":"","bridge":"","tunnel":"","length_m":117.95},"geometry":{"type":"LineString","coordinates":[[8.4189851,47.3981425],[8.4185706,47.3981432],[8.4184155,47.3980398],[8.4182694,47.3980405],[8.4180022,47.3981678],[8.4180028,47.3984805]]}},{"type":"Feature","properties":{"layer":"road_network","edge_id":"10570534972:514389358:0","source":"10570534972","target":"514389358","osm_id":"26461548","highway":"service","access":"","bridge":"","tunnel":"","length_m":68.14},"geometry":{"type":"LineString","coordinates":[[8.419656,47.3977671],[8.4196808,47.3983797]]}},{"type":"Feature","properties":{"layer":"road_network","edge_id":"10570534972:289986487:0","source":"10570534972","target":"289986487","osm_id":"26461548","highway":"service","access":"","bridge":"","tunnel":"","length_m":8.43},"geometry":{"type":"LineString","coordinates":[[8.4196529,47.3976913],[8.419656,47.3977671]]}},{"type":"Feature","properties":{"layer":"road_network","edge_id":"10816954865:10816954876:0","source":"10816954865","target":"10816954876","osm_id":"1450018989","highway":"service","access":"no","bridge":"yes","tunnel":"","length_m":11.48},"geometry":{"type":"LineString","coordinates":[[8.4176155,47.3944772],[8.417638,47.3943751]]}},{"type":"Feature","properties":{"layer":"road_network","edge_id":"10816954865:10816954868:0","source":"10816954865","target":"10816954868","osm_id":"1450018984","highway":"service","access":"no","bridge":"yes","tunnel":"","length_m":14.19},"geometry":{"type":"LineString","coordinates":[[8.417638,47.3943751],[8.4176528,47.3943149],[8.4176707,47.3942494]]}},{"type":"Feature","properties":{"layer":"road_network","edge_id":"10816954865:10816954870:0","source":"10816954865","target":"10816954870","osm_id":"1450018988","highway":"primary","access":"","bridge":"yes","tunnel":"","length_m":10.99},"geometry":{"type":"LineString","coordinates":[[8.417638,47.3943751],[8.4176625,47.3943834],[8.4177684,47.3944195]]}},{"type":"Feature","properties":{"layer":"road_network","edge_id":"10816954868:9724408638:0","source":"10816954868","target":"9724408638","osm_id":"946638091;946638092","highway":"service","access":"no","bridge":"yes","tunnel":"","length_m":35.38},"geometry":{"type":"LineString","coordinates":[[8.4176707,47.3942494],[8.4176868,47.3941905],[8.4177497,47.3939609],[8.4177561,47.3939365]]}},{"type":"Feature","properties":{"layer":"road_network","edge_id":"10816954868:10816954871:0","source":"10816954868","target":"10816954871","osm_id":"1450018983","highway":"primary_link","access":"","bridge":"yes","tunnel":"","length_m":16.68},"geometry":{"type":"LineString","coordinates":[[8.4176707,47.3942494],[8.4176995,47.3942419],[8.4177433,47.3942304],[8.4178015,47.3942023],[8.4178487,47.3941652]]}},{"type":"Feature","properties":{"layer":"road_network","edge_id":"10816954868:10816954865:0","source":"10816954868","target":"10816954865","osm_id":"1450018984","highway":"service","access":"no","bridge":"yes","tunnel":"","length_m":14.19},"geometry":{"type":"LineString","coordinates":[[8.4176707,47.3942494],[8.4176528,47.3943149],[8.417638,47.3943751]]}},{"type":"Feature","properties":{"layer":"road_network","edge_id":"10816954869:10816954865:0","source":"10816954869","target":"10816954865","osm_id":"1163112212","highway":"primary","access":"","bridge":"yes","tunnel":"","length_m":26.93},"geometry":{"type":"LineString","coordinates":[[8.4173198,47.3942644],[8.4174131,47.3942985],[8.4174806,47.3943215],[8.4176204,47.3943691],[8.417638,47.3943751]]}},{"type":"Feature","properties":{"layer":"road_network","edge_id":"10816954869:10816954868:0","source":"10816954869","target":"10816954868","osm_id":"1163112216","highway":"primary_link","access":"","bridge":"yes","tunnel":"","length_m":26.65},"geometry":{"type":"LineString","coordinates":[[8.4173198,47.3942644],[8.4174183,47.3942689],[8.4175478,47.3942665],[8.4176076,47.3942609],[8.4176505,47.3942531],[8.4176707,47.3942494]]}},{"type":"Feature","properties":{"layer":"road_network","edge_id":"10816954870:6734053462:0","source":"10816954870","target":"6734053462","osm_id":"584884704","highway":"primary","access":"","bridge":"yes","tunnel":"","length_m":18.91},"geometry":{"type":"LineString","coordinates":[[8.4177684,47.3944195],[8.41799,47.3944997]]}},{"type":"Feature","properties":{"layer":"road_network","edge_id":"10816954870:5590134963:0","source":"10816954870","target":"5590134963","osm_id":"16776070","highway":"secondary","access":"","bridge":"yes","tunnel":"","length_m":19.08},"geometry":{"type":"LineString","coordinates":[[8.4177684,47.3944195],[8.4177978,47.3943327],[8.4178251,47.3942523]]}},{"type":"Feature","properties":{"layer":"road_network","edge_id":"10816954870:10816954876:0","source":"10816954870","target":"10816954876","osm_id":"1163112217","highway":"primary_link","access":"","bridge":"yes","tunnel":"","length_m":13.18},"geometry":{"type":"LineString","coordinates":[[8.4177684,47.3944195],[8.4176411,47.3944675],[8.4176155,47.3944772]]}},{"type":"Feature","properties":{"layer":"road_network","edge_id":"10816954871:5590134963:0","source":"10816954871","target":"5590134963","osm_id":"1163112215","highway":"secondary","access":"","bridge":"yes","tunnel":"","length_m":9.85},"geometry":{"type":"LineString","coordinates":[[8.4178251,47.3942523],[8.4178487,47.3941652]]}},{"type":"Feature","properties":{"layer":"road_network","edge_id":"10816954871:5590134962:0","source":"10816954871","target":"5590134962","osm_id":"25512274;1163112219;1163112214","highway":"secondary","access":"","bridge":"yes","tunnel":"","length_m":92.19},"geometry":{"type":"LineString","coordinates":[[8.4178487,47.3941652],[8.4178912,47.3940012],[8.4179338,47.3938309],[8.4180232,47.3934732],[8.4180466,47.3933797],[8.4180545,47.3933479]]}},{"type":"Feature","properties":{"layer":"road_network","edge_id":"10816954876:10816954865:0","source":"10816954876","target":"10816954865","osm_id":"1450018989","highway":"service","access":"no","bridge":"yes","tunnel":"","length_m":11.48},"geometry":{"type":"LineString","coordinates":[[8.4176155,47.3944772],[8.417638,47.3943751]]}},{"type":"Feature","properties":{"layer":"road_network","edge_id":"10816954876:1659794362:0","source":"10816954876","target":"1659794362","osm_id":"1450018985","highway":"primary","access":"","bridge":"yes","tunnel":"","length_m":14.99},"geometry":{"type":"LineString","coordinates":[[8.4176155,47.3944772],[8.4175953,47.3944706],[8.417436,47.3944189]]}},{"type":"Feature","properties":{"layer":"road_network","edge_id":"10816954876:9724408605:0","source":"10816954876","target":"9724408605","osm_id":"1450018986;38913445","highway":"service","access":"no","bridge":"yes","tunnel":"","length_m":14.79},"geometry":{"type":"LineString","coordinates":[[8.4176155,47.3944772],[8.4176062,47.3945208],[8.4175877,47.3945956],[8.4175852,47.3946086]]}},{"type":"Feature","properties":{"layer":"road_network","edge_id":"10818834348:4963219716:0","source":"10818834348","target":"4963219716","osm_id":"506619574","highway":"service","access":"","bridge":"","tunnel":"","length_m":5.44},"geometry":{"type":"LineString","coordinates":[[8.4182588,47.3923937],[8.4183299,47.3924024]]}},{"type":"Feature","properties":{"layer":"road_network","edge_id":"10818834348:13718667535:0","source":"10818834348","target":"13718667535","osm_id":"506619574","highway":"service","access":"","bridge":"","tunnel":"","length_m":8.92},"geometry":{"type":"LineString","coordinates":[[8.4183299,47.3924024],[8.4184462,47.3924177]]}},{"type":"Feature","properties":{"layer":"road_network","edge_id":"10818834355:462264934:0","source":"10818834355","target":"462264934","osm_id":"38913205","highway":"residential","access":"","bridge":"","tunnel":"","length_m":5.71},"geometry":{"type":"LineString","coordinates":[[8.4183093,47.3919557],[8.4183836,47.391966]]}},{"type":"Feature","properties":{"layer":"road_network","edge_id":"10818834355:4963219711:0","source":"10818834355","target":"4963219711","osm_id":"38913205","highway":"residential","access":"","bridge":"","tunnel":"","length_m":66.54},"geometry":{"type":"LineString","coordinates":[[8.4183093,47.3919557],[8.4182501,47.3919475],[8.4174318,47.3920102]]}},{"type":"Feature","properties":{"layer":"road_network","edge_id":"10818834361:1713288142:0","source":"10818834361","target":"1713288142","osm_id":"159235874","highway":"service","access":"","bridge":"","tunnel":"","length_m":5.36},"geometry":{"type":"LineString","coordinates":[[8.4182144,47.392299],[8.4182846,47.3923073]]}},{"type":"Feature","properties":{"layer":"road_network","edge_id":"10818834361:1713288149:0","source":"10818834361","target":"1713288149","osm_id":"159235874","highway":"service","access":"","bridge":"","tunnel":"","length_m":67.12},"geometry":{"type":"LineString","coordinates":[[8.4182144,47.392299],[8.4181418,47.3922995],[8.4173465,47.392432]]}},{"type":"Feature","properties":{"layer":"road_network","edge_id":"10832320080:673673374:0","source":"10832320080","target":"673673374","osm_id":"1164720893","highway":"track","access":"","bridge":"","tunnel":"","length_m":34.5},"geometry":{"type":"LineString","coordinates":[[8.4064893,47.3921356],[8.4069463,47.3921586]]}},{"type":"Feature","properties":{"layer":"road_network","edge_id":"10832320080:462267527:0","source":"10832320080","target":"462267527","osm_id":"855450816","highway":"track","access":"","bridge":"","tunnel":"","length_m":27.17},"geometry":{"type":"LineString","coordinates":[[8.4069463,47.3921586],[8.4068557,47.3921932],[8.4067541,47.3922412],[8.406653,47.3922997]]}},{"type":"Feature","properties":{"layer":"road_network","edge_id":"10833792065:428089587:0","source":"10833792065","target":"428089587","osm_id":"149148958","highway":"tertiary","access":"","bridge":"","tunnel":"","length_m":6.21},"geometry":{"type":"LineString","coordinates":[[8.4114552,47.3983614],[8.4115322,47.3983414]]}},{"type":"Feature","properties":{"layer":"road_network","edge_id":"10833792065:2194345187:0","source":"10833792065","target":"2194345187","osm_id":"1164841103","highway":"service","access":"","bridge":"","tunnel":"","length_m":5.16},"geometry":{"type":"LineString","coordinates":[[8.4115092,47.3982977],[8.4115322,47.3983414]]}},{"type":"Feature","properties":{"layer":"road_network","edge_id":"10833792065:316823041:0","source":"10833792065","target":"316823041","osm_id":"149148958","highway":"tertiary","access":"","bridge":"","tunnel":"","length_m":33.02},"geometry":{"type":"LineString","coordinates":[[8.4115322,47.3983414],[8.4117926,47.3982727],[8.411942,47.3982354]]}},{"type":"Feature","properties":{"layer":"road_network","edge_id":"10991748652:13252100183:0","source":"10991748652","target":"13252100183","osm_id":"28817337","highway":"residential","access":"","bridge":"","tunnel":"","length_m":18.91},"geometry":{"type":"LineString","coordinates":[[8.4192939,47.397704],[8.4195448,47.3976951]]}},{"type":"Feature","properties":{"layer":"road_network","edge_id":"10991748652:13252100181:0","source":"10991748652","target":"13252100181","osm_id":"1444258320","highway":"service","access":"","bridge":"","tunnel":"","length_m":29.07},"geometry":{"type":"LineString","coordinates":[[8.4192838,47.3974427],[8.4192939,47.397704]]}},{"type":"Feature","properties":{"layer":"road_network","edge_id":"10991748652:9724408555:0","source":"10991748652","target":"9724408555","osm_id":"28817337","highway":"residential","access":"","bridge":"","tunnel":"","length_m":129.05},"geometry":{"type":"LineString","coordinates":[[8.4192939,47.397704],[8.4186956,47.3977079],[8.4178262,47.3977032],[8.4176835,47.3977052],[8.4176155,47.3977057],[8.4175795,47.397706]]}},{"type":"Feature","properties":{"layer":"road_network","edge_id":"11331790998:1511932527:0","source":"11331790998","target":"1511932527","osm_id":"153273330","highway":"primary","access":"","bridge":"","tunnel":"","length_m":60.29},"geometry":{"type":"LineString","coordinates":[[8.4140821,47.3941759],[8.4141365,47.3941496],[8.4144582,47.3940006],[8.4146405,47.3939464],[8.4147734,47.3939068]]}},{"type":"Feature","properties":{"layer":"road_network","edge_id":"11331790998:13235448583:0","source":"11331790998","target":"13235448583","osm_id":"1442469850","highway":"motorway_link","access":"","bridge":"","tunnel":"","length_m":68.06},"geometry":{"type":"LineString","coordinates":[[8.4140821,47.3941759],[8.4142789,47.3940356],[8.4144178,47.3939756],[8.4145871,47.3939004],[8.4146665,47.3938458],[8.4147009,47.3938046],[8.4147152,47.3937596]]}},{"type":"Feature","properties":{"layer":"road_network","edge_id":"12741957465:4626575088:0","source":"12741957465","target":"4626575088","osm_id":"1376173700;1376173701;315928494","highway":"path;steps;footway","access":"","bridge":"","tunnel":"","length_m":42.88},"geometry":{"type":"LineString","coordinates":[[8.4215056,47.3992097],[8.4214895,47.399211],[8.4214402,47.399215],[8.4209397,47.3992541]]}},{"type":"Feature","properties":{"layer":"road_network","edge_id":"12741957465:7873002685:0","source":"12741957465","target":"7873002685","osm_id":"315928515;1376173701;315928493","highway":"path;steps;footway","access":"","bridge":"","tunnel":"","length_m":6.99},"geometry":{"type":"LineString","coordinates":[[8.4215056,47.3992097],[8.4215145,47.399209],[8.4215644,47.399205],[8.4215978,47.399202]]}},{"type":"Feature","properties":{"layer":"road_network","edge_id":"12741957474:4626575081:0","source":"12741957474","target":"4626575081","osm_id":"41756680","highway":"track","access":"","bridge":"","tunnel":"","length_m":48.03},"geometry":{"type":"LineString","coordinates":[[8.4208806,47.398968],[8.421502,47.3988699]]}},{"type":"Feature","properties":{"layer":"road_network","edge_id":"12803734541:422690885:0","source":"12803734541","target":"422690885","osm_id":"833788322","highway":"service","access":"","bridge":"","tunnel":"","length_m":9.75},"geometry":{"type":"LineString","coordinates":[[8.4195244,47.3987531],[8.4195132,47.3987532],[8.4194744,47.3987449],[8.4194426,47.3987298],[8.4194188,47.398709]]}},{"type":"Feature","properties":{"layer":"road_network","edge_id":"12803734558:2975440936:0","source":"12803734558","target":"2975440936","osm_id":"293967634","highway":"service","access":"","bridge":"","tunnel":"","length_m":35.1},"geometry":{"type":"LineString","coordinates":[[8.4180556,47.3986239],[8.4181798,47.3989282]]}},{"type":"Feature","properties":{"layer":"road_network","edge_id":"12803734558:2975441042:0","source":"12803734558","target":"2975441042","osm_id":"293967634","highway":"service","access":"","bridge":"","tunnel":"","length_m":9.41},"geometry":{"type":"LineString","coordinates":[[8.4181798,47.3989282],[8.4182131,47.3990098]]}},{"type":"Feature","properties":{"layer":"road_network","edge_id":"12981671538:12981671539:0","source":"12981671538","target":"12981671539","osm_id":"1412656473","highway":"service","access":"","bridge":"","tunnel":"","length_m":35.53},"geometry":{"type":"LineString","coordinates":[[8.4074885,47.3935707],[8.407914,47.3934324]]}},{"type":"Feature","properties":{"layer":"road_network","edge_id":"12981671539:12981671538:0","source":"12981671539","target":"12981671538","osm_id":"1412656473","highway":"service","access":"","bridge":"","tunnel":"","length_m":35.53},"geometry":{"type":"LineString","coordinates":[[8.4074885,47.3935707],[8.407914,47.3934324]]}},{"type":"Feature","properties":{"layer":"road_network","edge_id":"12981671539:12981671541:0","source":"12981671539","target":"12981671541","osm_id":"1412656473","highway":"service","access":"","bridge":"","tunnel":"","length_m":30.71},"geometry":{"type":"LineString","coordinates":[[8.4074885,47.3935707],[8.4074035,47.3935168],[8.4072347,47.3933559]]}},{"type":"Feature","properties":{"layer":"road_network","edge_id":"12981671539:12981671545:0","source":"12981671539","target":"12981671545","osm_id":"1412656474","highway":"service","access":"","bridge":"","tunnel":"","length_m":52.59},"geometry":{"type":"LineString","coordinates":[[8.4074885,47.3935707],[8.4076132,47.3936558],[8.4076698,47.3936779],[8.4077238,47.3936875],[8.407756,47.3936897],[8.4080901,47.3935851]]}},{"type":"Feature","properties":{"layer":"road_network","edge_id":"12981671541:8615900312:0","source":"12981671541","target":"8615900312","osm_id":"928988448","highway":"service","access":"","bridge":"","tunnel":"","length_m":26.5},"geometry":{"type":"LineString","coordinates":[[8.4072347,47.3933559],[8.4070816,47.3934043],[8.4070072,47.3934289],[8.4069261,47.3934688]]}},{"type":"Feature","properties":{"layer":"road_network","edge_id":"12981671541:8615900309:0","source":"12981671541","target":"8615900309","osm_id":"928988448","highway":"service","access":"","bridge":"","tunnel":"","length_m":90.95},"geometry":{"type":"LineString","coordinates":[[8.4072347,47.3933559],[8.4073303,47.3933257],[8.4076874,47.3932062],[8.4083125,47.3929865]]}},{"type":"Feature","properties":{"layer":"road_network","edge_id":"12981671541:12981671539:0","source":"12981671541","target":"12981671539","osm_id":"1412656473","highway":"service","access":"","bridge":"","tunnel":"","length_m":30.71},"geometry":{"type":"LineString","coordinates":[[8.4072347,47.3933559],[8.4074035,47.3935168],[8.4074885,47.3935707]]}},{"type":"Feature","properties":{"layer":"road_network","edge_id":"12981671545:12981671539:0","source":"12981671545","target":"12981671539","osm_id":"1412656474","highway":"service","access":"","bridge":"","tunnel":"","length_m":52.59},"geometry":{"type":"LineString","coordinates":[[8.4080901,47.3935851],[8.407756,47.3936897],[8.4077238,47.3936875],[8.4076698,47.3936779],[8.4076132,47.3936558],[8.4074885,47.3935707]]}},{"type":"Feature","properties":{"layer":"road_network","edge_id":"13203262410:854806771:0","source":"13203262410","target":"854806771","osm_id":"28817323","highway":"residential","access":"","bridge":"","tunnel":"","length_m":20.44},"geometry":{"type":"LineString","coordinates":[[8.4134523,47.3973457],[8.4137149,47.397299]]}},{"type":"Feature","properties":{"layer":"road_network","edge_id":"13203262410:316822998:0","source":"13203262410","target":"316822998","osm_id":"28817323","highway":"residential","access":"","bridge":"","tunnel":"","length_m":32.82},"geometry":{"type":"LineString","coordinates":[[8.4130305,47.3974206],[8.4134523,47.3973457]]}},{"type":"Feature","properties":{"layer":"road_network","edge_id":"13203262410:13203262432:0","source":"13203262410","target":"13203262432","osm_id":"1436502686","highway":"service","access":"","bridge":"","tunnel":"","length_m":37.29},"geometry":{"type":"LineString","coordinates":[[8.4134523,47.3973457],[8.4134346,47.3972747],[8.4135618,47.3970258]]}},{"type":"Feature","properties":{"layer":"road_network","edge_id":"13203262432:13203262410:0","source":"13203262432","target":"13203262410","osm_id":"1436502686","highway":"service","access":"","bridge":"","tunnel":"","length_m":37.29},"geometry":{"type":"LineString","coordinates":[[8.4135618,47.3970258],[8.4134346,47.3972747],[8.4134523,47.3973457]]}},{"type":"Feature","properties":{"layer":"road_network","edge_id":"13203300414:1044837294:0","source":"13203300414","target":"1044837294","osm_id":"1436507420","highway":"service","access":"","bridge":"","tunnel":"","length_m":25.92},"geometry":{"type":"LineString","coordinates":[[8.4192644,47.3984087],[8.4192587,47.3985337],[8.4193252,47.3986319]]}},{"type":"Feature","properties":{"layer":"road_network","edge_id":"13203300429:422690885:0","source":"13203300429","target":"422690885","osm_id":"90128279","highway":"secondary","access":"","bridge":"","tunnel":"","length_m":3.26},"geometry":{"type":"LineString","coordinates":[[8.4193793,47.398721],[8.4194188,47.398709]]}},{"type":"Feature","properties":{"layer":"road_network","edge_id":"13203300429:5543504263:0","source":"13203300429","target":"5543504263","osm_id":"90128279","highway":"secondary","access":"","bridge":"","tunnel":"","length_m":39.86},"geometry":{"type":"LineString","coordinates":[[8.4193793,47.398721],[8.4193404,47.3987325],[8.4190851,47.3988089],[8.4190271,47.3988238],[8.4188906,47.3988588]]}},{"type":"Feature","properties":{"layer":"road_network","edge_id":"13203300429:1044837294:0","source":"13203300429","target":"1044837294","osm_id":"1436507420","highway":"service","access":"","bridge":"","tunnel":"","length_m":10.71},"geometry":{"type":"LineString","coordinates":[[8.4193793,47.398721],[8.4193332,47.3986437],[8.4193252,47.3986319]]}},{"type":"Feature","properties":{"layer":"road_network","edge_id":"13252100167:514390488:0","source":"13252100167","target":"514390488","osm_id":"28817333","highway":"residential","access":"","bridge":"","tunnel":"","length_m":11.32},"geometry":{"type":"LineString","coordinates":[[8.4177593,47.3967482],[8.4177674,47.3966465]]}},{"type":"Feature","properties":{"layer":"road_network","edge_id":"13252100167:13252100168:0","source":"13252100167","target":"13252100168","osm_id":"1444258315","highway":"service","access":"","bridge":"","tunnel":"","length_m":6.86},"geometry":{"type":"LineString","coordinates":[[8.4177593,47.3967482],[8.4178499,47.3967551]]}},{"type":"Feature","properties":{"layer":"road_network","edge_id":"13252100167:3949927035:0","source":"13252100167","target":"3949927035","osm_id":"28817333","highway":"residential","access":"","bridge":"","tunnel":"","length_m":92.11},"geometry":{"type":"LineString","coordinates":[[8.4177593,47.3967482],[8.4177556,47.3967955],[8.417735,47.3969253],[8.4177069,47.3970622],[8.4176036,47.3975696]]}},{"type":"Feature","properties":{"layer":"road_network","edge_id":"13252100168:13252100167:0","source":"13252100168","target":"13252100167","osm_id":"1444258315","highway":"service","access":"","bridge":"","tunnel":"","length_m":6.86},"geometry":{"type":"LineString","coordinates":[[8.4177593,47.3967482],[8.4178499,47.3967551]]}},{"type":"Feature","properties":{"layer":"road_network","edge_id":"13252100168:13252100171:0","source":"13252100168","target":"13252100171","osm_id":"1444258314;1444258315","highway":"path;service","access":"","bridge":"","tunnel":"","length_m":39.98},"geometry":{"type":"LineString","coordinates":[[8.4178499,47.3967551],[8.41828,47.3967713],[8.4183794,47.3967808]]}},{"type":"Feature","properties":{"layer":"road_network","edge_id":"13252100171:13252100168:0","source":"13252100171","target":"13252100168","osm_id":"1444258314;1444258315","highway":"path;service","access":"","bridge":"","tunnel":"","length_m":39.98},"geometry":{"type":"LineString","coordinates":[[8.4183794,47.3967808],[8.41828,47.3967713],[8.4178499,47.3967551]]}},{"type":"Feature","properties":{"layer":"road_network","edge_id":"13252100174:13252100183:0","source":"13252100174","target":"13252100183","osm_id":"1444258321;1444258319","highway":"footway;service","access":"","bridge":"","tunnel":"","length_m":43.42},"geometry":{"type":"LineString","coordinates":[[8.4195357,47.3973047],[8.4195398,47.3973672],[8.4195448,47.3976951]]}},{"type":"Feature","properties":{"layer":"road_network","edge_id":"13252100181:10991748652:0","source":"13252100181","target":"10991748652","osm_id":"1444258320","highway":"service","access":"","bridge":"","tunnel":"","length_m":29.07},"geometry":{"type":"LineString","coordinates":[[8.4192838,47.3974427],[8.4192939,47.397704]]}},{"type":"Feature","properties":{"layer":"road_network","edge_id":"13252100183:289986487:0","source":"13252100183","target":"289986487","osm_id":"28817337","highway":"residential","access":"","bridge":"","tunnel":"","length_m":8.15},"geometry":{"type":"LineString","coordinates":[[8.4195448,47.3976951],[8.4196529,47.3976913]]}},{"type":"Feature","properties":{"layer":"road_network","edge_id":"13252100183:10991748652:0","source":"13252100183","target":"10991748652","osm_id":"28817337","highway":"residential","access":"","bridge":"","tunnel":"","length_m":18.91},"geometry":{"type":"LineString","coordinates":[[8.4192939,47.397704],[8.4195448,47.3976951]]}},{"type":"Feature","properties":{"layer":"road_network","edge_id":"13252100183:13252100174:0","source":"13252100183","target":"13252100174","osm_id":"1444258321;1444258319","highway":"footway;service","access":"","bridge":"","tunnel":"","length_m":43.42},"geometry":{"type":"LineString","coordinates":[[8.4195448,47.3976951],[8.4195398,47.3973672],[8.4195357,47.3973047]]}},{"type":"Feature","properties":{"layer":"road_network","edge_id":"13279157936:1299376296:0","source":"13279157936","target":"1299376296","osm_id":"104665376","highway":"secondary","access":"","bridge":"","tunnel":"","length_m":23.31},"geometry":{"type":"LineString","coordinates":[[8.4213525,47.3979909],[8.4216257,47.3978921]]}},{"type":"Feature","properties":{"layer":"road_network","edge_id":"13279157936:13279157937:0","source":"13279157936","target":"13279157937","osm_id":"1447316451","highway":"service","access":"","bridge":"","tunnel":"","length_m":7.75},"geometry":{"type":"LineString","coordinates":[[8.4216257,47.3978921],[8.4216781,47.3979521]]}},{"type":"Feature","properties":{"layer":"road_network","edge_id":"13279157937:13279157936:0","source":"13279157937","target":"13279157936","osm_id":"1447316451","highway":"service","access":"","bridge":"","tunnel":"","length_m":7.75},"geometry":{"type":"LineString","coordinates":[[8.4216257,47.3978921],[8.4216781,47.3979521]]}},{"type":"Feature","properties":{"layer":"road_network","edge_id":"13279157937:13279157938:0","source":"13279157937","target":"13279157938","osm_id":"1447316451","highway":"service","access":"","bridge":"","tunnel":"","length_m":24.45},"geometry":{"type":"LineString","coordinates":[[8.4216781,47.3979521],[8.4218438,47.3981412]]}},{"type":"Feature","properties":{"layer":"road_network","edge_id":"13279157938:13279157937:0","source":"13279157938","target":"13279157937","osm_id":"1447316451","highway":"service","access":"","bridge":"","tunnel":"","length_m":24.45},"geometry":{"type":"LineString","coordinates":[[8.4216781,47.3979521],[8.4218438,47.3981412]]}},{"type":"Feature","properties":{"layer":"road_network","edge_id":"13279157939:13279157945:0","source":"13279157939","target":"13279157945","osm_id":"1447316452","highway":"service","access":"","bridge":"","tunnel":"","length_m":13.42},"geometry":{"type":"LineString","coordinates":[[8.4214405,47.3982026],[8.4214816,47.3980852]]}},{"type":"Feature","properties":{"layer":"road_network","edge_id":"13279157940:13279157945:0","source":"13279157940","target":"13279157945","osm_id":"1447316453","highway":"service","access":"","bridge":"","tunnel":"","length_m":33.04},"geometry":{"type":"LineString","coordinates":[[8.4217135,47.398421],[8.4216486,47.3983872],[8.4216369,47.3983489],[8.4215385,47.3982946],[8.4214824,47.3982209],[8.4214405,47.3982026]]}},{"type":"Feature","properties":{"layer":"road_network","edge_id":"13279157945:13279157939:0","source":"13279157945","target":"13279157939","osm_id":"1447316452","highway":"service","access":"","bridge":"","tunnel":"","length_m":13.42},"geometry":{"type":"LineString","coordinates":[[8.4214405,47.3982026],[8.4214816,47.3980852]]}},{"type":"Feature","properties":{"layer":"road_network","edge_id":"13279157945:13279157946:0","source":"13279157945","target":"13279157946","osm_id":"1447316453","highway":"service","access":"","bridge":"","tunnel":"","length_m":11.71},"geometry":{"type":"LineString","coordinates":[[8.4212978,47.3982445],[8.4214405,47.3982026]]}},{"type":"Feature","properties":{"layer":"road_network","edge_id":"13279157945:13279157940:0","source":"13279157945","target":"13279157940","osm_id":"1447316453","highway":"service","access":"","bridge":"","tunnel":"","length_m":33.04},"geometry":{"type":"LineString","coordinates":[[8.4214405,47.3982026],[8.4214824,47.3982209],[8.4215385,47.3982946],[8.4216369,47.3983489],[8.4216486,47.3983872],[8.4217135,47.398421]]}},{"type":"Feature","properties":{"layer":"road_network","edge_id":"13279157946:1299376223:0","source":"13279157946","target":"1299376223","osm_id":"90128262","highway":"residential","access":"","bridge":"","tunnel":"","length_m":8.01},"geometry":{"type":"LineString","coordinates":[[8.4212532,47.3981791],[8.4212978,47.3982445]]}},{"type":"Feature","properties":{"layer":"road_network","edge_id":"13279157946:1044837278:0","source":"13279157946","target":"1044837278","osm_id":"90128262","highway":"residential","access":"","bridge":"","tunnel":"","length_m":23.18},"geometry":{"type":"LineString","coordinates":[[8.4212978,47.3982445],[8.4214268,47.3984338]]}},{"type":"Feature","properties":{"layer":"road_network","edge_id":"13279157946:13279157945:0","source":"13279157946","target":"13279157945","osm_id":"1447316453","highway":"service","access":"","bridge":"","tunnel":"","length_m":11.71},"geometry":{"type":"LineString","coordinates":[[8.4212978,47.3982445],[8.4214405,47.3982026]]}},{"type":"Feature","properties":{"layer":"road_network","edge_id":"13294795285:1221309284:0","source":"13294795285","target":"1221309284","osm_id":"292852056","highway":"service","access":"private","bridge":"","tunnel":"","length_m":32.41},"geometry":{"type":"LineString","coordinates":[[8.4155736,47.3998164],[8.4156187,47.3997883],[8.4156751,47.3997622],[8.4159659,47.3997098]]}},{"type":"Feature","properties":{"layer":"road_network","edge_id":"13294795285:13294795293:0","source":"13294795285","target":"13294795293","osm_id":"1449419336","highway":"service","access":"private","bridge":"","tunnel":"","length_m":20.13},"geometry":{"type":"LineString","coordinates":[[8.4155736,47.3998164],[8.4155557,47.3998048],[8.4155334,47.3997974],[8.4155088,47.3997951],[8.4154818,47.3997987],[8.4154581,47.3998083],[8.4154408,47.3998229],[8.4154319,47.3998405],[8.4154324,47.3998592],[8.4154424,47.3998766],[8.4154605,47.3998906]]}},{"type":"Feature","properties":{"layer":"road_network","edge_id":"13294795285:13294795293:1","source":"13294795285","target":"13294795293","osm_id":"1449419336","highway":"service","access":"private","bridge":"","tunnel":"","length_m":17.24},"geometry":{"type":"LineString","coordinates":[[8.4155736,47.3998164],[8.4155853,47.3998313],[8.4155897,47.3998478],[8.4155863,47.3998645],[8.4155754,47.3998796],[8.4155582,47.3998917],[8.4155363,47.3998996],[8.4155118,47.3999026],[8.4154846,47.3998997],[8.4154605,47.3998906]]}},{"type":"Feature","properties":{"layer":"road_network","edge_id":"13294795293:13294795285:0","source":"13294795293","target":"13294795285","osm_id":"1449419336","highway":"service","access":"private","bridge":"","tunnel":"","length_m":17.24},"geometry":{"type":"LineString","coordinates":[[8.4154605,47.3998906],[8.4154846,47.3998997],[8.4155118,47.3999026],[8.4155363,47.3998996],[8.4155582,47.3998917],[8.4155754,47.3998796],[8.4155863,47.3998645],[8.4155897,47.3998478],[8.4155853,47.3998313],[8.4155736,47.3998164]]}},{"type":"Feature","properties":{"layer":"road_network","edge_id":"13294795293:13294795285:1","source":"13294795293","target":"13294795285","osm_id":"1449419336","highway":"service","access":"private","bridge":"","tunnel":"","length_m":20.13},"geometry":{"type":"LineString","coordinates":[[8.4154605,47.3998906],[8.4154424,47.3998766],[8.4154324,47.3998592],[8.4154319,47.3998405],[8.4154408,47.3998229],[8.4154581,47.3998083],[8.4154818,47.3997987],[8.4155088,47.3997951],[8.4155334,47.3997974],[8.4155557,47.3998048],[8.4155736,47.3998164]]}},{"type":"Feature","properties":{"layer":"road_network","edge_id":"13294795293:13294795296:0","source":"13294795293","target":"13294795296","osm_id":"1449419337","highway":"service","access":"private","bridge":"","tunnel":"","length_m":14.35},"geometry":{"type":"LineString","coordinates":[[8.4154605,47.3998906],[8.4154307,47.3999097],[8.4154369,47.4000109]]}},{"type":"Feature","properties":{"layer":"road_network","edge_id":"13294795296:514393913:0","source":"13294795296","target":"514393913","osm_id":"1164846366","highway":"track","access":"","bridge":"","tunnel":"","length_m":176.06},"geometry":{"type":"LineString","coordinates":[[8.4154369,47.4000109],[8.4165216,47.3999731],[8.4177727,47.3999258]]}},{"type":"Feature","properties":{"layer":"road_network","edge_id":"13294795296:516453950:0","source":"13294795296","target":"516453950","osm_id":"686776064;1164846366","highway":"track","access":"","bridge":"","tunnel":"","length_m":406.02},"geometry":{"type":"LineString","coordinates":[[8.4154369,47.4000109],[8.4147245,47.4000358],[8.4137724,47.4000763],[8.4136592,47.4000808],[8.4135579,47.4000871],[8.4134737,47.4000938],[8.4133588,47.4001062],[8.4132504,47.4001202],[8.412188,47.4002849],[8.4117877,47.4003554],[8.411584,47.4003947],[8.4114195,47.4004303],[8.4112566,47.4004688],[8.4110584,47.4005201],[8.4108476,47.4005773],[8.4106346,47.4006402],[8.4104593,47.4006967],[8.4102964,47.4007535],[8.4102155,47.4007816]]}},{"type":"Feature","properties":{"layer":"road_network","edge_id":"13294795296:13294795293:0","source":"13294795296","target":"13294795293","osm_id":"1449419337","highway":"service","access":"private","bridge":"","tunnel":"","length_m":14.35},"geometry":{"type":"LineString","coordinates":[[8.4154369,47.4000109],[8.4154307,47.3999097],[8.4154605,47.3998906]]}},{"type":"Feature","properties":{"layer":"road_network","edge_id":"13294812314:1221309284:0","source":"13294812314","target":"1221309284","osm_id":"292852056","highway":"service","access":"private","bridge":"","tunnel":"","length_m":35.79},"geometry":{"type":"LineString","coordinates":[[8.4159659,47.3997098],[8.416427,47.3996313]]}},{"type":"Feature","properties":{"layer":"road_network","edge_id":"13294812314:13294812322:0","source":"13294812314","target":"13294812322","osm_id":"292852056","highway":"service","access":"private","bridge":"","tunnel":"","length_m":30.43},"geometry":{"type":"LineString","coordinates":[[8.416427,47.3996313],[8.416645,47.3995901],[8.4168181,47.3995623]]}},{"type":"Feature","properties":{"layer":"road_network","edge_id":"13294812322:13294812344:0","source":"13294812322","target":"13294812344","osm_id":"292852056","highway":"service","access":"private","bridge":"","tunnel":"","length_m":30.69},"geometry":{"type":"LineString","coordinates":[[8.4168181,47.3995623],[8.4172148,47.3994983]]}},{"type":"Feature","properties":{"layer":"road_network","edge_id":"13294812322:13294812314:0","source":"13294812322","target":"13294812314","osm_id":"292852056","highway":"service","access":"private","bridge":"","tunnel":"","length_m":30.43},"geometry":{"type":"LineString","coordinates":[[8.4168181,47.3995623],[8.416645,47.3995901],[8.416427,47.3996313]]}},{"type":"Feature","properties":{"layer":"road_network","edge_id":"13294812344:514393749:0","source":"13294812344","target":"514393749","osm_id":"292852056","highway":"service","access":"private","bridge":"","tunnel":"","length_m":31.45},"geometry":{"type":"LineString","coordinates":[[8.4172148,47.3994983],[8.4176213,47.3994328]]}},{"type":"Feature","properties":{"layer":"road_network","edge_id":"13294812344:13294812322:0","source":"13294812344","target":"13294812322","osm_id":"292852056","highway":"service","access":"private","bridge":"","tunnel":"","length_m":30.69},"geometry":{"type":"LineString","coordinates":[[8.4168181,47.3995623],[8.4172148,47.3994983]]}},{"type":"Feature","properties":{"layer":"road_network","edge_id":"13299558581:289986665:0","source":"13299558581","target":"289986665","osm_id":"1450018971","highway":"secondary","access":"","bridge":"","tunnel":"","length_m":57.33},"geometry":{"type":"LineString","coordinates":[[8.4205098,47.3983145],[8.4211711,47.3980586]]}},{"type":"Feature","properties":{"layer":"road_network","edge_id":"13299558581:13299558584:0","source":"13299558581","target":"13299558584","osm_id":"1450018972","highway":"secondary","access":"","bridge":"","tunnel":"","length_m":58.62},"geometry":{"type":"LineString","coordinates":[[8.4205098,47.3983145],[8.420423,47.3983981],[8.4198737,47.3986039]]}},{"type":"Feature","properties":{"layer":"road_network","edge_id":"13299558584:289986546:0","source":"13299558584","target":"289986546","osm_id":"1450018972","highway":"secondary","access":"","bridge":"","tunnel":"","length_m":13.02},"geometry":{"type":"LineString","coordinates":[[8.4197022,47.3986195],[8.4198737,47.3986039]]}},{"type":"Feature","properties":{"layer":"road_network","edge_id":"13329889665:316822998:0","source":"13329889665","target":"316822998","osm_id":"28817319","highway":"residential","access":"","bridge":"","tunnel":"","length_m":210.2},"geometry":{"type":"LineString","coordinates":[[8.4143459,47.3958575],[8.4132027,47.3967582],[8.4131261,47.3968384],[8.4130738,47.3969132],[8.4129973,47.3970592],[8.4129681,47.3971503],[8.412961,47.3972414],[8.4130305,47.3974206]]}},{"type":"Feature","properties":{"layer":"road_network","edge_id":"13329889665:9810496388:0","source":"13329889665","target":"9810496388","osm_id":"28817319","highway":"residential","access":"","bridge":"","tunnel":"","length_m":87.66},"geometry":{"type":"LineString","coordinates":[[8.4143459,47.3958575],[8.4145026,47.395734],[8.4146016,47.3956705],[8.4147205,47.3956146],[8.4149114,47.3955425],[8.4151126,47.3954806],[8.4152742,47.395454],[8.415311,47.3954511]]}},{"type":"Feature","properties":{"layer":"road_network","edge_id":"13329889665:9810496388:1","source":"13329889665","target":"9810496388","osm_id":"1453517943","highway":"service","access":"","bridge":"","tunnel":"","length_m":124.38},"geometry":{"type":"LineString","coordinates":[[8.4143459,47.3958575],[8.4146357,47.3959528],[8.4147889,47.396],[8.414869,47.3960196],[8.4149654,47.3960165],[8.415056,47.3960008],[8.4151442,47.3959638],[8.4152092,47.3958836],[8.4152696,47.3956958],[8.415311,47.3954511]]}},{"type":"Feature","properties":{"layer":"road_network","edge_id":"13718667535:10818834348:0","source":"13718667535","target":"10818834348","osm_id":"506619574","highway":"service","access":"","bridge":"","tunnel":"","length_m":8.92},"geometry":{"type":"LineString","coordinates":[[8.4183299,47.3924024],[8.4184462,47.3924177]]}},{"type":"Feature","properties":{"layer":"road_network","edge_id":"13718667535:13718667546:0","source":"13718667535","target":"13718667546","osm_id":"1497952544","highway":"service","access":"","bridge":"","tunnel":"","length_m":19.85},"geometry":{"type":"LineString","coordinates":[[8.4183973,47.3925931],[8.4184462,47.3924177]]}},{"type":"Feature","properties":{"layer":"road_network","edge_id":"13718667535:8762296563:0","source":"13718667535","target":"8762296563","osm_id":"506619574","highway":"service","access":"","bridge":"","tunnel":"","length_m":111.2},"geometry":{"type":"LineString","coordinates":[[8.4184462,47.3924177],[8.4189121,47.3924789],[8.418794,47.3928322],[8.4189391,47.3928516],[8.4188656,47.3930622]]}},{"type":"Feature","properties":{"layer":"road_network","edge_id":"13718667540:13718667549:0","source":"13718667540","target":"13718667549","osm_id":"1497952545","highway":"service","access":"","bridge":"","tunnel":"","length_m":5.62},"geometry":{"type":"LineString","coordinates":[[8.4183761,47.3919917],[8.4184501,47.3919984]]}},{"type":"Feature","properties":{"layer":"road_network","edge_id":"13718667540:13718667541:0","source":"13718667540","target":"13718667541","osm_id":"1497952545","highway":"service","access":"","bridge":"","tunnel":"","length_m":51.76},"geometry":{"type":"LineString","coordinates":[[8.4184501,47.3919984],[8.418758,47.3920693],[8.4188529,47.3918325]]}},{"type":"Feature","properties":{"layer":"road_network","edge_id":"13718667541:13718667540:0","source":"13718667541","target":"13718667540","osm_id":"1497952545","highway":"service","access":"","bridge":"","tunnel":"","length_m":51.76},"geometry":{"type":"LineString","coordinates":[[8.4188529,47.3918325],[8.418758,47.3920693],[8.4184501,47.3919984]]}},{"type":"Feature","properties":{"layer":"road_network","edge_id":"13718667546:13718667535:0","source":"13718667546","target":"13718667535","osm_id":"1497952544","highway":"service","access":"","bridge":"","tunnel":"","length_m":19.85},"geometry":{"type":"LineString","coordinates":[[8.4183973,47.3925931],[8.4184462,47.3924177]]}},{"type":"Feature","properties":{"layer":"road_network","edge_id":"13718667549:462264934:0","source":"13718667549","target":"462264934","osm_id":"1416303241","highway":"secondary","access":"","bridge":"","tunnel":"","length_m":2.91},"geometry":{"type":"LineString","coordinates":[[8.4183761,47.3919917],[8.4183836,47.391966]]}},{"type":"Feature","properties":{"layer":"road_network","edge_id":"13718667549:1713288142:0","source":"13718667549","target":"1713288142","osm_id":"1416303241","highway":"secondary","access":"","bridge":"","tunnel":"","length_m":35.76},"geometry":{"type":"LineString","coordinates":[[8.4182846,47.3923073],[8.4183761,47.3919917]]}},{"type":"Feature","properties":{"layer":"road_network","edge_id":"13718667549:13718667540:0","source":"13718667549","target":"13718667540","osm_id":"1497952545","highway":"service","access":"","bridge":"","tunnel":"","length_m":5.62},"geometry":{"type":"LineString","coordinates":[[8.4183761,47.3919917],[8.4184501,47.3919984]]}},{"type":"Feature","properties":{"layer":"road_network","edge_id":"13844535279:13844586209:0","source":"13844535279","target":"13844586209","osm_id":"1516195183","highway":"service","access":"","bridge":"","tunnel":"","length_m":6.65},"geometry":{"type":"LineString","coordinates":[[8.4140147,47.3938798],[8.4140991,47.3938974]]}},{"type":"Feature","properties":{"layer":"road_network","edge_id":"13844535279:13844586208:0","source":"13844535279","target":"13844586208","osm_id":"1516195182","highway":"service","access":"","bridge":"","tunnel":"","length_m":220.68},"geometry":{"type":"LineString","coordinates":[[8.4140147,47.3938798],[8.4139032,47.3939759],[8.4136881,47.3941322],[8.4135777,47.3942187],[8.4135511,47.3942386],[8.4135305,47.3942492],[8.4135092,47.3942549],[8.4134841,47.3942571],[8.4134583,47.3942538],[8.4134359,47.3942473],[8.4133836,47.3942242],[8.4133434,47.3942129],[8.4133112,47.3942101],[8.413279,47.3942129],[8.4130162,47.3942405],[8.4129169,47.3942514],[8.4128841,47.3942501],[8.4128539,47.3942442],[8.4128385,47.3942374],[8.4128284,47.3942247],[8.4128224,47.3942047],[8.4128257,47.394182],[8.4128365,47.394162],[8.4128566,47.3941293],[8.4128847,47.3940948],[8.4130141,47.3939632],[8.4132086,47.3937798],[8.4132549,47.3937494],[8.4133018,47.3937285],[8.4133374,47.3937181],[8.413389,47.3937158],[8.4134245,47.3937181],[8.4134668,47.3937226],[8.4135305,47.3937358],[8.413623,47.3937612],[8.413737,47.3937984],[8.4137678,47.3938125],[8.413787,47.3938279],[8.4138101,47.3938488]]}},{"type":"Feature","properties":{"layer":"road_network","edge_id":"13844535279:13844586208:1","source":"13844535279","target":"13844586208","osm_id":"1516195183","highway":"service","access":"","bridge":"","tunnel":"","length_m":16.11},"geometry":{"type":"LineString","coordinates":[[8.4140147,47.3938798],[8.4138885,47.3938488],[8.4138604,47.3938447],[8.4138356,47.3938447],[8.4138101,47.3938488]]}},{"type":"Feature","properties":{"layer":"road_network","edge_id":"13844586208:13844535279:0","source":"13844586208","target":"13844535279","osm_id":"1516195182","highway":"service","access":"","bridge":"","tunnel":"","length_m":220.68},"geometry":{"type":"LineString","coordinates":[[8.4138101,47.3938488],[8.413787,47.3938279],[8.4137678,47.3938125],[8.413737,47.3937984],[8.413623,47.3937612],[8.4135305,47.3937358],[8.4134668,47.3937226],[8.4134245,47.3937181],[8.413389,47.3937158],[8.4133374,47.3937181],[8.4133018,47.3937285],[8.4132549,47.3937494],[8.4132086,47.3937798],[8.4130141,47.3939632],[8.4128847,47.3940948],[8.4128566,47.3941293],[8.4128365,47.394162],[8.4128257,47.394182],[8.4128224,47.3942047],[8.4128284,47.3942247],[8.4128385,47.3942374],[8.4128539,47.3942442],[8.4128841,47.3942501],[8.4129169,47.3942514],[8.4130162,47.3942405],[8.413279,47.3942129],[8.4133112,47.3942101],[8.4133434,47.3942129],[8.4133836,47.3942242],[8.4134359,47.3942473],[8.4134583,47.3942538],[8.4134841,47.3942571],[8.4135092,47.3942549],[8.4135305,47.3942492],[8.4135511,47.3942386],[8.4135777,47.3942187],[8.4136881,47.3941322],[8.4139032,47.3939759],[8.4140147,47.3938798]]}},{"type":"Feature","properties":{"layer":"road_network","edge_id":"13844586208:13844535279:1","source":"13844586208","target":"13844535279","osm_id":"1516195183","highway":"service","access":"","bridge":"","tunnel":"","length_m":16.11},"geometry":{"type":"LineString","coordinates":[[8.4138101,47.3938488],[8.4138356,47.3938447],[8.4138604,47.3938447],[8.4138885,47.3938488],[8.4140147,47.3938798]]}},{"type":"Feature","properties":{"layer":"road_network","edge_id":"13844586208:13844586219:0","source":"13844586208","target":"13844586219","osm_id":"1516195183","highway":"service","access":"","bridge":"","tunnel":"","length_m":36.61},"geometry":{"type":"LineString","coordinates":[[8.4138101,47.3938488],[8.413786,47.3938579],[8.4137632,47.3938719],[8.413743,47.3938906],[8.4136599,47.3939659],[8.413615,47.3940022],[8.4135774,47.3940236],[8.4134674,47.3940776]]}},{"type":"Feature","properties":{"layer":"road_network","edge_id":"13844586209:13844535279:0","source":"13844586209","target":"13844535279","osm_id":"1516195183","highway":"service","access":"","bridge":"","tunnel":"","length_m":6.65},"geometry":{"type":"LineString","coordinates":[[8.4140147,47.3938798],[8.4140991,47.3938974]]}},{"type":"Feature","properties":{"layer":"road_network","edge_id":"13844586209:854807094:0","source":"13844586209","target":"854807094","osm_id":"38911573","highway":"service","access":"","bridge":"","tunnel":"","length_m":24.48},"geometry":{"type":"LineString","coordinates":[[8.4140991,47.3938974],[8.4140803,47.3939332],[8.4140017,47.3941074]]}},{"type":"Feature","properties":{"layer":"road_network","edge_id":"13844586209:462249383:0","source":"13844586209","target":"462249383","osm_id":"38911573","highway":"service","access":"","bridge":"","tunnel":"","length_m":147.57},"geometry":{"type":"LineString","coordinates":[[8.4140991,47.3938974],[8.4141276,47.3938427],[8.4141749,47.3937174],[8.4145563,47.3926072]]}},{"type":"Feature","properties":{"layer":"road_network","edge_id":"13844586219:13844586208:0","source":"13844586219","target":"13844586208","osm_id":"1516195183","highway":"service","access":"","bridge":"","tunnel":"","length_m":36.61},"geometry":{"type":"LineString","coordinates":[[8.4134674,47.3940776],[8.4135774,47.3940236],[8.413615,47.3940022],[8.4136599,47.3939659],[8.413743,47.3938906],[8.4137632,47.3938719],[8.413786,47.3938579],[8.4138101,47.3938488]]}},{"type":"Feature","properties":{"layer":"road_network","edge_id":"14072402355:14072402372:0","source":"14072402355","target":"14072402372","osm_id":"1547173960","highway":"service","access":"","bridge":"","tunnel":"","length_m":20.63},"geometry":{"type":"LineString","coordinates":[[8.4136554,47.3989642],[8.413875,47.3990752]]}},{"type":"Feature","properties":{"layer":"road_network","edge_id":"14072402370:14072402371:0","source":"14072402370","target":"14072402371","osm_id":"1547173959","highway":"service","access":"","bridge":"","tunnel":"","length_m":18.97},"geometry":{"type":"LineString","coordinates":[[8.4120981,47.4000069],[8.4120698,47.3999554],[8.4120902,47.3999118],[8.4120506,47.3998472]]}},{"type":"Feature","properties":{"layer":"road_network","edge_id":"14072402371:7968312903:0","source":"14072402371","target":"7968312903","osm_id":"1382935286","highway":"secondary","access":"","bridge":"","tunnel":"","length_m":30.37},"geometry":{"type":"LineString","coordinates":[[8.4120506,47.3998472],[8.4117939,47.3998993],[8.4116676,47.3999326]]}},{"type":"Feature","properties":{"layer":"road_network","edge_id":"14072402371:14072402370:0","source":"14072402371","target":"14072402370","osm_id":"1547173959","highway":"service","access":"","bridge":"","tunnel":"","length_m":18.97},"geometry":{"type":"LineString","coordinates":[[8.4120506,47.3998472],[8.4120902,47.3999118],[8.4120698,47.3999554],[8.4120981,47.4000069]]}},{"type":"Feature","properties":{"layer":"road_network","edge_id":"14072402372:316822985:0","source":"14072402372","target":"316822985","osm_id":"28817318","highway":"tertiary","access":"","bridge":"","tunnel":"","length_m":27.84},"geometry":{"type":"LineString","coordinates":[[8.4136554,47.3989642],[8.4138664,47.3987586]]}},{"type":"Feature","properties":{"layer":"road_network","edge_id":"14072402372:316822984:0","source":"14072402372","target":"316822984","osm_id":"28817318","highway":"tertiary","access":"","bridge":"","tunnel":"","length_m":4.36},"geometry":{"type":"LineString","coordinates":[[8.4136223,47.3989964],[8.4136554,47.3989642]]}},{"type":"Feature","properties":{"layer":"road_network","edge_id":"14072402372:14072402355:0","source":"14072402372","target":"14072402355","osm_id":"1547173960","highway":"service","access":"","bridge":"","tunnel":"","length_m":20.63},"geometry":{"type":"LineString","coordinates":[[8.4136554,47.3989642],[8.413875,47.3990752]]}},{"type":"Feature","properties":{"layer":"endpoints","endpoint_id":"grid_connection","label":"Representative grid connection","provenance":"synthetic","source":"GridPath synthetic demonstrative endpoint"},"geometry":{"type":"Point","coordinates":[8.4070784,47.4018896]}},{"type":"Feature","properties":{"layer":"endpoints","endpoint_id":"proposed_development","label":"Proposed development","provenance":"synthetic","source":"GridPath synthetic demonstrative endpoint"},"geometry":{"type":"Point","coordinates":[8.4131821,47.3994098]}}]}